user_id,recency,frequency,monetary,total_actions,cluster,cluster_label
98047837,1,28,2216.68,908,5,一般用户
97726136,1,8,658.87,327,1,高价值核心用户
98607707,1,15,884.0,684,1,高价值核心用户
98662432,5,0,0.0,19,3,一般用户
98145908,3,0,0.0,57,2,一般用户
93784494,1,20,1600.46,950,1,高价值核心用户
94832743,4,0,0.0,31,3,一般用户
95290487,1,0,0.0,407,1,高价值核心用户
96610296,7,0,0.0,203,3,一般用户
100684618,1,8,764.73,444,1,高价值核心用户
100509623,2,0,0.0,1393,2,一般用户
101781721,1,1,113.97,147,1,高价值核心用户
103891828,2,0,0.0,1081,2,一般用户
101260672,1,0,0.0,83,1,高价值核心用户
104811265,4,11,830.34,79,3,一般用户
103802946,1,30,1780.13,574,1,高价值核心用户
104221274,1,57,2888.25,2003,5,一般用户
110418606,10,0,0.0,22,3,一般用户
116730636,1,57,1704.19,662,5,一般用户
106230218,4,9,652.89,112,3,一般用户
103582986,1,0,0.0,754,1,高价值核心用户
106557109,1,1,165.08,1288,1,高价值核心用户
110253038,1,2,143.16,201,1,高价值核心用户
116678892,1,12,356.64,381,1,高价值核心用户
103898055,1,0,0.0,179,1,高价值核心用户
107874169,1,47,2231.9,1084,5,一般用户
11087331,2,1,166.03,85,2,一般用户
112296733,1,1,87.2,370,1,高价值核心用户
132252054,1,2,287.95,112,1,高价值核心用户
133088851,6,0,0.0,155,3,一般用户
119732530,5,0,0.0,140,3,一般用户
116071825,2,0,0.0,259,2,一般用户
112131404,1,0,0.0,133,1,高价值核心用户
135099670,1,0,0.0,146,1,高价值核心用户
120154530,2,1,217.25,200,2,一般用户
112707614,1,33,2000.07,700,5,一般用户
112561774,1,0,0.0,172,1,高价值核心用户
135157689,1,177,4349.35,1824,0,一般用户
117155106,3,1,217.25,327,2,一般用户
11268219,1,0,0.0,255,1,高价值核心用户
114147715,2,0,0.0,87,2,一般用户
124926433,1,0,0.0,1489,1,高价值核心用户
115226000,2,11,707.22,144,2,一般用户
10131505,2,0,0.0,202,2,一般用户
117659143,1,7,979.28,1680,1,高价值核心用户
113134393,1,0,0.0,75,1,高价值核心用户
121058789,2,2,71.79,297,2,一般用户
105397406,1,82,4728.01,1079,5,一般用户
118660140,1,1,63.25,50,1,高价值核心用户
123118241,1,12,817.54,133,1,高价值核心用户
108331566,1,0,0.0,88,1,高价值核心用户
120013837,4,0,0.0,309,3,一般用户
123237592,16,25,1524.0,843,3,一般用户
108957791,1,3,343.13,160,1,高价值核心用户
12262752,1,0,0.0,392,1,高价值核心用户
113922474,22,0,0.0,24,3,一般用户
113962885,5,0,0.0,159,3,一般用户
112917606,2,0,0.0,37,2,一般用户
114650712,1,38,2315.64,206,5,一般用户
116217587,1,0,0.0,144,1,高价值核心用户
124016530,1,1,10.0,357,1,高价值核心用户
116746209,1,136,6429.4,1215,0,一般用户
124793990,1,2,310.69,303,1,高价值核心用户
116101597,3,200,5738.03,3260,0,一般用户
129894791,1,1,149.93,1695,1,高价值核心用户
12428085,3,1,10.0,1444,2,一般用户
109410073,3,0,0.0,123,2,一般用户
129177653,1,0,0.0,32,1,高价值核心用户
133933227,1,3,147.09,884,1,高价值核心用户
109687773,2,265,11871.37,933,0,一般用户
126505815,1,0,0.0,4,1,高价值核心用户
128090856,1,1,124.12,605,1,高价值核心用户
136870062,1,25,1342.66,261,1,高价值核心用户
26125683,1,28,2466.78,933,5,一般用户
117973406,1,0,0.0,473,1,高价值核心用户
117903708,1,12,1161.18,1238,1,高价值核心用户
128826910,1,1,133.02,893,1,高价值核心用户
110828957,3,7,636.04,131,2,一般用户
111167137,2,13,827.43,271,2,一般用户
136769457,1,106,5137.09,3147,5,一般用户
118986002,1,7,825.93,914,1,高价值核心用户
114157234,3,0,0.0,270,2,一般用户
124546232,1,31,1704.48,268,1,高价值核心用户
29524082,1,13,555.25,1018,1,高价值核心用户
126768074,1,16,1297.04,344,1,高价值核心用户
114515435,3,236,8558.94,884,0,一般用户
130638372,1,1,144.06,119,1,高价值核心用户
129489291,1,9,961.41,1710,1,高价值核心用户
134979241,13,1,272.25,83,3,一般用户
128108757,1,7,767.89,645,1,高价值核心用户
137359772,1,2,254.03,106,1,高价值核心用户
16788720,1,3,284.9,1442,1,高价值核心用户
123006863,4,0,0.0,988,3,一般用户
117489231,5,0,0.0,5,3,一般用户
11917811,1,2,176.54,336,1,高价值核心用户
119949716,3,0,0.0,301,2,一般用户
117396268,1,45,1887.19,960,5,一般用户
132397628,1,31,1689.62,386,1,高价值核心用户
121006999,1,6,534.51,489,1,高价值核心用户
2967122,1,1,17.02,367,1,高价值核心用户
124729533,1,10,402.97,114,1,高价值核心用户
126685028,1,1,109.57,357,1,高价值核心用户
30590613,6,0,0.0,219,3,一般用户
129675564,4,0,0.0,236,3,一般用户
133789905,3,0,0.0,203,2,一般用户
31735497,1,204,4393.89,1590,0,一般用户
134060411,9,0,0.0,169,3,一般用户
126940947,1,5,437.55,193,1,高价值核心用户
136227449,1,1,26.45,411,1,高价值核心用户
118960775,5,1,179.84,689,3,一般用户
134097431,1,1,217.25,421,1,高价值核心用户
125039447,1,3,53.68,272,1,高价值核心用户
129527037,1,11,761.89,443,1,高价值核心用户
21973088,2,64,5133.74,474,5,一般用户
125409680,13,0,0.0,5,3,一般用户
125547509,1,5,239.35,825,1,高价值核心用户
138843810,1,1,98.92,1863,1,高价值核心用户
134352095,1,3,375.47,267,1,高价值核心用户
22410346,1,0,0.0,155,1,高价值核心用户
129646723,1,0,0.0,247,1,高价值核心用户
13444072,1,4,281.13,184,1,高价值核心用户
1619789,2,0,0.0,242,2,一般用户
22600224,1,45,1894.34,886,5,一般用户
2242451,1,0,0.0,105,1,高价值核心用户
119377973,1,0,0.0,1219,1,高价值核心用户
26372667,2,4,194.12,320,2,一般用户
17883538,1,1,42.78,1802,1,高价值核心用户
135571612,3,0,0.0,37,2,一般用户
130573524,8,0,0.0,30,3,一般用户
13403684,1,75,1818.99,563,5,一般用户
139954377,1,0,0.0,166,1,高价值核心用户
37950224,2,0,0.0,828,2,一般用户
142430177,1,37,2445.78,660,5,一般用户
27428904,2,0,0.0,149,2,一般用户
12931864,1,0,0.0,1043,1,高价值核心用户
28204652,2,3,407.45,166,2,一般用户
135068151,1,1,173.31,325,1,高价值核心用户
2839379,1,7,606.66,154,1,高价值核心用户
30717687,2,13,1001.95,369,2,一般用户
31997910,3,132,5281.99,400,0,一般用户
19985990,1,1,130.06,356,1,高价值核心用户
138008005,2,0,0.0,723,2,一般用户
3914310,1,6,178.9,168,1,高价值核心用户
41200428,4,0,0.0,106,3,一般用户
140781295,1,2,274.66,505,1,高价值核心用户
47328088,1,272,5911.19,2581,0,一般用户
34611680,1,0,0.0,558,1,高价值核心用户
135731834,2,1,109.76,386,2,一般用户
23796078,1,3,266.71,71,1,高价值核心用户
41449959,1,7,914.68,262,1,高价值核心用户
25211339,1,0,0.0,192,1,高价值核心用户
120698986,4,15,1046.71,218,3,一般用户
42427256,2,0,0.0,394,2,一般用户
2695854,1,135,6561.28,592,0,一般用户
12619319,1,52,2115.41,478,5,一般用户
13851244,2,0,0.0,84,2,一般用户
142081324,1,1,209.89,1433,1,高价值核心用户
142306361,1,0,0.0,311,1,高价值核心用户
17220524,3,0,0.0,27,2,一般用户
18165710,1,3,28.97,106,1,高价值核心用户
35354529,1,0,0.0,196,1,高价值核心用户
19132982,1,38,2437.59,928,5,一般用户
20536795,7,1,86.0,123,3,一般用户
52853607,1,5,164.58,437,1,高价值核心用户
36404374,1,0,0.0,504,1,高价值核心用户
43022968,1,14,1015.37,559,1,高价值核心用户
25455279,1,228,7494.45,1251,0,一般用户
133113110,1,35,1630.91,243,1,高价值核心用户
39880792,1,37,2718.72,631,5,一般用户
54575694,1,14,445.77,1025,1,高价值核心用户
139145544,1,191,5171.55,1297,0,一般用户
23235438,1,21,1456.44,731,1,高价值核心用户
53899840,1,0,0.0,526,1,高价值核心用户
39531225,6,0,0.0,28,3,一般用户
42986678,1,1,178.04,555,1,高价值核心用户
4361577,1,19,1270.39,2666,1,高价值核心用户
2590763,1,104,3359.73,519,5,一般用户
18375113,1,0,0.0,1044,1,高价值核心用户
54482567,1,1,62.32,16,1,高价值核心用户
58849452,2,92,3441.11,1200,5,一般用户
27049458,2,11,731.23,194,2,一般用户
47548482,1,10,1031.72,472,1,高价值核心用户
56800934,1,63,3819.85,761,5,一般用户
28962754,1,1,79.29,426,1,高价值核心用户
16407705,1,3,225.57,987,1,高价值核心用户
31751984,1,2,217.25,316,1,高价值核心用户
50616987,8,9,960.66,110,3,一般用户
52655107,22,0,0.0,26,3,一般用户
58581609,1,246,7608.88,3118,0,一般用户
3350428,1,22,1497.92,358,1,高价值核心用户
38227021,2,19,984.95,404,2,一般用户
57275898,1,1,10.0,492,1,高价值核心用户
33535844,1,5,636.77,823,1,高价值核心用户
40456641,1,4,562.1,626,1,高价值核心用户
2814416,1,44,1740.23,524,5,一般用户
57190135,1,44,2584.61,680,5,一般用户
60058718,2,0,0.0,137,2,一般用户
60301498,3,9,514.0,275,2,一般用户
60988267,3,5,356.46,247,2,一般用户
30592468,10,0,0.0,19,3,一般用户
35428862,1,2,472.13,639,1,高价值核心用户
61740927,2,3,236.65,473,2,一般用户
29321251,1,1,176.32,161,1,高价值核心用户
67077817,2,1,152.11,442,2,一般用户
414388,1,0,0.0,169,1,高价值核心用户
41979181,1,5,589.13,744,1,高价值核心用户
62585019,3,1,58.54,52,2,一般用户
62901515,2,0,0.0,33,2,一般用户
63281686,3,2,249.94,492,2,一般用户
32198657,1,1,165.75,1966,1,高价值核心用户
43409746,1,12,857.22,199,1,高价值核心用户
71386658,1,2,355.96,259,1,高价值核心用户
44073291,7,29,920.26,178,3,一般用户
45163199,6,0,0.0,28,3,一般用户
50706256,1,0,0.0,167,1,高价值核心用户
6776778,2,1,177.07,410,2,一般用户
4597166,1,1,107.97,105,1,高价值核心用户
7175674,1,0,0.0,482,1,高价值核心用户
49893764,1,4,508.49,820,1,高价值核心用户
44444422,5,26,1500.64,537,3,一般用户
52411237,3,2,72.44,323,2,一般用户
52116816,1,2,230.69,1002,1,高价值核心用户
65438079,1,58,4140.78,1905,5,一般用户
70517996,1,68,4585.54,1417,5,一般用户
45094965,2,0,0.0,251,2,一般用户
55588786,1,6,772.34,167,1,高价值核心用户
84638310,1,6,302.79,472,1,高价值核心用户
50088028,5,0,0.0,383,3,一般用户
58207688,3,2,109.25,119,2,一般用户
59767111,1,4,310.19,89,1,高价值核心用户
60695400,1,0,0.0,490,1,高价值核心用户
87960257,2,11,599.54,179,2,一般用户
88826481,1,1,59.86,183,1,高价值核心用户
52431232,3,0,0.0,155,2,一般用户
55561552,2,1,103.91,313,2,一般用户
57672659,1,2,109.72,418,1,高价值核心用户
90465249,3,0,0.0,116,2,一般用户
52772551,1,188,6890.34,7181,0,一般用户
36648599,2,0,0.0,52,2,一般用户
8977686,2,1,129.69,375,2,一般用户
41037826,1,0,0.0,466,1,高价值核心用户
93246537,1,1,10.0,812,1,高价值核心用户
6347508,1,8,820.88,301,1,高价值核心用户
56491938,1,121,3701.68,1005,5,一般用户
5786807,1,25,1281.78,475,1,高价值核心用户
89946731,3,0,0.0,122,2,一般用户
65400270,6,1,126.09,133,3,一般用户
42461054,2,0,0.0,406,2,一般用户
90996726,2,6,585.63,460,2,一般用户
67236570,1,0,0.0,67,1,高价值核心用户
77119566,1,87,3116.03,507,5,一般用户
58333326,4,1,46.99,158,3,一般用户
6966107,1,1,85.15,173,1,高价值核心用户
46482511,1,1,217.25,781,1,高价值核心用户
57499087,2,3,217.84,834,2,一般用户
9835014,2,5,234.63,503,2,一般用户
104792616,1,72,2987.57,1665,5,一般用户
61247967,2,1,152.02,207,2,一般用户
70972602,3,0,0.0,678,2,一般用户
91451574,8,0,0.0,164,3,一般用户
61948623,1,0,0.0,851,1,高价值核心用户
69428014,1,4,268.34,751,1,高价值核心用户
95996140,3,1,165.75,390,2,一般用户
79947662,1,12,1114.64,420,1,高价值核心用户
4763932,3,0,0.0,155,2,一般用户
54233520,1,0,0.0,439,1,高价值核心用户
61440941,1,0,0.0,140,1,高价值核心用户
62177780,1,0,0.0,809,1,高价值核心用户
63830172,11,0,0.0,68,3,一般用户
74552997,1,76,2688.75,1001,5,一般用户
66535302,2,1,126.09,993,2,一般用户
81165817,1,0,0.0,294,1,高价值核心用户
74192645,1,0,0.0,166,1,高价值核心用户
59167469,2,1,177.07,311,2,一般用户
76568368,1,4,501.4,906,1,高价值核心用户
8439431,2,34,970.08,433,2,一般用户
63080911,1,25,1621.55,422,1,高价值核心用户
9829940,2,2,358.45,367,2,一般用户
101828235,1,2,300.15,666,1,高价值核心用户
79057120,1,1,177.07,1000,1,高价值核心用户
69510643,3,0,0.0,15,2,一般用户
11035036,1,1,15.38,263,1,高价值核心用户
71796341,1,1,98.92,432,1,高价值核心用户
75026568,1,62,3869.83,317,5,一般用户
73414621,4,0,0.0,107,3,一般用户
77496714,1,0,0.0,582,1,高价值核心用户
110664771,1,81,4509.06,790,5,一般用户
76689348,2,0,0.0,289,2,一般用户
98798352,1,16,884.04,849,1,高价值核心用户
100637858,1,129,3924.28,2589,5,一般用户
76930958,1,0,0.0,1062,1,高价值核心用户
104411157,3,0,0.0,124,2,一般用户
84059253,8,0,0.0,107,3,一般用户
8973625,1,15,1402.5,332,1,高价值核心用户
105069110,1,121,3262.03,1208,5,一般用户
91256329,2,1,152.97,371,2,一般用户
82471776,1,2,10.0,226,1,高价值核心用户
86369786,1,3,418.55,179,1,高价值核心用户
82532353,1,10,641.67,188,1,高价值核心用户
92645331,1,20,1065.7,650,1,高价值核心用户
83073587,1,3,369.99,2797,1,高价值核心用户
110666558,16,0,0.0,262,3,一般用户
97389266,1,0,0.0,2340,1,高价值核心用户
101903161,1,124,5774.63,817,0,一般用户
111714241,2,1,10.0,214,2,一般用户
83313393,1,6,583.38,387,1,高价值核心用户
97272650,1,0,0.0,144,1,高价值核心用户
97464808,1,344,8108.44,3353,0,一般用户
112063876,2,1,240.18,256,2,一般用户
106021995,2,1,92.32,120,2,一般用户
113370250,1,5,315.6,557,1,高价值核心用户
88679022,4,3,201.89,110,3,一般用户
110497780,14,1,58.89,23,3,一般用户
111240351,4,0,0.0,142,3,一般用户
91687665,3,1,10.0,340,2,一般用户
102827853,1,3,424.63,1455,1,高价值核心用户
114008857,1,19,1472.98,291,1,高价值核心用户
83531230,1,0,0.0,352,1,高价值核心用户
100273837,1,2,117.13,172,1,高价值核心用户
97425189,1,41,3371.45,750,5,一般用户
101359759,2,0,0.0,290,2,一般用户
116113058,1,29,1078.44,426,1,高价值核心用户
11414403,1,1,36.25,476,1,高价值核心用户
10480818,1,0,0.0,314,1,高价值核心用户
103325972,2,0,0.0,281,2,一般用户
120323515,1,55,1433.47,181,1,高价值核心用户
108355591,4,2,242.0,205,3,一般用户
11719180,4,0,0.0,97,3,一般用户
104859881,1,6,536.21,78,1,高价值核心用户
99792011,2,3,130.81,259,2,一般用户
102057111,1,6,559.77,203,1,高价值核心用户
118057214,1,1,408.22,152,1,高价值核心用户
122253338,1,0,0.0,23,1,高价值核心用户
110883373,1,190,9272.84,4626,0,一般用户
131554806,2,4,116.71,408,2,一般用户
86299044,1,2,492.39,188,1,高价值核心用户
131766510,7,0,0.0,71,3,一般用户
110954163,1,77,3212.49,2327,5,一般用户
54052732,2,0,0.0,111,2,一般用户
105006722,1,0,0.0,84,1,高价值核心用户
136374136,1,53,1969.87,765,5,一般用户
104007279,1,11,967.17,161,1,高价值核心用户
59833454,1,10,368.13,120,1,高价值核心用户
90984412,1,4,88.72,211,1,高价值核心用户
10580879,6,3,126.55,159,3,一般用户
78692954,1,0,0.0,316,1,高价值核心用户
137115052,1,86,5082.41,786,5,一般用户
104551817,1,1,126.09,152,1,高价值核心用户
110285639,19,0,0.0,15,3,一般用户
114287271,2,1,141.76,260,2,一般用户
93383888,1,0,0.0,701,1,高价值核心用户
1112140,1,0,0.0,219,1,高价值核心用户
78888823,1,95,3361.98,1639,5,一般用户
119625026,1,2,22.72,178,1,高价值核心用户
115809291,2,0,0.0,111,2,一般用户
118056074,3,0,0.0,176,2,一般用户
13683475,1,0,0.0,171,1,高价值核心用户
120977495,1,13,938.22,883,1,高价值核心用户
141582467,1,15,1030.38,595,1,高价值核心用户
11944953,3,0,0.0,129,2,一般用户
97146302,1,0,0.0,114,1,高价值核心用户
137204928,1,70,2111.04,2217,5,一般用户
132800946,1,0,0.0,245,1,高价值核心用户
135196347,1,8,514.69,422,1,高价值核心用户
97589149,1,1,97.8,231,1,高价值核心用户
106341626,4,0,0.0,449,3,一般用户
122579585,2,9,202.06,453,2,一般用户
20487789,2,4,650.49,449,2,一般用户
97891315,4,0,0.0,91,3,一般用户
12731267,1,1,81.94,498,1,高价值核心用户
13625542,1,11,543.49,86,1,高价值核心用户
110122107,2,1,116.71,128,2,一般用户
139961106,1,0,0.0,1201,1,高价值核心用户
9695904,1,8,636.83,797,1,高价值核心用户
100279459,1,127,5108.11,740,5,一般用户
114290242,1,2,151.34,376,1,高价值核心用户
21266227,1,0,0.0,273,1,高价值核心用户
130998493,1,0,0.0,148,1,高价值核心用户
85116533,3,0,0.0,37,2,一般用户
93357727,2,6,610.98,193,2,一般用户
25871996,2,22,1834.02,794,2,一般用户
19803129,3,18,1033.49,765,2,一般用户
112549071,1,9,1315.42,1027,1,高价值核心用户
122803562,5,0,0.0,372,3,一般用户
97067484,1,61,3323.21,982,5,一般用户
105256165,2,2,57.44,80,2,一般用户
108371838,1,0,0.0,61,1,高价值核心用户
20320170,2,36,3154.84,230,5,一般用户
109128473,1,9,777.96,393,1,高价值核心用户
134508917,1,2,290.05,73,1,高价值核心用户
139991891,4,0,0.0,105,3,一般用户
22101245,1,1,155.86,276,1,高价值核心用户
18970782,1,3,103.18,1577,1,高价值核心用户
24313362,3,231,8584.31,1036,0,一般用户
111850848,1,2,20.0,433,1,高价值核心用户
28116055,1,94,3057.06,1152,5,一般用户
2379445,1,2,88.94,272,1,高价值核心用户
97675473,3,0,0.0,72,2,一般用户
113010441,3,10,503.75,380,2,一般用户
122915570,1,33,3120.42,438,5,一般用户
138315730,2,0,0.0,194,2,一般用户
24132976,1,14,1786.08,498,1,高价值核心用户
138434510,2,0,0.0,268,2,一般用户
11552428,1,124,4797.55,968,5,一般用户
11119577,1,37,1922.55,473,5,一般用户
24540552,1,0,0.0,35,1,高价值核心用户
25672992,1,0,0.0,29,1,高价值核心用户
125083491,1,46,3368.01,1099,5,一般用户
26949426,1,20,1582.83,1624,1,高价值核心用户
141116365,1,2,334.92,246,1,高价值核心用户
25994909,4,45,1816.58,834,3,一般用户
39280271,1,1,217.25,233,1,高价值核心用户
112913274,1,0,0.0,28,1,高价值核心用户
11618257,1,0,0.0,326,1,高价值核心用户
14982762,1,0,0.0,815,1,高价值核心用户
96074992,1,0,0.0,60,1,高价值核心用户
101010836,1,0,0.0,538,1,高价值核心用户
40543017,7,1,10.0,94,3,一般用户
51053646,1,44,2772.51,464,5,一般用户
125667859,2,0,0.0,161,2,一般用户
21362103,1,1,299.44,452,1,高价值核心用户
33005419,1,0,0.0,94,1,高价值核心用户
132564529,1,3,276.99,743,1,高价值核心用户
44961770,12,0,0.0,19,3,一般用户
5786548,2,3,446.67,208,2,一般用户
122807356,1,0,0.0,120,1,高价值核心用户
54254339,1,32,1101.67,482,1,高价值核心用户
124882030,1,12,781.61,75,1,高价值核心用户
71611159,1,42,1884.31,1420,5,一般用户
23341818,1,4,359.66,605,1,高价值核心用户
10773940,1,1,10.0,980,1,高价值核心用户
127479589,2,1,213.57,129,2,一般用户
13248817,1,4,249.13,524,1,高价值核心用户
20774699,2,0,0.0,67,2,一般用户
126094939,1,1,108.75,407,1,高价值核心用户
22207490,1,0,0.0,159,1,高价值核心用户
32353000,7,0,0.0,56,3,一般用户
32432926,1,6,742.31,512,1,高价值核心用户
132627681,1,122,4632.25,474,5,一般用户
23793674,2,0,0.0,341,2,一般用户
58757200,10,4,294.57,91,3,一般用户
131790847,1,85,3922.01,1503,5,一般用户
28104706,6,0,0.0,157,3,一般用户
62546002,4,15,697.51,112,3,一般用户
138551234,6,5,500.02,110,3,一般用户
34358449,2,50,2730.59,568,5,一般用户
73424303,1,0,0.0,1306,1,高价值核心用户
28415553,1,10,1148.29,213,1,高价值核心用户
17931946,17,0,0.0,56,3,一般用户
135802457,1,16,1042.33,718,1,高价值核心用户
19015156,1,21,1312.26,191,1,高价值核心用户
112747871,13,0,0.0,9,3,一般用户
33544881,1,0,0.0,688,1,高价值核心用户
1156843,1,0,0.0,1038,1,高价值核心用户
2242773,1,1,165.75,738,1,高价值核心用户
2913602,1,8,659.99,750,1,高价值核心用户
37563035,1,1,42.57,176,1,高价值核心用户
137428887,2,2,203.44,151,2,一般用户
41786809,1,2,90.08,223,1,高价值核心用户
1963813,3,5,441.72,264,2,一般用户
42677791,2,0,0.0,363,2,一般用户
75500533,1,6,518.81,2311,1,高价值核心用户
13817021,4,0,0.0,72,3,一般用户
35071707,2,5,88.94,147,2,一般用户
138666658,2,2,69.86,64,2,一般用户
23958465,1,151,5896.53,4013,0,一般用户
22158762,1,28,672.05,803,1,高价值核心用户
139263046,1,4,308.88,274,1,高价值核心用户
29383294,1,2,169.54,1828,1,高价值核心用户
35217215,2,43,2299.03,269,2,一般用户
83978856,1,0,0.0,286,1,高价值核心用户
11683492,1,74,3705.16,1405,5,一般用户
4524349,1,2,184.58,642,1,高价值核心用户
36471333,2,1,98.92,493,2,一般用户
84289150,1,11,760.23,728,1,高价值核心用户
140515194,1,14,1134.05,401,1,高价值核心用户
365699,1,0,0.0,381,1,高价值核心用户
141187200,1,4,445.76,411,1,高价值核心用户
53688809,1,0,0.0,220,1,高价值核心用户
263670,1,1,62.74,301,1,高价值核心用户
85837173,4,0,0.0,47,3,一般用户
86034641,1,8,711.81,352,1,高价值核心用户
55456593,10,0,0.0,34,3,一般用户
40719208,1,1,97.04,679,1,高价值核心用户
55721608,1,2,360.82,193,1,高价值核心用户
2675166,1,0,0.0,716,1,高价值核心用户
142168798,1,138,6773.38,1291,0,一般用户
55948598,1,0,0.0,505,1,高价值核心用户
87658501,1,157,3666.11,3302,5,一般用户
43136382,1,0,0.0,1151,1,高价值核心用户
126555406,1,5,714.82,235,1,高价值核心用户
62225943,4,2,363.37,390,3,一般用户
27502638,2,0,0.0,148,2,一般用户
13056340,2,0,0.0,245,2,一般用户
30025213,3,3,199.48,44,2,一般用户
29332454,24,2,151.06,15,3,一般用户
29888146,5,0,0.0,48,3,一般用户
3162324,1,1,139.74,460,1,高价值核心用户
3460631,4,0,0.0,287,3,一般用户
130890986,3,0,0.0,124,2,一般用户
139904361,3,1,151.82,135,2,一般用户
71237773,1,2,245.65,144,1,高价值核心用户
33797179,1,8,906.8,2958,1,高价值核心用户
4053567,1,33,1102.07,1231,1,高价值核心用户
16906970,1,1,24.85,650,1,高价值核心用户
14946743,2,20,1402.76,130,2,一般用户
82902886,1,0,0.0,967,1,高价值核心用户
72480854,2,0,0.0,20,2,一般用户
72512616,7,0,0.0,147,3,一般用户
17377868,4,2,47.87,140,3,一般用户
73870155,1,142,7136.33,1888,0,一般用户
44806939,1,1,74.24,2244,1,高价值核心用户
1805148,2,0,0.0,613,2,一般用户
2077849,16,0,0.0,25,3,一般用户
24123047,1,0,0.0,318,1,高价值核心用户
24792310,1,7,579.87,120,1,高价值核心用户
85897722,3,0,0.0,33,2,一般用户
31557701,2,10,443.21,388,2,一般用户
89953582,2,3,311.73,106,2,一般用户
25406015,2,1,64.28,189,2,一般用户
19447970,1,125,3823.32,1055,5,一般用户
95118455,1,76,3806.9,2219,5,一般用户
26857141,1,69,3670.09,3361,5,一般用户
31729893,2,2,157.26,334,2,一般用户
44479518,1,19,1243.85,1015,1,高价值核心用户
34202353,1,0,0.0,174,1,高价值核心用户
34933963,1,0,0.0,407,1,高价值核心用户
20560924,1,2,170.36,1075,1,高价值核心用户
90331505,3,144,3401.5,2662,5,一般用户
55766107,9,0,0.0,118,3,一般用户
81049962,2,0,0.0,77,2,一般用户
37474821,2,0,0.0,8,2,一般用户
39128743,1,0,0.0,200,1,高价值核心用户
56886732,1,2,82.92,1068,1,高价值核心用户
9087115,3,13,772.48,157,2,一般用户
91339068,1,30,1677.47,2880,1,高价值核心用户
39602501,1,3,233.44,337,1,高价值核心用户
42601828,1,1,99.27,153,1,高价值核心用户
45616833,1,0,0.0,206,1,高价值核心用户
43056888,2,0,0.0,112,2,一般用户
49396813,1,0,0.0,744,1,高价值核心用户
45824154,1,0,0.0,458,1,高价值核心用户
21089878,1,1,107.77,377,1,高价值核心用户
37238566,2,2,259.52,357,2,一般用户
5710300,1,1,42.52,199,1,高价值核心用户
21363716,1,0,0.0,927,1,高价值核心用户
62806088,3,0,0.0,16,2,一般用户
96229323,1,72,2670.95,662,5,一般用户
65043683,2,14,740.13,405,2,一般用户
52610714,1,11,523.3,1045,1,高价值核心用户
41825235,2,2,61.26,67,2,一般用户
45473276,1,0,0.0,1883,1,高价值核心用户
5837961,1,232,5986.73,1981,0,一般用户
68692842,1,24,881.22,291,1,高价值核心用户
21983803,1,0,0.0,234,1,高价值核心用户
73527596,10,0,0.0,12,3,一般用户
764564,1,1,20.13,274,1,高价值核心用户
26438512,1,28,2092.97,483,5,一般用户
82738686,1,56,1773.59,513,5,一般用户
99220005,1,6,438.54,202,1,高价值核心用户
111800667,2,21,1509.64,266,2,一般用户
35074988,2,2,154.55,213,2,一般用户
54204561,1,2,57.55,640,1,高价值核心用户
96187787,1,24,1367.99,582,1,高价值核心用户
113692463,1,92,2729.33,989,5,一般用户
35644209,4,27,1264.64,201,3,一般用户
90633993,1,0,0.0,360,1,高价值核心用户
39544337,2,4,243.44,588,2,一般用户
33956087,2,2,217.32,669,2,一般用户
82740589,2,5,658.85,220,2,一般用户
68161467,1,42,2296.6,178,5,一般用户
97132998,5,0,0.0,31,3,一般用户
68362875,8,0,0.0,214,3,一般用户
98104964,6,0,0.0,50,3,一般用户
72391099,2,18,1017.09,164,2,一般用户
89901261,1,4,649.68,1012,1,高价值核心用户
73455580,1,58,2309.03,1819,5,一般用户
52394552,1,4,577.52,340,1,高价值核心用户
74228493,2,0,0.0,58,2,一般用户
74554840,4,4,191.43,186,3,一般用户
62764948,1,308,6360.0,1728,0,一般用户
97176571,1,0,0.0,175,1,高价值核心用户
104939761,1,7,694.08,405,1,高价值核心用户
3512329,1,145,5700.06,1396,0,一般用户
114734197,2,66,3667.21,959,5,一般用户
75631135,1,0,0.0,139,1,高价值核心用户
54598175,1,1,165.75,155,1,高价值核心用户
78898649,1,25,1779.71,1589,1,高价值核心用户
57122531,1,2,294.88,9,1,高价值核心用户
73676533,1,1,123.69,52,1,高价值核心用户
77128530,1,0,0.0,49,1,高价值核心用户
107109917,5,11,461.01,223,3,一般用户
77528436,1,69,2840.08,700,5,一般用户
90958308,1,44,3221.62,343,5,一般用户
10921017,11,0,0.0,2,3,一般用户
109257851,9,2,228.75,379,3,一般用户
92098413,1,2,365.55,539,1,高价值核心用户
116567678,2,1,94.17,528,2,一般用户
82945911,1,60,3020.16,944,5,一般用户
117554302,1,22,723.2,199,1,高价值核心用户
117694161,1,0,0.0,323,1,高价值核心用户
92706593,1,486,16101.81,3100,6,一般用户
40826918,2,3,201.75,626,2,一般用户
77392405,1,1,97.88,145,1,高价值核心用户
120613535,3,1,99.27,130,2,一般用户
68158918,1,1,99.27,173,1,高价值核心用户
83425764,1,17,1051.49,414,1,高价值核心用户
82924944,2,0,0.0,55,2,一般用户
118911721,1,38,3406.6,339,5,一般用户
85438708,1,17,987.34,327,1,高价值核心用户
84340253,2,2,177.07,468,2,一般用户
121456686,1,1,176.32,227,1,高价值核心用户
68516560,1,2,155.58,381,1,高价值核心用户
9357811,1,22,1321.94,486,1,高价值核心用户
120925583,6,0,0.0,30,3,一般用户
121498660,2,0,0.0,173,2,一般用户
132231447,1,1,119.36,1068,1,高价值核心用户
8785103,5,0,0.0,27,3,一般用户
89105765,2,3,226.23,377,2,一般用户
41745786,1,0,0.0,663,1,高价值核心用户
99851929,1,2,57.06,431,1,高价值核心用户
111474212,12,1,95.98,118,3,一般用户
134319759,1,18,543.75,420,1,高价值核心用户
112401993,1,1,232.9,354,1,高价值核心用户
84744429,1,0,0.0,44,1,高价值核心用户
87119704,1,57,2711.55,1308,5,一般用户
75371091,2,0,0.0,286,2,一般用户
90326641,1,0,0.0,433,1,高价值核心用户
95720451,1,14,1506.2,631,1,高价值核心用户
104533434,1,0,0.0,258,1,高价值核心用户
136677136,2,0,0.0,228,2,一般用户
114351223,1,0,0.0,616,1,高价值核心用户
4174826,1,184,9729.26,492,0,一般用户
76181117,2,0,0.0,205,2,一般用户
120088923,1,5,400.81,649,1,高价值核心用户
93850991,1,0,0.0,548,1,高价值核心用户
21787418,1,0,0.0,404,1,高价值核心用户
77443046,1,236,5003.65,2366,0,一般用户
42227520,1,0,0.0,434,1,高价值核心用户
22378126,1,21,1533.88,457,1,高价值核心用户
13327410,1,0,0.0,297,1,高价值核心用户
121325088,1,28,2120.38,284,5,一般用户
95014110,2,1,34.35,104,2,一般用户
123257526,1,8,699.69,151,1,高价值核心用户
96631076,1,0,0.0,202,1,高价值核心用户
43445641,1,92,3549.39,524,5,一般用户
140910777,1,9,1010.22,162,1,高价值核心用户
133519239,1,0,0.0,96,1,高价值核心用户
126683432,2,7,676.37,86,2,一般用户
89384841,1,24,1310.11,979,1,高价值核心用户
23223121,1,1,38.16,295,1,高价值核心用户
96985981,1,0,0.0,152,1,高价值核心用户
131021395,3,13,1193.86,138,2,一般用户
141143284,3,5,446.78,1175,2,一般用户
139061840,2,5,397.99,180,2,一般用户
134658,1,0,0.0,142,1,高价值核心用户
15289217,1,0,0.0,147,1,高价值核心用户
138387712,1,62,1825.3,1479,5,一般用户
20653615,1,8,629.07,802,1,高价值核心用户
24466657,1,16,615.76,203,1,高价值核心用户
4716732,1,30,1677.13,224,1,高价值核心用户
24808643,1,23,1246.61,322,1,高价值核心用户
48059114,1,4,513.09,403,1,高价值核心用户
99364125,2,1,119.36,150,2,一般用户
101664376,1,17,1301.11,851,1,高价值核心用户
29285910,1,26,2192.1,310,5,一般用户
56878355,1,2,383.98,246,1,高价值核心用户
24118436,3,10,727.29,406,2,一般用户
30075660,4,0,0.0,115,3,一般用户
60944296,1,4,413.26,162,1,高价值核心用户
32303347,2,37,2752.67,990,5,一般用户
22425841,1,1,140.45,311,1,高价值核心用户
9290733,1,34,2386.7,1592,5,一般用户
6247427,1,110,4016.13,547,5,一般用户
26391467,3,0,0.0,262,2,一般用户
22525341,1,22,1367.48,308,1,高价值核心用户
102049484,1,0,0.0,274,1,高价值核心用户
69289834,2,2,109.72,196,2,一般用户
33077425,1,82,3597.53,1754,5,一般用户
74418729,1,3,395.82,644,1,高价值核心用户
104427635,1,0,0.0,384,1,高价值核心用户
106640087,1,2,20.0,127,1,高价值核心用户
25249494,8,1,62.44,273,3,一般用户
99641114,2,0,0.0,5,2,一般用户
10075065,1,6,693.22,260,1,高价值核心用户
71146691,1,126,2852.13,805,5,一般用户
109597580,1,3,479.73,883,1,高价值核心用户
104815377,3,26,1461.05,534,2,一般用户
29685853,4,0,0.0,401,3,一般用户
111768420,1,2,192.5,1407,1,高价值核心用户
32510862,1,0,0.0,100,1,高价值核心用户
15171548,1,45,2014.5,2108,5,一般用户
33685148,1,3,200.36,160,1,高价值核心用户
40917063,1,1,96.25,444,1,高价值核心用户
29878513,1,6,418.45,653,1,高价值核心用户
72023066,1,1,47.06,320,1,高价值核心用户
9299440,1,0,0.0,25,1,高价值核心用户
126014360,1,52,2267.03,700,5,一般用户
109809829,1,15,444.73,446,1,高价值核心用户
74224190,2,0,0.0,339,2,一般用户
43622802,1,0,0.0,239,1,高价值核心用户
29983125,3,31,2321.26,340,2,一般用户
60641267,1,2,356.43,69,1,高价值核心用户
35927774,9,0,0.0,7,3,一般用户
3987745,1,2,102.27,220,1,高价值核心用户
68187441,1,8,630.74,412,1,高价值核心用户
111144279,1,0,0.0,616,1,高价值核心用户
75149023,1,3,385.41,593,1,高价值核心用户
92848895,7,3,300.11,307,3,一般用户
100737108,1,2,372.46,609,1,高价值核心用户
30596156,3,0,0.0,206,2,一般用户
40873042,3,0,0.0,303,2,一般用户
132966536,1,87,2814.66,963,5,一般用户
72782938,2,2,245.64,72,2,一般用户
35919625,1,13,1136.6,199,1,高价值核心用户
115153145,3,0,0.0,590,2,一般用户
17020394,1,88,2746.06,1129,5,一般用户
77840706,1,0,0.0,119,1,高价值核心用户
42049337,1,58,4421.34,1031,5,一般用户
112941292,1,53,2350.59,876,5,一般用户
104735935,1,88,2902.84,2000,5,一般用户
77822835,3,15,1052.92,753,2,一般用户
79990361,1,28,1039.23,745,1,高价值核心用户
38141991,1,128,5005.62,1211,5,一般用户
115340399,25,1,137.72,6,3,一般用户
116746068,6,0,0.0,102,3,一般用户
113611355,1,1,112.03,42,1,高价值核心用户
119191477,1,59,2409.45,1253,5,一般用户
133664832,2,0,0.0,69,2,一般用户
116566844,1,9,681.89,285,1,高价值核心用户
141453769,1,1,40.22,471,1,高价值核心用户
8820897,1,2,120.68,499,1,高价值核心用户
89583416,1,3,362.14,298,1,高价值核心用户
117196810,15,0,0.0,48,3,一般用户
126665202,1,0,0.0,358,1,高价值核心用户
14509184,7,0,0.0,219,3,一般用户
18597404,1,209,4921.67,1101,0,一般用户
88364207,3,21,938.26,98,2,一般用户
43522898,1,0,0.0,150,1,高价值核心用户
44738368,1,1,165.75,691,1,高价值核心用户
91933622,1,0,0.0,91,1,高价值核心用户
91284462,1,0,0.0,101,1,高价值核心用户
20692433,5,0,0.0,186,3,一般用户
92984080,1,44,1277.15,472,1,高价值核心用户
9268980,3,0,0.0,72,2,一般用户
16755897,1,59,2350.23,381,5,一般用户
44446177,1,0,0.0,166,1,高价值核心用户
86523709,2,4,551.03,535,2,一般用户
103377341,1,1,55.58,236,1,高价值核心用户
25020664,1,89,5925.17,938,5,一般用户
49189791,1,2,177.07,693,1,高价值核心用户
112938311,2,43,2200.14,817,2,一般用户
20293501,5,28,1109.57,407,3,一般用户
93946162,1,3,216.49,129,1,高价值核心用户
107223716,1,2,167.8,510,1,高价值核心用户
48867580,1,0,0.0,837,1,高价值核心用户
12070973,2,0,0.0,38,2,一般用户
121469302,5,5,555.07,69,3,一般用户
124080537,2,0,0.0,275,2,一般用户
94767766,17,1,137.86,159,3,一般用户
105969268,1,0,0.0,225,1,高价值核心用户
23770338,5,0,0.0,428,3,一般用户
25040950,7,300,12013.58,1335,0,一般用户
50099861,2,2,298.48,170,2,一般用户
29381952,1,0,0.0,394,1,高价值核心用户
108054413,1,0,0.0,17,1,高价值核心用户
126205267,4,1,57.94,275,3,一般用户
109597718,3,0,0.0,232,2,一般用户
53933746,2,0,0.0,191,2,一般用户
107377446,1,8,621.39,2638,1,高价值核心用户
50066882,1,0,0.0,583,1,高价值核心用户
26831040,1,0,0.0,401,1,高价值核心用户
110601488,1,24,1337.48,395,1,高价值核心用户
61626894,2,180,4145.51,1528,0,一般用户
136091846,1,0,0.0,41,1,高价值核心用户
138390959,1,31,1389.99,975,1,高价值核心用户
36760677,2,1,179.84,75,2,一般用户
115754252,1,1,161.39,325,1,高价值核心用户
41753507,1,1,107.97,167,1,高价值核心用户
112382240,1,165,2793.29,1293,5,一般用户
30869439,1,73,2976.29,426,5,一般用户
58727397,1,4,480.49,215,1,高价值核心用户
41789801,1,28,1704.89,199,1,高价值核心用户
1183504,1,147,6664.01,1187,0,一般用户
37008188,2,0,0.0,329,2,一般用户
5838287,1,0,0.0,266,1,高价值核心用户
67477912,1,2,277.18,177,1,高价值核心用户
31192881,2,0,0.0,60,2,一般用户
3166978,1,1,115.92,494,1,高价值核心用户
74578437,2,0,0.0,650,2,一般用户
58422836,1,2,260.98,393,1,高价值核心用户
18913329,8,10,1308.41,434,3,一般用户
39841304,2,83,4025.8,738,5,一般用户
66637372,1,0,0.0,256,1,高价值核心用户
4232880,10,12,771.41,238,3,一般用户
83269367,1,1,234.11,365,1,高价值核心用户
20264430,1,51,3126.86,2301,5,一般用户
62034800,1,2,302.49,258,1,高价值核心用户
67872611,1,0,0.0,44,1,高价值核心用户
7030262,3,2,108.92,443,2,一般用户
107952284,1,4,442.63,805,1,高价值核心用户
114494540,2,0,0.0,92,2,一般用户
46455628,1,0,0.0,151,1,高价值核心用户
119793858,2,108,2632.22,891,5,一般用户
53119472,1,0,0.0,125,1,高价值核心用户
43051852,1,54,2553.27,3194,5,一般用户
127377977,1,64,1614.95,580,5,一般用户
6230291,1,0,0.0,483,1,高价值核心用户
54373708,1,2,99.85,478,1,高价值核心用户
8679255,2,3,451.36,990,2,一般用户
70503301,1,55,2923.46,1333,5,一般用户
62808447,1,1,150.71,300,1,高价值核心用户
136342745,1,37,3117.04,1272,5,一般用户
61459598,1,58,3403.91,1847,5,一般用户
108043652,15,1,106.96,105,3,一般用户
113404246,3,0,0.0,158,2,一般用户
704891,1,31,1543.96,520,1,高价值核心用户
116878499,1,0,0.0,105,1,高价值核心用户
123257150,1,1,10.0,455,1,高价值核心用户
87751423,1,0,0.0,387,1,高价值核心用户
123596663,1,22,1815.17,1201,1,高价值核心用户
89817349,1,0,0.0,241,1,高价值核心用户
87467371,5,0,0.0,64,3,一般用户
124168749,1,20,1283.9,248,1,高价值核心用户
91010344,1,13,1122.34,353,1,高价值核心用户
124198625,4,0,0.0,44,3,一般用户
129191119,1,93,2921.66,923,5,一般用户
90472,7,9,1150.21,78,3,一般用户
91817248,1,0,0.0,232,1,高价值核心用户
91750843,3,1,109.08,379,2,一般用户
75665818,5,53,1882.63,170,3,一般用户
9660384,1,94,4948.73,959,5,一般用户
142204924,1,0,0.0,201,1,高价值核心用户
7612152,1,0,0.0,1214,1,高价值核心用户
94057453,11,0,0.0,30,3,一般用户
9457887,1,68,3421.16,570,5,一般用户
15158257,1,0,0.0,356,1,高价值核心用户
131228564,1,0,0.0,71,1,高价值核心用户
132368806,1,7,377.19,423,1,高价值核心用户
65430876,3,2,126.71,82,2,一般用户
23231484,1,21,1736.53,443,1,高价值核心用户
126328224,2,6,269.44,110,2,一般用户
73632654,1,4,262.28,773,1,高价值核心用户
134279547,2,7,406.38,60,2,一般用户
18391635,1,6,804.13,1251,1,高价值核心用户
1704058,1,3,362.87,306,1,高价值核心用户
139479952,1,2,226.74,385,1,高价值核心用户
30740491,1,307,13483.45,1183,6,一般用户
96859287,2,29,1613.69,401,2,一般用户
18831528,1,4,529.52,296,1,高价值核心用户
23690219,6,0,0.0,112,3,一般用户
8443684,1,9,859.3,1352,1,高价值核心用户
18950879,1,0,0.0,131,1,高价值核心用户
24474599,1,4,536.89,737,1,高价值核心用户
43052420,1,70,5180.34,1937,5,一般用户
99785045,1,3,277.45,206,1,高价值核心用户
103548522,1,13,594.83,248,1,高价值核心用户
97553714,1,0,0.0,373,1,高价值核心用户
23296153,1,21,1292.0,859,1,高价值核心用户
103982848,1,249,1943.97,1340,5,一般用户
18781926,1,1,130.06,2683,1,高价值核心用户
38839327,1,66,2216.29,5854,5,一般用户
91519514,1,0,0.0,181,1,高价值核心用户
10664884,1,3,10.0,178,1,高价值核心用户
87077725,1,0,0.0,29,1,高价值核心用户
100617828,1,97,4041.83,1185,5,一般用户
1137672,1,2,362.4,641,1,高价值核心用户
29476135,1,18,474.04,297,1,高价值核心用户
30511762,2,1,215.3,241,2,一般用户
30463766,8,0,0.0,66,3,一般用户
33113697,1,60,1481.58,444,5,一般用户
130620874,2,16,706.43,552,2,一般用户
31464363,1,0,0.0,251,1,高价值核心用户
104342607,1,2,156.66,365,1,高价值核心用户
86239261,1,14,1246.84,3145,1,高价值核心用户
31565417,1,2,282.25,364,1,高价值核心用户
36560243,1,0,0.0,304,1,高价值核心用户
4381858,1,6,726.55,403,1,高价值核心用户
105632849,1,1,123.45,232,1,高价值核心用户
133480628,1,0,0.0,658,1,高价值核心用户
32099325,2,1,138.6,356,2,一般用户
102999986,2,0,0.0,523,2,一般用户
37206341,2,18,999.32,624,2,一般用户
106025785,1,3,305.58,490,1,高价值核心用户
51945411,2,14,1094.37,276,2,一般用户
32291040,1,21,1582.72,405,1,高价值核心用户
103871858,1,10,1093.74,725,1,高价值核心用户
134928476,1,11,991.14,1405,1,高价值核心用户
53451276,1,10,733.57,260,1,高价值核心用户
109522508,1,1,173.54,224,1,高价值核心用户
39095072,2,0,0.0,9,2,一般用户
45368,15,0,0.0,17,3,一般用户
54388253,1,34,2078.2,738,5,一般用户
35389479,1,35,2219.13,1228,5,一般用户
57301300,1,154,8005.57,945,0,一般用户
11083802,4,0,0.0,629,3,一般用户
109003876,1,1,53.56,253,1,高价值核心用户
54590569,2,1,88.94,1007,2,一般用户
2935703,1,2,23.48,830,1,高价值核心用户
114249224,2,2,248.39,398,2,一般用户
112676402,1,0,0.0,78,1,高价值核心用户
116259421,2,16,910.05,971,2,一般用户
61114029,5,0,0.0,174,3,一般用户
116142598,2,20,1768.48,370,2,一般用户
139590290,1,9,740.82,805,1,高价值核心用户
69410546,1,6,360.74,436,1,高价值核心用户
3543407,1,118,3921.41,972,5,一般用户
12567456,1,5,284.22,182,1,高价值核心用户
61626834,1,66,3631.79,721,5,一般用户
117801453,1,165,5483.11,1774,0,一般用户
70424320,1,10,310.07,184,1,高价值核心用户
13166978,1,1,13.78,733,1,高价值核心用户
32099605,11,0,0.0,45,3,一般用户
38885211,1,1,25.16,185,1,高价值核心用户
7391440,1,15,724.85,322,1,高价值核心用户
40310645,2,1,10.0,301,2,一般用户
141016162,1,1,98.92,1574,1,高价值核心用户
62192186,1,64,1422.04,430,5,一般用户
81576763,7,0,0.0,64,3,一般用户
83262957,1,209,5824.07,1562,0,一般用户
43729347,1,53,1102.15,686,1,高价值核心用户
88922674,1,0,0.0,33,1,高价值核心用户
90414084,1,23,1812.52,681,1,高价值核心用户
41705089,1,2,102.17,227,1,高价值核心用户
142216376,1,7,913.06,487,1,高价值核心用户
68942144,1,8,752.51,34,1,高价值核心用户
7138866,1,1,20.13,662,1,高价值核心用户
45543836,4,0,0.0,36,3,一般用户
45966877,1,62,3668.75,1721,5,一般用户
17785981,12,0,0.0,90,3,一般用户
47136810,1,25,1535.9,780,1,高价值核心用户
17821367,1,1,159.78,588,1,高价值核心用户
141444223,5,99,2562.29,1047,3,一般用户
91704713,2,3,199.4,337,2,一般用户
19831033,1,30,1289.91,562,1,高价值核心用户
92843559,1,2,110.58,67,1,高价值核心用户
76269329,1,1,127.34,346,1,高价值核心用户
40081301,1,0,0.0,180,1,高价值核心用户
123899957,1,7,456.84,216,1,高价值核心用户
9371856,1,1,70.28,578,1,高价值核心用户
40607709,3,141,3037.76,677,5,一般用户
95039926,1,0,0.0,161,1,高价值核心用户
16367992,1,0,0.0,481,1,高价值核心用户
77362976,1,0,0.0,303,1,高价值核心用户
95278276,1,0,0.0,103,1,高价值核心用户
50904788,1,700,12097.84,3574,6,一般用户
98931599,3,0,0.0,463,2,一般用户
20180785,1,0,0.0,200,1,高价值核心用户
84167844,1,0,0.0,590,1,高价值核心用户
20694838,1,18,1683.9,859,1,高价值核心用户
95839581,1,63,2523.93,705,5,一般用户
29656912,1,96,6920.85,1418,0,一般用户
43979611,1,10,841.85,212,1,高价值核心用户
15053166,1,27,2778.2,213,5,一般用户
47293645,2,0,0.0,127,2,一般用户
4903043,1,35,1564.92,1242,1,高价值核心用户
47924940,1,0,0.0,148,1,高价值核心用户
84865876,2,48,1209.62,539,2,一般用户
16730476,7,2,123.69,77,3,一般用户
16946764,8,0,0.0,55,3,一般用户
17079837,1,4,278.02,130,1,高价值核心用户
50323186,1,19,746.98,513,1,高价值核心用户
98506532,7,0,0.0,122,3,一般用户
100230080,1,4,322.84,143,1,高价值核心用户
23014965,1,43,1515.08,1761,1,高价值核心用户
104479798,1,2,244.71,268,1,高价值核心用户
23330391,1,31,1679.79,244,1,高价值核心用户
95399425,3,1,174.1,7,2,一般用户
107322212,1,0,0.0,109,1,高价值核心用户
112424443,1,0,0.0,263,1,高价值核心用户
106452871,1,5,393.96,212,1,高价值核心用户
49243199,2,0,0.0,366,2,一般用户
91673229,1,1,148.73,47,1,高价值核心用户
63178759,1,1,10.0,193,1,高价值核心用户
107621692,5,15,616.39,295,3,一般用户
72253831,3,0,0.0,192,2,一般用户
49784280,2,14,484.91,98,2,一般用户
11246070,2,2,20.0,337,2,一般用户
50242093,2,0,0.0,79,2,一般用户
30170700,2,1,151.82,94,2,一般用户
95395131,1,240,8772.87,1683,0,一般用户
101511260,1,0,0.0,244,1,高价值核心用户
7610653,1,0,0.0,298,1,高价值核心用户
56892801,1,26,1806.22,2012,1,高价值核心用户
30360670,2,20,2571.5,705,2,一般用户
109059873,1,8,691.73,1192,1,高价值核心用户
123446005,1,101,5059.14,1168,5,一般用户
103767458,1,352,12462.15,2506,6,一般用户
7679270,1,2,108.92,346,1,高价值核心用户
49189810,1,344,13075.95,1780,6,一般用户
37422648,5,0,0.0,4,3,一般用户
48722344,1,0,0.0,343,1,高价值核心用户
77957775,1,0,0.0,185,1,高价值核心用户
79558429,1,2,98.94,783,1,高价值核心用户
55035700,1,3,185.35,388,1,高价值核心用户
25751195,1,105,4701.11,708,5,一般用户
51503232,1,3,370.66,908,1,高价值核心用户
56591452,1,0,0.0,352,1,高价值核心用户
124660776,1,2,143.02,256,1,高价值核心用户
113431690,1,10,1379.42,1264,1,高价值核心用户
126270267,1,14,1443.53,368,1,高价值核心用户
57447913,1,95,4489.74,1404,5,一般用户
85684824,1,0,0.0,500,1,高价值核心用户
139948662,2,0,0.0,167,2,一般用户
35342036,1,14,1151.68,898,1,高价值核心用户
52316129,1,67,3399.71,422,5,一般用户
56592437,1,0,0.0,280,1,高价值核心用户
59323197,1,0,0.0,255,1,高价值核心用户
16807373,1,301,8867.76,3114,0,一般用户
8863153,1,0,0.0,63,1,高价值核心用户
7288446,1,0,0.0,119,1,高价值核心用户
57843315,2,0,0.0,318,2,一般用户
97045271,1,0,0.0,348,1,高价值核心用户
114493153,1,20,812.76,199,1,高价值核心用户
54668253,1,6,24.97,101,1,高价值核心用户
74373659,1,2,280.35,390,1,高价值核心用户
120812517,2,45,2465.19,933,5,一般用户
62355811,1,30,981.77,243,1,高价值核心用户
58812216,1,1,10.0,2556,1,高价值核心用户
38699008,1,2,10.0,1282,1,高价值核心用户
62764698,1,2,88.94,447,1,高价值核心用户
74890051,12,0,0.0,26,3,一般用户
122867103,1,10,909.34,1607,1,高价值核心用户
81542356,5,0,0.0,30,3,一般用户
84445336,1,0,0.0,382,1,高价值核心用户
68909476,4,0,0.0,12,3,一般用户
71179084,1,10,1020.44,671,1,高价值核心用户
6478780,1,18,1470.25,1024,1,高价值核心用户
108829095,1,26,1995.77,1921,5,一般用户
121648342,1,0,0.0,201,1,高价值核心用户
44381467,1,126,6182.12,882,0,一般用户
72120347,1,1,37.51,525,1,高价值核心用户
12285453,11,0,0.0,79,3,一般用户
125067299,2,25,1029.08,222,2,一般用户
131961100,2,1,108.87,253,2,一般用户
68563462,1,5,336.11,25,1,高价值核心用户
73303243,1,12,698.2,274,1,高价值核心用户
72510586,1,1,169.79,802,1,高价值核心用户
136347831,1,4,215.85,936,1,高价值核心用户
124299878,1,103,4744.17,964,5,一般用户
75321867,1,281,7486.67,1798,0,一般用户
51013339,1,6,566.28,1045,1,高价值核心用户
17373553,2,34,1261.25,270,2,一般用户
73730336,1,7,560.16,960,1,高价值核心用户
30282407,1,13,893.0,615,1,高价值核心用户
63823409,1,4,177.58,260,1,高价值核心用户
68217968,1,0,0.0,68,1,高价值核心用户
69384332,1,0,0.0,320,1,高价值核心用户
20786149,1,46,2366.14,4531,5,一般用户
12510155,1,7,822.08,954,1,高价值核心用户
31050275,1,0,0.0,134,1,高价值核心用户
115617376,5,0,0.0,39,3,一般用户
116355229,1,2,226.28,1105,1,高价值核心用户
70260190,1,4,237.25,590,1,高价值核心用户
31943943,1,4,258.44,564,1,高价值核心用户
5396057,1,28,2132.36,1078,5,一般用户
76212088,2,6,596.44,274,2,一般用户
71714329,1,3,202.66,1486,1,高价值核心用户
79690063,2,0,0.0,330,2,一般用户
3442818,1,262,11277.05,3238,0,一般用户
79519527,1,59,2778.81,491,5,一般用户
131347168,2,0,0.0,213,2,一般用户
122779299,1,0,0.0,398,1,高价值核心用户
82914173,1,6,603.24,1708,1,高价值核心用户
131682069,3,0,0.0,174,2,一般用户
81037956,1,9,1053.05,987,1,高价值核心用户
64355869,1,47,2587.36,699,5,一般用户
1439794,6,2,12.61,128,3,一般用户
12746210,1,50,3190.22,1936,5,一般用户
1588502,3,0,0.0,24,2,一般用户
31100870,2,4,414.94,44,2,一般用户
31446692,1,5,592.98,3386,1,高价值核心用户
64649517,2,3,176.51,297,2,一般用户
90219738,7,2,318.87,99,3,一般用户
72802864,3,35,1928.06,506,2,一般用户
95907635,1,0,0.0,571,1,高价值核心用户
66058598,1,0,0.0,54,1,高价值核心用户
68571967,1,31,643.68,215,1,高价值核心用户
69840571,7,3,277.82,26,3,一般用户
71164203,2,0,0.0,149,2,一般用户
96050373,1,0,0.0,749,1,高价值核心用户
74226240,1,88,2320.52,512,5,一般用户
87901815,3,29,3631.99,255,2,一般用户
72632718,1,139,6136.95,1044,0,一般用户
89495629,1,9,247.75,97,1,高价值核心用户
133888509,1,511,4222.9,3279,6,一般用户
98174744,1,0,0.0,115,1,高价值核心用户
7623264,1,3,212.16,174,1,高价值核心用户
78992546,1,164,5058.42,885,0,一般用户
96936392,1,0,0.0,591,1,高价值核心用户
102690418,5,0,0.0,72,3,一般用户
38067964,1,1,240.9,77,1,高价值核心用户
97318772,2,0,0.0,98,2,一般用户
109278492,2,0,0.0,240,2,一般用户
40163921,5,0,0.0,101,3,一般用户
43545603,5,5,510.87,213,3,一般用户
99789170,2,0,0.0,64,2,一般用户
113397432,5,0,0.0,106,3,一般用户
102167269,1,5,254.78,850,1,高价值核心用户
49303053,1,0,0.0,232,1,高价值核心用户
114717793,1,0,0.0,242,1,高价值核心用户
57787294,1,2,194.89,623,1,高价值核心用户
83976914,1,4,619.02,2696,1,高价值核心用户
123307150,1,7,323.89,110,1,高价值核心用户
78639114,1,5,115.62,221,1,高价值核心用户
125042644,2,52,2811.73,878,5,一般用户
112230173,2,0,0.0,363,2,一般用户
22869075,7,0,0.0,25,3,一般用户
26704429,8,1,40.41,15,3,一般用户
28332552,2,1,116.71,65,2,一般用户
98590273,2,9,525.28,185,2,一般用户
103489606,1,2,10.0,1416,1,高价值核心用户
32281684,1,41,1240.98,644,1,高价值核心用户
60686963,1,2,356.39,847,1,高价值核心用户
47780833,3,1,85.15,120,2,一般用户
112891397,1,0,0.0,783,1,高价值核心用户
5686843,1,3,477.49,830,1,高价值核心用户
125411948,2,320,10907.3,3698,0,一般用户
33366026,1,5,117.77,75,1,高价值核心用户
3569918,1,0,0.0,76,1,高价值核心用户
36360174,1,3,65.03,611,1,高价值核心用户
61068008,1,47,3211.48,1114,5,一般用户
106198386,1,0,0.0,425,1,高价值核心用户
112944080,1,0,0.0,39,1,高价值核心用户
116307746,1,4,217.55,307,1,高价值核心用户
59131217,1,152,5542.63,1257,0,一般用户
44580650,1,8,522.42,351,1,高价值核心用户
106416249,2,14,918.36,1897,2,一般用户
126086100,1,0,0.0,241,1,高价值核心用户
53767362,3,1,275.18,37,2,一般用户
56905856,2,2,284.61,167,2,一般用户
12645,1,1,151.82,114,1,高价值核心用户
130987421,1,1,154.55,930,1,高价值核心用户
85943972,1,0,0.0,155,1,高价值核心用户
57015662,1,6,383.15,712,1,高价值核心用户
1799885,1,0,0.0,622,1,高价值核心用户
62875614,1,63,2737.22,493,5,一般用户
6317562,4,0,0.0,566,3,一般用户
62944220,2,5,333.55,113,2,一般用户
19399879,1,58,3365.2,2256,5,一般用户
64431010,2,74,3287.3,505,5,一般用户
66190657,1,1,83.82,377,1,高价值核心用户
99674599,1,26,2169.77,1430,5,一般用户
100185291,1,193,6119.26,2137,0,一般用户
134473569,1,0,0.0,121,1,高价值核心用户
134502976,1,38,2733.73,426,5,一般用户
64641892,2,1,98.92,116,2,一般用户
73491371,2,0,0.0,227,2,一般用户
67514411,1,258,5566.08,1834,0,一般用户
6556740,1,2,179.69,497,1,高价值核心用户
81995769,1,32,1113.53,393,1,高价值核心用户
138184722,1,2,312.4,99,1,高价值核心用户
110522016,1,7,752.67,768,1,高价值核心用户
141232955,3,1,114.39,127,2,一般用户
142227202,1,0,0.0,234,1,高价值核心用户
82572658,1,72,2694.38,1328,5,一般用户
68778928,1,0,0.0,225,1,高价值核心用户
26755560,1,19,941.35,116,1,高价值核心用户
69174349,2,131,7103.12,772,0,一般用户
27619929,1,0,0.0,94,1,高价值核心用户
28160359,2,0,0.0,428,2,一般用户
101854346,2,0,0.0,170,2,一般用户
112550524,2,0,0.0,181,2,一般用户
104226556,4,0,0.0,71,3,一般用户
121675454,5,0,0.0,17,3,一般用户
122304524,1,0,0.0,349,1,高价值核心用户
130216411,1,6,577.55,273,1,高价值核心用户
107209058,1,140,7978.59,3671,0,一般用户
34294025,3,0,0.0,49,2,一般用户
25854726,1,19,1014.41,613,1,高价值核心用户
40605509,1,3,257.26,300,1,高价值核心用户
130400029,1,2,105.66,330,1,高价值核心用户
69308679,1,0,0.0,99,1,高价值核心用户
122512765,1,35,2070.75,957,5,一般用户
7226947,1,34,1897.08,843,5,一般用户
40759239,3,0,0.0,243,2,一般用户
67684356,1,1,101.47,951,1,高价值核心用户
13232080,1,6,697.49,437,1,高价值核心用户
82604847,1,9,852.87,284,1,高价值核心用户
51234996,1,7,463.04,253,1,高价值核心用户
31185970,1,0,0.0,105,1,高价值核心用户
16199254,2,0,0.0,199,2,一般用户
83688949,1,25,1175.43,2552,1,高价值核心用户
32203843,1,5,483.24,243,1,高价值核心用户
54287358,3,3,325.77,506,2,一般用户
18320375,2,7,621.21,171,2,一般用户
73617910,5,0,0.0,70,3,一般用户
124191041,1,1,109.25,671,1,高价值核心用户
73809667,3,0,0.0,35,2,一般用户
2103285,1,2,251.8,464,1,高价值核心用户
76204767,1,4,147.71,414,1,高价值核心用户
37485293,2,3,463.03,320,2,一般用户
74140634,1,1,18.97,243,1,高价值核心用户
87401754,3,12,1307.37,209,2,一般用户
60155217,2,0,0.0,79,2,一般用户
39413973,1,0,0.0,931,1,高价值核心用户
6222588,1,2,68.72,933,1,高价值核心用户
23065322,1,0,0.0,372,1,高价值核心用户
74920230,1,0,0.0,230,1,高价值核心用户
124728821,1,2,339.1,191,1,高价值核心用户
89899419,1,2,206.38,82,1,高价值核心用户
94992306,1,72,2102.85,1809,5,一般用户
83974192,1,2,174.69,987,1,高价值核心用户
130313708,9,0,0.0,66,3,一般用户
25742135,7,20,566.7,465,3,一般用户
134233776,1,3,490.09,1817,1,高价值核心用户
30905877,1,3,539.79,468,1,高价值核心用户
67648477,5,3,51.82,41,3,一般用户
72591312,1,15,1273.19,136,1,高价值核心用户
77815658,1,0,0.0,106,1,高价值核心用户
43660726,1,1,94.99,649,1,高价值核心用户
79269988,1,45,2311.42,1042,5,一般用户
33824579,1,1,10.0,303,1,高价值核心用户
84230181,1,103,3208.82,352,5,一般用户
35653683,1,21,1663.74,1207,1,高价值核心用户
87086124,2,46,3271.91,718,5,一般用户
84247610,1,38,1852.6,882,5,一般用户
109280382,1,183,9382.33,3107,0,一般用户
46914246,2,0,0.0,619,2,一般用户
142376113,1,1,51.86,139,1,高价值核心用户
15187673,3,29,1935.34,821,2,一般用户
81424893,1,2,247.87,185,1,高价值核心用户
87538023,1,3,392.29,502,1,高价值核心用户
48836510,1,193,7236.84,2674,0,一般用户
94273242,2,0,0.0,488,2,一般用户
100690180,1,29,1338.46,276,1,高价值核心用户
87475354,3,4,426.24,1560,2,一般用户
104103891,5,0,0.0,80,3,一般用户
88496472,1,75,4762.18,1994,5,一般用户
113469201,2,1,35.82,149,2,一般用户
89627693,2,0,0.0,19,2,一般用户
93463168,1,2,217.25,179,1,高价值核心用户
115299510,1,0,0.0,141,1,高价值核心用户
15736320,6,0,0.0,120,3,一般用户
36430492,10,0,0.0,119,3,一般用户
115338197,1,2,350.63,679,1,高价值核心用户
96156613,5,0,0.0,25,3,一般用户
36542583,1,0,0.0,596,1,高价值核心用户
98088091,2,0,0.0,39,2,一般用户
17825629,1,301,6294.94,1934,0,一般用户
98712364,3,0,0.0,237,2,一般用户
101748138,1,0,0.0,1443,1,高价值核心用户
38010001,1,2,115.49,409,1,高价值核心用户
118562608,1,306,11972.76,1243,0,一般用户
38373526,1,6,462.7,634,1,高价值核心用户
87895521,1,2,109.75,1239,1,高价值核心用户
90433252,1,1,10.0,429,1,高价值核心用户
39108941,1,277,5800.36,1182,0,一般用户
109568364,1,2,117.13,1134,1,高价值核心用户
97154652,3,0,0.0,110,2,一般用户
25224971,4,10,734.97,191,3,一般用户
103038630,1,1,10.0,421,1,高价值核心用户
119133751,1,82,3904.33,1111,5,一般用户
99891846,2,1,260.82,151,2,一般用户
10026124,1,4,476.86,2364,1,高价值核心用户
55528877,1,2,143.11,84,1,高价值核心用户
27114862,1,1,226.34,209,1,高价值核心用户
55668630,3,1,56.45,299,2,一般用户
97354034,1,0,0.0,1136,1,高价值核心用户
110973740,1,1,227.16,413,1,高价值核心用户
107949449,3,0,0.0,31,2,一般用户
113774016,2,1,123.18,180,2,一般用户
39017588,1,3,283.23,243,1,高价值核心用户
568881,1,56,2135.62,234,5,一般用户
40014282,29,0,0.0,12,3,一般用户
41081290,6,0,0.0,424,3,一般用户
11415302,1,17,873.5,955,1,高价值核心用户
115304753,1,5,494.93,176,1,高价值核心用户
60729896,5,1,87.2,218,3,一般用户
115452492,4,6,755.41,510,3,一般用户
65645933,1,2563,16665.21,10957,4,高价值核心用户
43801317,6,0,0.0,29,3,一般用户
39331817,2,4,349.65,164,2,一般用户
46515907,2,0,0.0,190,2,一般用户
110697285,5,0,0.0,42,3,一般用户
118372628,19,1,217.25,12,3,一般用户
120142224,1,0,0.0,148,1,高价值核心用户
119916622,1,1,94.24,109,1,高价值核心用户
41872955,1,1,128.91,459,1,高价值核心用户
54072669,1,59,3289.14,840,5,一般用户
121704401,1,0,0.0,84,1,高价值核心用户
120447169,1,0,0.0,290,1,高价值核心用户
123227202,1,12,1609.74,2567,1,高价值核心用户
122876959,1,2,405.93,184,1,高价值核心用户
122740147,1,22,810.41,689,1,高价值核心用户
42356075,3,0,0.0,210,2,一般用户
125520300,1,0,0.0,112,1,高价值核心用户
133612359,4,0,0.0,3,3,一般用户
140548532,1,0,0.0,53,1,高价值核心用户
14669807,3,0,0.0,79,2,一般用户
45073084,2,60,1567.9,360,2,一般用户
115614893,2,7,538.06,199,2,一般用户
17757827,1,29,1953.12,680,5,一般用户
56462249,1,2,203.46,4566,1,高价值核心用户
119053698,1,46,1064.33,680,1,高价值核心用户
53672814,1,0,0.0,374,1,高价值核心用户
126205303,1,98,4567.1,1470,5,一般用户
100946724,1,3,301.15,156,1,高价值核心用户
5680285,4,13,726.15,204,3,一般用户
20686051,1,1,246.08,668,1,高价值核心用户
124959202,1,1,123.69,339,1,高价值核心用户
103856044,2,0,0.0,34,2,一般用户
105190158,1,0,0.0,1043,1,高价值核心用户
58040963,13,0,0.0,87,3,一般用户
59781040,1,1,146.34,380,1,高价值核心用户
125817021,7,1,95.24,38,3,一般用户
127579158,5,0,0.0,226,3,一般用户
127960676,19,0,0.0,12,3,一般用户
128066004,4,88,3752.2,506,5,一般用户
6640205,1,3,132.6,304,1,高价值核心用户
22424853,1,0,0.0,482,1,高价值核心用户
68826278,2,18,1407.76,509,2,一般用户
105603256,5,0,0.0,91,3,一般用户
133838164,1,38,2499.13,613,5,一般用户
13069552,1,3,289.33,917,1,高价值核心用户
105767363,1,0,0.0,864,1,高价值核心用户
24000198,1,53,4020.4,537,5,一般用户
123930346,1,1,165.08,116,1,高价值核心用户
139214877,1,0,0.0,127,1,高价值核心用户
140774910,11,0,0.0,156,3,一般用户
75131016,1,1,10.0,147,1,高价值核心用户
21832523,1,74,3007.37,872,5,一般用户
80031113,4,4,49.01,421,3,一般用户
140227692,2,3,430.51,294,2,一般用户
2696208,2,0,0.0,51,2,一般用户
30100119,1,16,1078.0,541,1,高价值核心用户
140990654,1,85,3375.2,1823,5,一般用户
113537369,1,21,1272.89,646,1,高价值核心用户
16623516,1,202,5991.8,1985,0,一般用户
80216957,1,1,128.93,337,1,高价值核心用户
34948661,2,19,1439.83,134,2,一般用户
81312893,2,4,430.2,229,2,一般用户
22107261,3,2,245.64,562,2,一般用户
41831177,1,94,1707.68,879,5,一般用户
113847593,1,63,2815.23,1863,5,一般用户
89249164,1,278,5705.87,2114,0,一般用户
27508149,1,78,2676.88,1053,5,一般用户
4364079,1,277,10729.4,2663,0,一般用户
21035609,1,5,264.67,1434,1,高价值核心用户
56840376,1,29,2004.99,584,5,一般用户
19388858,1,6,994.62,1541,1,高价值核心用户
30419994,1,11,1033.39,477,1,高价值核心用户
58207544,1,182,8620.85,1736,0,一般用户
31245197,6,3,294.15,93,3,一般用户
91342405,1,6,579.92,157,1,高价值核心用户
32181249,12,2,30.13,660,3,一般用户
117847636,14,0,0.0,6,3,一般用户
118425520,1,3,279.96,715,1,高价值核心用户
91877964,1,113,5199.97,1522,5,一般用户
39751143,1,0,0.0,509,1,高价值核心用户
26228110,1,0,0.0,58,1,高价值核心用户
28877018,1,33,1841.72,798,1,高价值核心用户
19524440,3,3,207.89,264,2,一般用户
123889295,1,141,6112.34,873,0,一般用户
29582784,1,26,1744.63,301,1,高价值核心用户
40557275,3,5,116.71,483,2,一般用户
35427753,1,0,0.0,93,1,高价值核心用户
34413445,2,0,0.0,1212,2,一般用户
94335711,1,9,899.91,438,1,高价值核心用户
36317221,2,66,2259.17,319,5,一般用户
60756149,4,6,683.42,349,3,一般用户
46598584,1,60,3276.52,590,5,一般用户
43735631,1,12,969.97,275,1,高价值核心用户
96646002,1,76,4092.14,779,5,一般用户
124674826,1,0,0.0,119,1,高价值核心用户
68723589,1,72,2316.57,691,5,一般用户
54725247,1,159,8727.12,2790,0,一般用户
125577545,1,0,0.0,355,1,高价值核心用户
48425797,3,0,0.0,227,2,一般用户
49026431,1,0,0.0,404,1,高价值核心用户
127701396,2,8,798.42,57,2,一般用户
49579858,1,0,0.0,156,1,高价值核心用户
13081722,1,1,79.81,639,1,高价值核心用户
39431130,3,2,348.66,986,2,一般用户
53080199,1,168,6901.48,6152,0,一般用户
69309041,1,4,312.25,153,1,高价值核心用户
54572872,2,15,568.1,232,2,一般用户
73278658,1,3,276.03,1694,1,高价值核心用户
54777788,1,0,0.0,50,1,高价值核心用户
56539722,1,0,0.0,331,1,高价值核心用户
130972559,1,20,1466.83,289,1,高价值核心用户
95665574,2,4,455.98,279,2,一般用户
109891166,6,1,59.67,125,3,一般用户
59413510,1,176,5144.53,2416,0,一般用户
119613555,9,4,365.61,21,3,一般用户
120986091,1,247,8924.28,2441,0,一般用户
132711863,1,73,766.08,756,1,高价值核心用户
40814715,1,50,2910.29,462,5,一般用户
69242953,3,61,1752.17,603,2,一般用户
44445119,1,0,0.0,199,1,高价值核心用户
136302349,13,0,0.0,225,3,一般用户
44875328,6,1,62.47,101,3,一般用户
137531842,1,17,1502.38,1045,1,高价值核心用户
50802614,1,1,62.25,139,1,高价值核心用户
73196588,1,0,0.0,15529,1,高价值核心用户
75819271,2,1,115.36,1095,2,一般用户
51778843,2,1,183.0,43,2,一般用户
56296919,1,7,397.73,707,1,高价值核心用户
57625459,2,0,0.0,45,2,一般用户
57728595,1,64,3806.54,1111,5,一般用户
15944310,1,3,188.65,103,1,高价值核心用户
18700485,1,0,0.0,198,1,高价值核心用户
70971999,1,5,637.43,146,1,高价值核心用户
60815533,1,2,101.96,141,1,高价值核心用户
23688052,8,0,0.0,62,3,一般用户
7585996,1,13,1426.69,1782,1,高价值核心用户
28235535,1,9,517.88,650,1,高价值核心用户
71417684,1,46,2192.89,231,5,一般用户
67538161,2,0,0.0,182,2,一般用户
71969934,2,34,1868.55,1276,2,一般用户
124856265,1,3,302.89,236,1,高价值核心用户
69146917,1,2,319.26,163,1,高价值核心用户
7012275,5,1,120.79,42,3,一般用户
71721640,1,37,1568.06,470,1,高价值核心用户
125301071,2,2,193.0,46,2,一般用户
35264701,1,1,98.92,234,1,高价值核心用户
130079327,6,0,0.0,177,3,一般用户
62042013,1,126,4684.51,1135,5,一般用户
138793462,1,3,366.61,1682,1,高价值核心用户
39875541,1,0,0.0,189,1,高价值核心用户
72358271,1,81,4534.4,1010,5,一般用户
44416128,2,0,0.0,33,2,一般用户
45460855,1,0,0.0,132,1,高价值核心用户
45865960,1,71,2254.57,871,5,一般用户
7295557,1,0,0.0,1710,1,高价值核心用户
64502137,1,2,126.71,1049,1,高价值核心用户
77455354,1,0,0.0,388,1,高价值核心用户
72749623,1,23,1864.87,1626,1,高价值核心用户
50020786,1,38,1793.35,759,5,一般用户
78889829,1,1,10.0,1217,1,高价值核心用户
16687895,1,0,0.0,401,1,高价值核心用户
70664970,1,7,625.03,97,1,高价值核心用户
74067634,1,15,702.44,820,1,高价值核心用户
21491689,2,0,0.0,103,2,一般用户
28948171,1,3,378.94,544,1,高价值核心用户
75032548,1,2,265.96,721,1,高价值核心用户
53181731,13,0,0.0,270,3,一般用户
53779445,1,5,602.99,875,1,高价值核心用户
53831524,1,0,0.0,789,1,高价值核心用户
3065306,1,333,8166.51,1790,0,一般用户
80977557,3,2,59.16,738,2,一般用户
80115072,1,35,1736.51,158,1,高价值核心用户
78068981,1,31,2396.45,1107,5,一般用户
8354126,1,191,6587.73,2300,0,一般用户
8052951,1,7,1162.22,646,1,高价值核心用户
55333272,16,0,0.0,13,3,一般用户
65982317,1,2,456.0,1573,1,高价值核心用户
54547365,1,0,0.0,188,1,高价值核心用户
81705986,1,2,180.93,525,1,高价值核心用户
84480844,2,0,0.0,145,2,一般用户
57105532,1,259,6461.51,4348,0,一般用户
85129672,2,4,321.74,124,2,一般用户
91617828,1,5,375.7,796,1,高价值核心用户
82187286,3,1,96.04,96,2,一般用户
78391784,1,23,1402.39,149,1,高价值核心用户
30937033,1,0,0.0,158,1,高价值核心用户
82779553,1,0,0.0,201,1,高价值核心用户
34495668,1,29,1609.98,849,1,高价值核心用户
8213864,1,4,345.92,1406,1,高价值核心用户
828731,3,142,4450.38,1187,5,一般用户
71778458,2,1,84.75,215,2,一般用户
73428459,3,0,0.0,59,2,一般用户
74086245,3,0,0.0,270,2,一般用户
93314915,2,0,0.0,138,2,一般用户
75845612,4,1,95.98,392,3,一般用户
35019298,1,0,0.0,252,1,高价值核心用户
40117023,2,5,367.17,308,2,一般用户
84469189,1,1,154.55,170,1,高价值核心用户
84916776,2,7,681.29,444,2,一般用户
81878304,1,0,0.0,605,1,高价值核心用户
92241160,1,2,211.57,507,1,高价值核心用户
98430692,4,0,0.0,65,3,一般用户
101538639,2,15,110.75,150,2,一般用户
41233588,1,43,1662.45,416,1,高价值核心用户
84568949,25,2,305.15,182,3,一般用户
101778477,7,8,659.9,302,3,一般用户
88196998,9,3,236.34,45,3,一般用户
85877113,1,0,0.0,93,1,高价值核心用户
82996925,1,0,0.0,601,1,高价值核心用户
90262162,2,33,2381.46,459,2,一般用户
99425436,1,0,0.0,181,1,高价值核心用户
1041761,1,42,2641.02,1653,5,一般用户
52589143,1,3,216.07,326,1,高价值核心用户
112470845,1,258,6962.09,1426,0,一般用户
94479833,1,0,0.0,96,1,高价值核心用户
103149203,1,2,188.02,581,1,高价值核心用户
91712885,4,29,2478.75,626,3,一般用户
96052795,1,0,0.0,198,1,高价值核心用户
61259086,1,1,190.13,503,1,高价值核心用户
113552018,1,103,4371.07,1750,5,一般用户
94047716,1,1,26.51,398,1,高价值核心用户
9860181,1,28,965.51,247,1,高价值核心用户
109662797,7,1,123.69,604,3,一般用户
63702010,1,25,1627.96,213,1,高价值核心用户
114745929,1,9,388.24,111,1,高价值核心用户
65488357,2,0,0.0,303,2,一般用户
1182380,1,3,304.28,270,1,高价值核心用户
61254091,5,0,0.0,58,3,一般用户
104267191,2,0,0.0,93,2,一般用户
110690572,1,73,4388.43,1610,5,一般用户
70486234,3,0,0.0,591,2,一般用户
106083110,1,1,10.0,216,1,高价值核心用户
121085565,1,0,0.0,531,1,高价值核心用户
70015965,2,56,1417.31,265,2,一般用户
98199141,4,2,268.96,49,3,一般用户
101798575,1,0,0.0,154,1,高价值核心用户
73864921,1,2,356.39,235,1,高价值核心用户
111041160,1,0,0.0,168,1,高价值核心用户
71333586,2,5,231.7,193,2,一般用户
103947735,1,1,10.0,382,1,高价值核心用户
120078898,5,0,0.0,229,3,一般用户
72703245,1,127,5446.27,1684,0,一般用户
81633439,1,57,3289.85,1595,5,一般用户
124692051,1,6,522.51,139,1,高价值核心用户
130270245,1,726,15192.19,7493,6,一般用户
7409910,31,0,0.0,3,3,一般用户
7554598,3,4,162.93,174,2,一般用户
129543456,2,8,626.95,245,2,一般用户
128941078,1,0,0.0,124,1,高价值核心用户
110989739,1,135,5333.57,1563,0,一般用户
80187043,1,0,0.0,94,1,高价值核心用户
80421496,1,1,62.32,174,1,高价值核心用户
129029482,4,4,297.72,98,3,一般用户
131439469,3,1,108.75,94,2,一般用户
131719920,1,9,566.48,421,1,高价值核心用户
134556226,1,1,10.0,1031,1,高价值核心用户
89327430,4,9,493.38,984,3,一般用户
133744457,3,5,442.45,107,2,一般用户
111518720,1,17,1739.61,515,1,高价值核心用户
21536694,1,1,103.88,281,1,高价值核心用户
20668159,1,8,756.32,459,1,高价值核心用户
83600056,1,60,2450.71,762,5,一般用户
22621152,1,1,141.76,528,1,高价值核心用户
118194231,1,0,0.0,345,1,高价值核心用户
112485959,2,7,571.38,43,2,一般用户
93786359,9,0,0.0,27,3,一般用户
9487538,1,0,0.0,77,1,高价值核心用户
114002389,1,2,171.22,506,1,高价值核心用户
24759174,1,7,373.6,21,1,高价值核心用户
39576434,1,10,850.03,338,1,高价值核心用户
95847735,2,1,217.25,273,2,一般用户
101361390,1,48,3793.37,545,5,一般用户
135556729,2,1,187.12,176,2,一般用户
83804673,1,0,0.0,111,1,高价值核心用户
24189643,1,0,0.0,214,1,高价值核心用户
137175187,1,235,6539.06,5453,0,一般用户
77403305,2,1,217.25,468,2,一般用户
85101585,2,0,0.0,163,2,一般用户
115275150,1,26,1436.38,789,1,高价值核心用户
85745014,1,23,1321.43,246,1,高价值核心用户
46989305,4,26,1490.36,208,3,一般用户
25750592,1,0,0.0,872,1,高价值核心用户
52072237,1,0,0.0,517,1,高价值核心用户
106896403,3,57,3410.78,313,5,一般用户
85910982,3,1,31.1,156,2,一般用户
89320958,2,0,0.0,76,2,一般用户
77591948,2,0,0.0,58,2,一般用户
90710232,1,129,3674.09,1515,5,一般用户
95254205,1,63,2184.43,1872,5,一般用户
10982501,1,173,5646.79,2437,0,一般用户
116723232,1,0,0.0,248,1,高价值核心用户
52807388,3,2,29.45,81,2,一般用户
53167968,1,12,491.92,729,1,高价值核心用户
39039752,1,0,0.0,1002,1,高价值核心用户
116836049,1,6,264.31,771,1,高价值核心用户
61392570,1,15,1538.12,439,1,高价值核心用户
119416849,2,141,8872.06,990,0,一般用户
92002669,4,0,0.0,13,3,一般用户
9260930,5,0,0.0,11,3,一般用户
68382361,1,0,0.0,589,1,高价值核心用户
44573524,3,8,915.57,204,2,一般用户
45360868,1,76,4010.54,1303,5,一般用户
97293816,1,174,3484.31,813,5,一般用户
72167112,1,21,1804.64,727,1,高价值核心用户
122079464,2,30,1955.15,587,2,一般用户
11257305,1,3,483.26,997,1,高价值核心用户
98367095,1,2,61.86,543,1,高价值核心用户
125110045,1,0,0.0,1517,1,高价值核心用户
7446574,1,13,1177.95,390,1,高价值核心用户
47720492,1,55,2754.74,396,5,一般用户
98952869,3,1,217.25,471,2,一般用户
96639792,1,2,403.99,299,1,高价值核心用户
105825066,4,2,98.48,47,3,一般用户
79134636,1,214,7116.43,3410,0,一般用户
116383415,1,1,10.0,227,1,高价值核心用户
117502210,1,1,10.0,208,1,高价值核心用户
50641447,4,5,466.06,344,3,一般用户
120038389,8,0,0.0,171,3,一般用户
113702719,1,0,0.0,236,1,高价值核心用户
121034306,2,0,0.0,528,2,一般用户
124660415,1,0,0.0,182,1,高价值核心用户
53640860,6,0,0.0,73,3,一般用户
5451259,6,1,75.26,74,3,一般用户
61342536,1,7,394.73,257,1,高价值核心用户
128055612,1,8,848.38,2190,1,高价值核心用户
124221192,1,0,0.0,431,1,高价值核心用户
64337070,11,0,0.0,54,3,一般用户
128960133,1,85,4909.17,1892,5,一般用户
64895000,1,0,0.0,60,1,高价值核心用户
65856500,1,0,0.0,709,1,高价值核心用户
131494546,2,29,1664.56,291,2,一般用户
13384101,2,0,0.0,133,2,一般用户
140735769,1,37,585.94,950,1,高价值核心用户
99273913,1,14,579.95,114,1,高价值核心用户
103929468,1,0,0.0,318,1,高价值核心用户
66708783,9,1,85.15,68,3,一般用户
68983870,1,3,251.39,472,1,高价值核心用户
106295017,5,60,2453.12,426,3,一般用户
137362349,1,73,1543.76,1133,5,一般用户
107857272,1,15,931.95,455,1,高价值核心用户
74752035,1,112,4337.33,2924,5,一般用户
141600808,1,0,0.0,3729,1,高价值核心用户
109258006,1,33,1604.13,1773,1,高价值核心用户
132763181,2,25,1613.67,251,2,一般用户
130547450,1,256,10892.89,3566,0,一般用户
134358011,1,164,6123.0,1897,0,一般用户
7970200,7,0,0.0,69,3,一般用户
142265405,1,14,879.49,196,1,高价值核心用户
80109645,1,4,385.5,478,1,高价值核心用户
137996255,1,0,0.0,584,1,高价值核心用户
24965668,1,54,1976.97,326,5,一般用户
81368266,9,0,0.0,66,3,一般用户
81542604,1,9,424.91,478,1,高价值核心用户
26184779,1,0,0.0,1009,1,高价值核心用户
18544913,2,0,0.0,57,2,一般用户
21140632,1,0,0.0,844,1,高价值核心用户
83345819,1,0,0.0,1010,1,高价值核心用户
1344672,1,0,0.0,33,1,高价值核心用户
17318106,1,4,399.73,106,1,高价值核心用户
21447166,1,1,240.38,326,1,高价值核心用户
28694278,1,0,0.0,225,1,高价值核心用户
112198319,3,0,0.0,1644,2,一般用户
23442968,1,45,3321.16,1261,5,一般用户
3063448,1,4,846.23,1307,1,高价值核心用户
33539471,1,13,482.08,321,1,高价值核心用户
86800877,2,2,193.67,155,2,一般用户
89931597,1,18,1268.27,346,1,高价值核心用户
37951207,25,0,0.0,12,3,一般用户
39368828,2,0,0.0,310,2,一般用户
783072,13,0,0.0,26,3,一般用户
78526913,1,0,0.0,1188,1,高价值核心用户
90720609,1,58,2345.6,2465,5,一般用户
39932070,1,1,10.0,609,1,高价值核心用户
33240232,1,2,166.88,378,1,高价值核心用户
46249710,1,0,0.0,114,1,高价值核心用户
142181816,1,2,221.96,1629,1,高价值核心用户
114946034,1,0,0.0,631,1,高价值核心用户
38638142,1,0,0.0,1183,1,高价值核心用户
25528662,5,12,969.94,197,3,一般用户
47551029,1,1,75.58,2527,1,高价值核心用户
132379480,1,5,126.29,484,1,高价值核心用户
28897086,1,10,821.68,1835,1,高价值核心用户
81182608,1,149,7609.63,2049,0,一般用户
125225379,7,0,0.0,22,3,一般用户
125467339,1,0,0.0,127,1,高价值核心用户
125615177,4,1,98.92,135,3,一般用户
136482907,2,10,845.31,570,2,一般用户
125912657,1,213,11935.18,3308,0,一般用户
137182431,1,152,7698.79,981,0,一般用户
4076820,1,0,0.0,325,1,高价值核心用户
92062782,3,0,0.0,29,2,一般用户
151617,1,35,2162.01,825,5,一般用户
92749595,2,0,0.0,16,2,一般用户
47318955,6,0,0.0,62,3,一般用户
99694664,9,0,0.0,183,3,一般用户
101435898,1,458,9506.74,3965,6,一般用户
4744483,1,1,85.15,552,1,高价值核心用户
82329199,2,0,0.0,243,2,一般用户
4755159,1,0,0.0,107,1,高价值核心用户
37701876,1,22,2776.52,1305,5,一般用户
48377656,1,20,237.9,388,1,高价值核心用户
85550335,1,17,1434.81,372,1,高价值核心用户
138675868,1,1,42.85,236,1,高价值核心用户
16832057,1,28,2087.55,943,5,一般用户
49105165,1,21,1257.77,291,1,高价值核心用户
141856245,1,148,5489.63,810,0,一般用户
87056353,1,0,0.0,256,1,高价值核心用户
54206477,4,1,10.0,135,3,一般用户
54798076,7,5,493.39,81,3,一般用户
61328324,2,0,0.0,132,2,一般用户
56124730,1,41,2698.51,253,5,一般用户
91090440,2,1,165.0,524,2,一般用户
65444509,5,1,15.02,119,3,一般用户
69412823,7,2,136.36,138,3,一般用户
57950413,2,0,0.0,175,2,一般用户
74270354,1,12,356.7,186,1,高价值核心用户
60203830,1,10,1054.77,618,1,高价值核心用户
19561223,3,3,418.64,246,2,一般用户
38222533,1,4,587.48,586,1,高价值核心用户
19472274,11,0,0.0,98,3,一般用户
19478600,1,1,218.23,272,1,高价值核心用户
7507359,3,0,0.0,86,2,一般用户
76606093,1,46,2644.56,350,5,一般用户
93389385,2,205,7667.53,1361,0,一般用户
20379505,1,110,5675.8,1116,5,一般用户
22779974,2,3,372.39,1086,2,一般用户
125988015,2,0,0.0,321,2,一般用户
41267769,1,71,3495.71,829,5,一般用户
77938710,2,4,183.55,25,2,一般用户
65683052,1,6,389.69,1195,1,高价值核心用户
81341272,5,0,0.0,191,3,一般用户
127311111,1,1,226.88,711,1,高价值核心用户
85100350,1,76,3068.99,436,5,一般用户
8688021,2,0,0.0,263,2,一般用户
41798966,1,11,736.79,1630,1,高价值核心用户
25558345,1,0,0.0,124,1,高价值核心用户
88150994,1,81,4462.8,884,5,一般用户
128613595,1,0,0.0,1083,1,高价值核心用户
25945368,1,6,580.42,857,1,高价值核心用户
26063061,3,2,61.83,48,2,一般用户
30107666,6,0,0.0,33,3,一般用户
96872650,2,4,109.8,63,2,一般用户
35087975,3,0,0.0,60,2,一般用户
97369087,1,16,1449.64,1063,1,高价值核心用户
35699755,1,26,1405.37,967,1,高价值核心用户
71601515,1,83,4988.93,881,5,一般用户
108481171,1,0,0.0,567,1,高价值核心用户
26502265,1,0,0.0,407,1,高价值核心用户
88271974,1,1,62.32,738,1,高价值核心用户
116457916,3,1,134.91,42,2,一般用户
117347969,1,3,445.23,708,1,高价值核心用户
132297101,2,0,0.0,191,2,一般用户
26974021,2,2,127.54,205,2,一般用户
35896466,5,0,0.0,91,3,一般用户
72371406,1,0,0.0,408,1,高价值核心用户
139544053,16,0,0.0,40,3,一般用户
139774835,1,35,1647.56,648,1,高价值核心用户
3919761,1,1,187.12,155,1,高价值核心用户
37708452,3,1,123.69,277,2,一般用户
50478366,1,2,172.65,238,1,高价值核心用户
42982005,1,0,0.0,312,1,高价值核心用户
88637394,1,0,0.0,219,1,高价值核心用户
97974838,1,2,312.24,914,1,高价值核心用户
101190507,1,1,285.17,1344,1,高价值核心用户
119160278,1,69,3830.62,1529,5,一般用户
77757645,3,0,0.0,52,2,一般用户
78111998,2,2,167.23,516,2,一般用户
94334641,2,0,0.0,350,2,一般用户
53647731,4,2,210.26,302,3,一般用户
44267557,2,1,24.97,132,2,一般用户
4496414,1,3,198.04,235,1,高价值核心用户
45258440,1,1,243.67,125,1,高价值核心用户
14712626,1,20,758.49,451,1,高价值核心用户
49520808,2,10,853.88,525,2,一般用户
55101915,1,1,195.6,716,1,高价值核心用户
51852920,1,0,0.0,54,1,高价值核心用户
53162708,1,17,548.8,792,1,高价值核心用户
78668192,1,1,100.41,228,1,高价值核心用户
94224118,1,12,779.56,192,1,高价值核心用户
103523811,1,6,681.6,267,1,高价值核心用户
79237680,2,0,0.0,73,2,一般用户
105271091,1,9,613.04,119,1,高价值核心用户
19229301,1,17,1695.08,890,1,高价值核心用户
56399419,1,0,0.0,271,1,高价值核心用户
66293783,2,3,343.26,710,2,一般用户
86717393,1,5,287.59,174,1,高价值核心用户
102429532,1,22,1076.61,200,1,高价值核心用户
107765078,1,2,151.47,1306,1,高价值核心用户
56981425,1,3,453.33,565,1,高价值核心用户
8692489,2,1,156.93,87,2,一般用户
55178016,2,6,529.16,227,2,一般用户
106292982,1,48,3171.98,242,5,一般用户
1364464,1,0,0.0,151,1,高价值核心用户
90500697,4,0,0.0,62,3,一般用户
97130073,1,100,1861.41,943,5,一般用户
113418436,4,8,549.86,166,3,一般用户
140863269,1,78,2827.72,398,5,一般用户
66497070,1,77,2587.76,763,5,一般用户
120777483,1,3,243.2,140,1,高价值核心用户
21287960,3,0,0.0,452,2,一般用户
59127123,1,38,1992.31,1012,5,一般用户
72789014,3,0,0.0,120,2,一般用户
20719129,18,0,0.0,7,3,一般用户
122241072,1,1,84.21,225,1,高价值核心用户
2172795,1,0,0.0,1285,1,高价值核心用户
75225777,4,0,0.0,83,3,一般用户
79233582,1,0,0.0,334,1,高价值核心用户
23228065,1,0,0.0,129,1,高价值核心用户
125651053,2,0,0.0,1105,2,一般用户
24718279,1,1,10.0,249,1,高价值核心用户
109127316,1,0,0.0,462,1,高价值核心用户
93025063,5,4,212.38,110,3,一般用户
100772562,2,12,1244.47,236,2,一般用户
67511501,4,0,0.0,158,3,一般用户
81732161,1,4,236.03,300,1,高价值核心用户
26459606,1,0,0.0,152,1,高价值核心用户
103842377,1,46,3057.88,1239,5,一般用户
68225403,1,84,3229.39,673,5,一般用户
60457466,1,1,101.47,355,1,高价值核心用户
35603682,1,11,362.45,201,1,高价值核心用户
110762953,4,6,302.45,187,3,一般用户
87182757,1,1,10.0,473,1,高价值核心用户
39420666,1,8,710.66,1467,1,高价值核心用户
116409191,1,6,204.08,1044,1,高价值核心用户
72384905,1,2,305.6,583,1,高价值核心用户
130265990,1,10,675.13,341,1,高价值核心用户
21904099,8,0,0.0,54,3,一般用户
92583255,5,18,1401.03,236,3,一般用户
25163672,1,2,249.04,84,1,高价值核心用户
70222678,1,6,280.61,446,1,高价值核心用户
35202757,1,16,904.47,688,1,高价值核心用户
130820048,1,0,0.0,292,1,高价值核心用户
94421413,4,0,0.0,551,3,一般用户
72607632,2,15,519.98,282,2,一般用户
71290254,1,148,6409.43,697,0,一般用户
134993021,2,0,0.0,211,2,一般用户
105026849,1,2,344.53,579,1,高价值核心用户
4120403,1,70,3213.21,2069,5,一般用户
117336781,2,0,0.0,264,2,一般用户
137829350,1,45,2075.4,997,5,一般用户
99730920,1,17,1094.01,707,1,高价值核心用户
103094356,1,0,0.0,22,1,高价值核心用户
105310641,1,0,0.0,333,1,高价值核心用户
73729603,7,1,31.43,108,3,一般用户
117544930,1,86,3655.89,1632,5,一般用户
4346474,5,0,0.0,44,3,一般用户
75971112,1,6,383.18,91,1,高价值核心用户
44748590,1,96,4725.15,763,5,一般用户
80680284,1,0,0.0,212,1,高价值核心用户
75301433,1,4,387.89,262,1,高价值核心用户
10951366,7,0,0.0,18,3,一般用户
109689683,1,1,248.18,593,1,高价值核心用户
108369002,2,58,2810.47,800,5,一般用户
81595167,1,66,1448.15,632,5,一般用户
75702827,7,39,2319.35,472,3,一般用户
75821100,1,78,4068.01,1937,5,一般用户
45620035,1,0,0.0,503,1,高价值核心用户
84374385,1,0,0.0,186,1,高价值核心用户
114505674,1,3,466.87,1027,1,高价值核心用户
19902731,1,0,0.0,89,1,高价值核心用户
91713527,1,39,2207.23,635,5,一般用户
23613746,1,5,741.94,726,1,高价值核心用户
112628188,1,0,0.0,129,1,高价值核心用户
117873394,7,15,1432.16,613,3,一般用户
55257797,1,2,221.53,1504,1,高价值核心用户
41388946,1,2,166.67,914,1,高价值核心用户
37405144,1,22,1151.61,451,1,高价值核心用户
119373765,1,0,0.0,91,1,高价值核心用户
9268397,2,2,301.94,405,2,一般用户
131743040,4,1,62.74,22,3,一般用户
13565343,20,0,0.0,22,3,一般用户
136482450,1,0,0.0,948,1,高价值核心用户
118716181,1,17,875.05,433,1,高价值核心用户
118356281,1,2,310.79,948,1,高价值核心用户
93262868,1,27,2060.65,751,5,一般用户
39741393,1,0,0.0,250,1,高价值核心用户
118774009,3,15,757.7,346,2,一般用户
46066007,1,10,669.64,1351,1,高价值核心用户
44706382,2,0,0.0,353,2,一般用户
118839375,1,2,140.06,682,1,高价值核心用户
136797243,2,0,0.0,206,2,一般用户
46997903,1,0,0.0,500,1,高价值核心用户
63458915,1,1,108.51,330,1,高价值核心用户
142244794,1,24,1457.16,1493,1,高价值核心用户
76602764,1,0,0.0,98,1,高价值核心用户
94874137,3,0,0.0,137,2,一般用户
78587720,2,0,0.0,108,2,一般用户
118433993,1,100,3713.24,1031,5,一般用户
83490019,2,0,0.0,49,2,一般用户
94883880,1,51,3248.62,436,5,一般用户
48144461,1,4,182.65,124,1,高价值核心用户
65961855,2,362,4042.53,3117,0,一般用户
84019407,1,3,299.37,424,1,高价值核心用户
121711639,7,1,10.0,134,3,一般用户
55467860,1,13,1397.19,337,1,高价值核心用户
12570225,1,72,5883.94,2431,5,一般用户
84263296,2,3,85.36,258,2,一般用户
95302160,8,2,138.11,193,3,一般用户
61385318,1,0,0.0,245,1,高价值核心用户
47272457,6,1,126.3,230,3,一般用户
84894979,1,5,506.53,215,1,高价值核心用户
61739067,1,22,834.44,513,1,高价值核心用户
50145534,1,0,0.0,132,1,高价值核心用户
92010623,1,2,41.43,709,1,高价值核心用户
19368976,6,202,6902.04,1215,0,一般用户
100875707,1,1,127.72,1055,1,高价值核心用户
85372457,1,3,282.71,1360,1,高价值核心用户
54827821,1,7,457.08,245,1,高价值核心用户
121550598,1,0,0.0,112,1,高价值核心用户
131449826,1,57,4672.73,505,5,一般用户
65848846,3,93,3967.62,861,5,一般用户
60479111,4,1,408.22,483,3,一般用户
131917996,3,12,1124.83,147,2,一般用户
6274948,2,0,0.0,184,2,一般用户
135857964,3,2,114.61,224,2,一般用户
63929694,1,14,1907.88,896,1,高价值核心用户
136506198,2,98,4365.15,414,5,一般用户
101305944,1,45,1431.74,922,1,高价值核心用户
20329246,4,0,0.0,194,3,一般用户
88447964,1,93,3134.69,1403,5,一般用户
129998972,1,0,0.0,127,1,高价值核心用户
24381914,1,2,211.32,391,1,高价值核心用户
132063494,3,7,590.1,559,2,一般用户
137333703,2,0,0.0,218,2,一般用户
7956207,1,1,154.9,801,1,高价值核心用户
28204658,1,0,0.0,1257,1,高价值核心用户
31723437,2,1,146.34,220,2,一般用户
37756852,2,0,0.0,153,2,一般用户
139423598,1,1,86.0,428,1,高价值核心用户
10878250,1,1,98.92,766,1,高价值核心用户
39619583,1,0,0.0,430,1,高价值核心用户
65510821,1,3,167.79,763,1,高价值核心用户
80254452,1,20,1449.88,1106,1,高价值核心用户
140351939,1,8,721.72,403,1,高价值核心用户
90294602,1,0,0.0,106,1,高价值核心用户
46037072,2,0,0.0,88,2,一般用户
67840643,2,12,666.33,321,2,一般用户
90652803,1,0,0.0,132,1,高价值核心用户
52057006,1,60,2534.26,889,5,一般用户
91373045,1,1,119.07,1649,1,高价值核心用户
112171699,1,30,1873.24,2148,1,高价值核心用户
33054630,1,0,0.0,344,1,高价值核心用户
69807585,2,3,401.72,443,2,一般用户
140409125,1,0,0.0,955,1,高价值核心用户
68790834,8,0,0.0,22,3,一般用户
76639598,4,0,0.0,156,3,一般用户
36320937,14,0,0.0,16,3,一般用户
39980640,1,0,0.0,86,1,高价值核心用户
72834081,1,15,954.65,587,1,高价值核心用户
84517694,1,2,133.59,657,1,高价值核心用户
41333358,1,0,0.0,280,1,高价值核心用户
87810699,4,0,0.0,71,3,一般用户
45433328,1,2,195.42,1765,1,高价值核心用户
88972430,4,1,10.0,655,3,一般用户
52578253,1,1,101.47,386,1,高价值核心用户
76599103,1,0,0.0,1124,1,高价值核心用户
86711898,1,0,0.0,1236,1,高价值核心用户
54949966,1,5,334.76,475,1,高价值核心用户
20773583,1,37,1530.8,574,1,高价值核心用户
89428650,1,209,4502.33,2714,0,一般用户
55415825,3,51,1638.27,422,2,一般用户
95607772,2,2,296.53,306,2,一般用户
31942750,1,3,170.15,1078,1,高价值核心用户
79763295,1,1,10.0,672,1,高价值核心用户
95885873,1,62,4226.77,2055,5,一般用户
56219133,5,0,0.0,79,3,一般用户
116731919,1,0,0.0,112,1,高价值核心用户
61443186,1,0,0.0,320,1,高价值核心用户
11792254,1,37,2029.62,624,5,一般用户
52895098,1,25,2875.29,1515,5,一般用户
66132570,1,0,0.0,72,1,高价值核心用户
69195802,1,10,1047.21,1863,1,高价值核心用户
80384982,1,2,119.6,298,1,高价值核心用户
130368376,1,0,0.0,53,1,高价值核心用户
98894859,1,19,1326.56,149,1,高价值核心用户
82263291,3,0,0.0,132,2,一般用户
104683710,1,96,4536.88,667,5,一般用户
14067253,1,3,325.61,392,1,高价值核心用户
83389532,1,0,0.0,214,1,高价值核心用户
37218187,1,39,1064.24,1103,1,高价值核心用户
85310681,1,10,212.3,396,1,高价值核心用户
17713809,27,0,0.0,13,3,一般用户
17720083,1,18,875.37,466,1,高价值核心用户
90333804,2,14,1366.0,519,2,一般用户
10797721,2,3,79.86,152,2,一般用户
86929922,4,0,0.0,59,3,一般用户
88007634,1,0,0.0,290,1,高价值核心用户
28031374,3,0,0.0,50,2,一般用户
110612304,1,2,95.15,412,1,高价值核心用户
57846106,2,0,0.0,174,2,一般用户
3141769,1,0,0.0,313,1,高价值核心用户
97331850,1,17,1190.12,768,1,高价值核心用户
88950524,1,8,1062.5,870,1,高价值核心用户
63910679,1,68,5269.06,616,5,一般用户
96504901,1,1,62.44,1440,1,高价值核心用户
32435644,1,1,31.43,195,1,高价值核心用户
69486826,3,2,85.15,51,2,一般用户
70397129,1,0,0.0,376,1,高价值核心用户
118465665,1,3,442.44,794,1,高价值核心用户
34648649,1,5,502.32,442,1,高价值核心用户
43488815,1,2,173.59,536,1,高价值核心用户
89991765,1,31,1539.79,381,1,高价值核心用户
64585415,1,71,2308.78,487,5,一般用户
4567220,1,0,0.0,128,1,高价值核心用户
121986222,1,11,948.31,249,1,高价值核心用户
97226125,2,20,1522.07,424,2,一般用户
50530013,1,0,0.0,41,1,高价值核心用户
51619092,2,0,0.0,40,2,一般用户
90937322,4,0,0.0,101,3,一般用户
51969859,2,0,0.0,119,2,一般用户
46094459,1,1,10.0,249,1,高价值核心用户
991563,1,1,85.15,1393,1,高价值核心用户
105454547,1,1,10.0,291,1,高价值核心用户
52892259,1,0,0.0,388,1,高价值核心用户
91375354,1,0,0.0,225,1,高价值核心用户
122378590,1,60,2613.58,796,5,一般用户
66850651,1,0,0.0,475,1,高价值核心用户
47321903,1,64,2188.52,1000,5,一般用户
99117769,2,2,173.58,381,2,一般用户
100876687,1,80,3851.38,418,5,一般用户
10761548,2,0,0.0,378,2,一般用户
54258366,1,15,1356.42,330,1,高价值核心用户
97963484,1,3,82.58,457,1,高价值核心用户
10297132,1,30,1578.56,2045,1,高价值核心用户
75377193,1,45,3145.81,396,5,一般用户
99052668,1,1,85.15,362,1,高价值核心用户
101250285,1,46,2553.44,627,5,一般用户
110609527,7,0,0.0,79,3,一般用户
103606020,1,1,10.0,404,1,高价值核心用户
111598255,1,7,627.15,149,1,高价值核心用户
116399303,2,9,664.19,206,2,一般用户
56105906,2,1,113.71,164,2,一般用户
128289511,1,7,737.08,1359,1,高价值核心用户
83618059,1,21,767.65,526,1,高价值核心用户
10455102,1,59,4969.54,824,5,一般用户
120305341,1,0,0.0,1250,1,高价值核心用户
59286093,6,0,0.0,271,3,一般用户
10437655,1,114,6087.67,1025,0,一般用户
60550509,1,18,1078.27,263,1,高价值核心用户
47534581,2,0,0.0,268,2,一般用户
89118490,1,0,0.0,499,1,高价值核心用户
6442389,1,0,0.0,312,1,高价值核心用户
5057199,1,1,154.55,535,1,高价值核心用户
65762927,1,0,0.0,55,1,高价值核心用户
65820387,1,18,879.41,1552,1,高价值核心用户
10630192,1,285,7127.65,1883,0,一般用户
89748192,2,0,0.0,737,2,一般用户
106383829,2,0,0.0,93,2,一般用户
59247271,1,46,2414.73,477,5,一般用户
113323725,1,2,258.88,224,1,高价值核心用户
127437540,4,0,0.0,51,3,一般用户
130289104,1,0,0.0,598,1,高价值核心用户
1053725,1,1,43.39,710,1,高价值核心用户
115244645,1,0,0.0,453,1,高价值核心用户
129528383,1,5,495.0,122,1,高价值核心用户
137463180,1,4,427.51,1513,1,高价值核心用户
5950556,1,0,0.0,1246,1,高价值核心用户
122921831,8,0,0.0,23,3,一般用户
123963959,1,0,0.0,294,1,高价值核心用户
99404305,6,1,310.59,93,3,一般用户
130739831,1,11,1104.36,791,1,高价值核心用户
10068052,4,3,288.81,439,3,一般用户
122030046,4,19,713.56,229,3,一般用户
69389641,6,1,83.61,535,3,一般用户
125935855,2,47,2432.87,215,5,一般用户
1105998,1,9,488.82,225,1,高价值核心用户
128396032,1,2,232.19,603,1,高价值核心用户
102712222,1,0,0.0,459,1,高价值核心用户
127939985,1,37,1609.95,174,1,高价值核心用户
116384466,1,39,2880.85,1081,5,一般用户
132019582,1,15,579.66,296,1,高价值核心用户
70851841,2,3,69.86,195,2,一般用户
132061340,1,172,6719.54,1678,0,一般用户
132323947,1,49,3526.72,691,5,一般用户
74889564,3,0,0.0,24,2,一般用户
77252588,1,0,0.0,624,1,高价值核心用户
103267275,1,11,904.03,91,1,高价值核心用户
131701813,1,1,86.0,269,1,高价值核心用户
106815559,1,0,0.0,2202,1,高价值核心用户
595598,1,5,458.19,1213,1,高价值核心用户
13213333,1,2,338.85,1466,1,高价值核心用户
138324819,1,0,0.0,395,1,高价值核心用户
81541985,1,6,442.92,484,1,高价值核心用户
133651025,1,23,696.37,277,1,高价值核心用户
126544321,1,20,2135.73,304,5,一般用户
135020964,2,0,0.0,364,2,一般用户
141439882,1,8,674.59,181,1,高价值核心用户
137385958,1,1,31.1,763,1,高价值核心用户
29853992,1,3,156.12,201,1,高价值核心用户
81923955,1,24,1195.54,214,1,高价值核心用户
60059149,1,0,0.0,16,1,高价值核心用户
60481646,7,1,10.0,131,3,一般用户
65519398,1,50,2962.38,1286,5,一般用户
31408686,3,13,848.51,197,2,一般用户
88211444,1,0,0.0,175,1,高价值核心用户
137328784,1,0,0.0,81,1,高价值核心用户
140790174,5,6,378.34,129,3,一般用户
141754029,1,19,1137.07,848,1,高价值核心用户
33808787,1,25,1457.8,1780,1,高价值核心用户
133809580,19,0,0.0,7,3,一般用户
135080969,1,3,137.13,747,1,高价值核心用户
137612644,1,3,173.9,360,1,高价值核心用户
139878247,1,0,0.0,30,1,高价值核心用户
14670891,1,0,0.0,249,1,高价值核心用户
13228640,1,11,775.02,241,1,高价值核心用户
25475467,2,0,0.0,175,2,一般用户
14282886,1,4,498.72,292,1,高价值核心用户
99124479,1,0,0.0,291,1,高价值核心用户
102499292,7,2,277.11,134,3,一般用户
135968605,1,1,107.77,443,1,高价值核心用户
109255415,2,1,139.35,40,2,一般用户
134165117,2,0,0.0,162,2,一般用户
26277198,1,12,1020.35,665,1,高价值核心用户
1034452,2,6,516.16,58,2,一般用户
113104667,1,158,6112.83,876,0,一般用户
107552130,1,0,0.0,853,1,高价值核心用户
135408101,8,0,0.0,182,3,一般用户
20243905,1,44,2708.02,1300,5,一般用户
68068629,1,1,217.25,491,1,高价值核心用户
15392376,1,0,0.0,744,1,高价值核心用户
140643525,2,0,0.0,208,2,一般用户
141142627,1,49,2329.65,569,5,一般用户
29351255,2,0,0.0,206,2,一般用户
7055673,1,11,541.76,735,1,高价值核心用户
29855200,1,0,0.0,437,1,高价值核心用户
109202768,1,0,0.0,150,1,高价值核心用户
1160607,1,8,1094.74,2564,1,高价值核心用户
110058610,1,0,0.0,334,1,高价值核心用户
20347929,1,61,2420.48,742,5,一般用户
35829490,1,3,268.36,335,1,高价值核心用户
36090137,1,7,515.27,960,1,高价值核心用户
112342350,1,186,7067.65,1014,0,一般用户
1533523,2,0,0.0,24,2,一般用户
17886992,1,5,507.65,142,1,高价值核心用户
70960824,1,3,453.98,187,1,高价值核心用户
20997825,1,19,310.41,1488,1,高价值核心用户
35967319,1,0,0.0,91,1,高价值核心用户
26938449,1,0,0.0,974,1,高价值核心用户
36110156,1,1,33.68,175,1,高价值核心用户
71671024,2,15,1575.26,846,2,一般用户
2183798,1,0,0.0,516,1,高价值核心用户
43931030,2,0,0.0,156,2,一般用户
39090755,1,5,764.08,774,1,高价值核心用户
44389792,1,7,1075.24,1201,1,高价值核心用户
11695398,1,22,1251.46,178,1,高价值核心用户
21931159,2,0,0.0,279,2,一般用户
121327008,1,12,672.85,205,1,高价值核心用户
12683992,1,13,824.98,187,1,高价值核心用户
24288984,1,106,3269.25,1084,5,一般用户
2910556,1,0,0.0,751,1,高价值核心用户
73241517,1,0,0.0,317,1,高价值核心用户
127524049,1,2,76.74,1166,1,高价值核心用户
73574022,1,19,989.41,1068,1,高价值核心用户
44976866,1,0,0.0,63,1,高价值核心用户
25515014,1,0,0.0,209,1,高价值核心用户
116751277,15,1,10.0,183,3,一般用户
48470191,1,318,9120.8,1807,0,一般用户
34978960,1,1,10.0,217,1,高价值核心用户
44909131,1,3,323.28,541,1,高价值核心用户
33909374,2,0,0.0,60,2,一般用户
118159372,1,0,0.0,50,1,高价值核心用户
34757104,1,8,381.81,175,1,高价值核心用户
47289191,1,1,198.21,680,1,高价值核心用户
118282748,1,90,4283.29,978,5,一般用户
39744838,1,0,0.0,62,1,高价值核心用户
40026875,5,2,120.35,270,3,一般用户
26253026,1,1,192.75,515,1,高价值核心用户
40492706,1,4,386.47,221,1,高价值核心用户
133240213,1,2,136.88,3803,1,高价值核心用户
47908754,2,97,3705.12,632,5,一般用户
74781533,2,1,76.66,94,2,一般用户
60159990,1,27,1885.83,1741,1,高价值核心用户
46661434,2,0,0.0,64,2,一般用户
75419895,3,1,151.82,351,2,一般用户
47942346,1,73,3277.32,412,5,一般用户
28623961,1,29,2584.14,677,5,一般用户
123157899,1,42,1386.63,445,1,高价值核心用户
78324634,1,3,100.88,695,1,高价值核心用户
49815803,1,7,883.94,551,1,高价值核心用户
69869187,1,1,88.94,462,1,高价值核心用户
123848513,1,301,10975.83,1917,0,一般用户
54242064,5,0,0.0,271,3,一般用户
48689754,2,2,147.72,208,2,一般用户
31943268,1,11,1100.52,117,1,高价值核心用户
71883073,1,0,0.0,588,1,高价值核心用户
497764,1,103,3980.63,1960,5,一般用户
35473939,2,0,0.0,44,2,一般用户
54917114,4,4,666.21,92,3,一般用户
35806116,1,30,1546.15,768,1,高价值核心用户
7843229,1,4,302.97,425,1,高价值核心用户
55575058,1,0,0.0,517,1,高价值核心用户
60366651,2,212,4467.66,1432,0,一般用户
84949737,1,281,12430.36,2739,0,一般用户
74056865,1,61,2701.96,446,5,一般用户
37309352,1,17,1036.75,950,1,高价值核心用户
55619772,1,0,0.0,133,1,高价值核心用户
5938241,1,15,855.32,1956,1,高价值核心用户
83768290,1,0,0.0,17,1,高价值核心用户
84439492,3,0,0.0,38,2,一般用户
84698728,1,113,5791.74,1735,0,一般用户
57638892,1,0,0.0,478,1,高价值核心用户
37557912,1,1,62.74,185,1,高价值核心用户
124107376,1,5,203.74,846,1,高价值核心用户
67933987,1,4,445.86,862,1,高价值核心用户
37820897,2,6,411.8,78,2,一般用户
41890917,1,16,918.32,364,1,高价值核心用户
70284542,1,1,10.0,63,1,高价值核心用户
43794910,1,13,737.84,1908,1,高价值核心用户
74335212,4,1,65.24,76,3,一般用户
76038007,1,2,312.21,359,1,高价值核心用户
126550215,1,0,0.0,504,1,高价值核心用户
92892459,1,112,2983.51,1109,5,一般用户
69033110,6,0,0.0,15,3,一般用户
72515822,1,0,0.0,542,1,高价值核心用户
80795824,1,0,0.0,248,1,高价值核心用户
133429407,1,0,0.0,1596,1,高价值核心用户
62492081,3,0,0.0,47,2,一般用户
70441355,1,2,236.53,487,1,高价值核心用户
127020436,3,6,345.01,104,2,一般用户
82448685,1,35,2376.94,1450,5,一般用户
85947802,2,0,0.0,54,2,一般用户
90892502,1,46,2551.15,344,5,一般用户
136742304,9,4,97.95,73,3,一般用户
139793464,1,23,1694.13,1295,1,高价值核心用户
73966521,1,1,10.0,202,1,高价值核心用户
9435211,2,0,0.0,246,2,一般用户
81506172,1,2,228.49,739,1,高价值核心用户
77374787,1,924,8780.45,5565,6,一般用户
96074973,3,3,394.92,129,2,一般用户
96412786,1,132,5640.57,993,0,一般用户
8362294,5,0,0.0,93,3,一般用户
82109537,5,1,96.18,33,3,一般用户
89358432,3,0,0.0,106,2,一般用户
99529968,1,528,6177.02,2688,6,一般用户
101256206,2,3,233.74,741,2,一般用户
87365875,2,37,664.44,645,2,一般用户
93232203,1,15,1019.38,1908,1,高价值核心用户
133581105,1,1,165.75,182,1,高价值核心用户
59057185,3,1,408.22,98,2,一般用户
135928388,2,0,0.0,364,2,一般用户
61454609,1,0,0.0,46,1,高价值核心用户
141464286,1,0,0.0,134,1,高价值核心用户
73416552,1,3,319.73,121,1,高价值核心用户
142138619,1,0,0.0,315,1,高价值核心用户
76228001,1,2,310.48,431,1,高价值核心用户
9375305,2,0,0.0,64,2,一般用户
94696104,1,0,0.0,505,1,高价值核心用户
136588388,2,1,10.0,30,2,一般用户
138003090,1,2,165.19,295,1,高价值核心用户
97217634,1,13,969.51,687,1,高价值核心用户
101304117,1,14,584.91,628,1,高价值核心用户
16476024,1,100,2754.84,1044,5,一般用户
139944915,1,0,0.0,102,1,高价值核心用户
140770379,1,1,215.3,495,1,高价值核心用户
78566320,3,19,766.51,821,2,一般用户
107324439,1,9,592.2,222,1,高价值核心用户
19353465,1,3,395.85,758,1,高价值核心用户
98133460,1,25,1125.23,1521,1,高价值核心用户
100310156,2,0,0.0,148,2,一般用户
99503510,1,1,165.08,1364,1,高价值核心用户
104728454,7,0,0.0,164,3,一般用户
115621707,1,41,1794.33,724,5,一般用户
105638508,1,6,651.01,416,1,高价值核心用户
93456477,1,0,0.0,380,1,高价值核心用户
107628666,6,0,0.0,352,3,一般用户
21824858,1,48,3985.84,2014,5,一般用户
7874812,1,11,1321.1,167,1,高价值核心用户
108969823,1,0,0.0,427,1,高价值核心用户
11089553,1,35,3201.72,812,5,一般用户
82095778,5,0,0.0,87,3,一般用户
86839210,2,0,0.0,469,2,一般用户
117718025,1,33,3144.82,2816,5,一般用户
20799662,1,43,2979.89,317,5,一般用户
110615671,1,2,282.69,632,1,高价值核心用户
24700160,20,0,0.0,30,3,一般用户
2588780,1,2,259.88,715,1,高价值核心用户
88209434,1,4,226.73,1141,1,高价值核心用户
113163428,1,0,0.0,57,1,高价值核心用户
118213394,1,2,20.0,268,1,高价值核心用户
114968456,1,13,1164.15,1099,1,高价值核心用户
9150141,4,1,137.79,56,3,一般用户
112037904,1,1,42.78,700,1,高价值核心用户
121985878,1,67,2795.72,614,5,一般用户
31993013,1,42,3464.61,1065,5,一般用户
24564910,7,1,62.44,62,3,一般用户
25306731,2,0,0.0,171,2,一般用户
91504246,1,0,0.0,555,1,高价值核心用户
130031214,1,0,0.0,1155,1,高价值核心用户
26052997,1,1,177.07,2043,1,高价值核心用户
115634728,1,1,128.93,926,1,高价值核心用户
116473435,1,47,4159.99,400,5,一般用户
46288368,1,17,1425.09,669,1,高价值核心用户
91836183,1,2,121.2,964,1,高价值核心用户
117274933,1,97,3616.94,980,5,一般用户
121314594,1,0,0.0,314,1,高价值核心用户
83681730,1,1,98.92,629,1,高价值核心用户
121984122,1,40,2057.14,255,5,一般用户
54707710,2,20,1493.3,331,2,一般用户
126576453,2,1,91.44,1090,2,一般用户
115912928,1,104,2311.21,671,5,一般用户
134152329,1,2,337.12,710,1,高价值核心用户
66200828,1,13,875.4,780,1,高价值核心用户
91638650,7,0,0.0,123,3,一般用户
9573620,2,1,10.0,1061,2,一般用户
122338823,1,6,808.49,5536,1,高价值核心用户
9171135,1,6,547.66,400,1,高价值核心用户
117961451,1,231,9946.54,2814,0,一般用户
13616260,3,0,0.0,5,2,一般用户
139413160,1,618,9932.08,2162,6,一般用户
92949931,1,6,368.74,408,1,高价值核心用户
135566570,1,2,264.67,198,1,高价值核心用户
69505718,1,65,4577.78,1494,5,一般用户
95937118,3,1,118.58,75,2,一般用户
138524216,1,0,0.0,1142,1,高价值核心用户
27478941,1,4,342.02,521,1,高价值核心用户
97795315,1,0,0.0,2277,1,高价值核心用户
103133076,4,4,519.13,940,3,一般用户
99926967,2,78,4051.4,980,5,一般用户
111943165,1,106,3184.35,679,5,一般用户
27839004,1,3,297.0,926,1,高价值核心用户
116059925,1,41,3550.54,400,5,一般用户
20080716,1,5,792.48,602,1,高价值核心用户
71126415,1,94,4035.87,1008,5,一般用户
142128942,1,30,1958.54,1623,5,一般用户
10960939,1,5,687.94,235,1,高价值核心用户
11805206,1,5,601.84,650,1,高价值核心用户
111213707,1,146,3543.99,1730,5,一般用户
32535404,1,5,403.98,140,1,高价值核心用户
20643274,20,130,6170.11,597,0,一般用户
34795094,1,5,262.68,486,1,高价值核心用户
121632160,2,54,3035.21,963,5,一般用户
119687381,3,0,0.0,34,2,一般用户
120685346,1,1,59.86,756,1,高价值核心用户
38019351,1,7,707.26,117,1,高价值核心用户
71964200,6,0,0.0,154,3,一般用户
40259154,1,0,0.0,74,1,高价值核心用户
22393155,1,20,1710.38,1821,1,高价值核心用户
4102557,1,2,69.9,1217,1,高价值核心用户
76865333,1,2,340.42,82,1,高价值核心用户
79151138,4,0,0.0,124,3,一般用户
16851866,1,28,692.69,395,1,高价值核心用户
79314283,1,0,0.0,104,1,高价值核心用户
128865557,1,0,0.0,55,1,高价值核心用户
136425962,1,2,357.65,1795,1,高价值核心用户
79603001,1,35,1703.61,277,1,高价值核心用户
127666689,2,1,199.69,139,2,一般用户
16933430,2,0,0.0,433,2,一般用户
130132447,1,9,956.9,2321,1,高价值核心用户
85642720,1,5,364.52,93,1,高价值核心用户
86658749,1,15,1066.71,463,1,高价值核心用户
111961699,1,6,414.5,814,1,高价值核心用户
17374737,2,24,829.92,438,2,一般用户
4338344,1,39,2124.41,755,5,一般用户
88749982,1,0,0.0,139,1,高价值核心用户
247543,2,16,1576.37,441,2,一般用户
122383360,1,17,1066.7,733,1,高价值核心用户
97436550,1,4,584.65,210,1,高价值核心用户
116718712,1,1,195.78,470,1,高价值核心用户
26084013,2,37,1833.96,208,2,一般用户
2267344,1,3,372.07,1110,1,高价值核心用户
28806122,1,0,0.0,712,1,高价值核心用户
99327806,1,1,15.02,142,1,高价值核心用户
101120745,1,514,10690.54,2557,6,一般用户
43631068,1,7,409.48,1125,1,高价值核心用户
11975256,2,17,1221.84,207,2,一般用户
126596574,12,1,42.65,82,3,一般用户
131787268,1,38,1691.5,1819,1,高价值核心用户
136958026,1,0,0.0,328,1,高价值核心用户
127584816,1,1,132.32,138,1,高价值核心用户
127896334,1,1,42.78,419,1,高价值核心用户
138467876,2,9,1074.13,488,2,一般用户
23873275,1,1,94.04,156,1,高价值核心用户
28911161,1,86,5125.94,528,5,一般用户
13408757,2,0,0.0,229,2,一般用户
25775757,28,0,0.0,80,3,一般用户
28373415,1,159,6579.33,2228,0,一般用户
134109810,1,122,4887.88,2377,5,一般用户
137129651,1,0,0.0,411,1,高价值核心用户
44144817,1,0,0.0,283,1,高价值核心用户
213655,1,2,257.65,1223,1,高价值核心用户
32438624,1,6,571.9,727,1,高价值核心用户
138554874,1,33,1297.44,534,1,高价值核心用户
56346664,1,22,1107.37,325,1,高价值核心用户
58585610,2,0,0.0,95,2,一般用户
139220719,4,51,1719.82,1411,3,一般用户
62603897,1,0,0.0,288,1,高价值核心用户
32837469,1,0,0.0,381,1,高价值核心用户
137031066,1,0,0.0,398,1,高价值核心用户
10856328,1,3,380.79,411,1,高价值核心用户
65352076,1,1,115.29,857,1,高价值核心用户
33563000,1,4,204.21,253,1,高价值核心用户
140489209,2,0,0.0,21,2,一般用户
22881368,1,6,530.42,91,1,高价值核心用户
35604872,1,0,0.0,132,1,高价值核心用户
109716139,1,20,743.12,535,1,高价值核心用户
23446150,1,191,5296.77,1531,0,一般用户
24473987,6,0,0.0,31,3,一般用户
29072139,15,1,10.0,110,3,一般用户
46428221,1,0,0.0,3365,1,高价值核心用户
31816906,10,0,0.0,146,3,一般用户
37017723,1,0,0.0,206,1,高价值核心用户
66763284,6,10,582.45,241,3,一般用户
37711820,1,55,1630.99,904,5,一般用户
29716977,1,53,1923.88,778,5,一般用户
112009033,1,36,1419.29,573,1,高价值核心用户
73494272,1,6,250.09,109,1,高价值核心用户
74492481,1,3,245.29,1182,1,高价值核心用户
134630812,1,5,396.73,429,1,高价值核心用户
113248155,1,0,0.0,538,1,高价值核心用户
15758254,1,25,1170.4,303,1,高价值核心用户
30647114,2,14,829.29,99,2,一般用户
135410830,1,3,131.8,623,1,高价值核心用户
46133505,2,20,1088.76,1268,2,一般用户
30701625,1,3,354.88,161,1,高价值核心用户
25456026,2,0,0.0,68,2,一般用户
31727427,1,1,237.98,722,1,高价值核心用户
116049086,1,132,3737.16,4980,5,一般用户
1805740,1,3,518.45,593,1,高价值核心用户
31183701,2,1,104.77,569,2,一般用户
82226346,1,1,238.2,189,1,高价值核心用户
141085465,1,0,0.0,148,1,高价值核心用户
142064691,1,14,1566.66,741,1,高价值核心用户
83847851,4,1,226.34,147,3,一般用户
33360839,3,0,0.0,16,2,一般用户
34605051,1,2,61.7,620,1,高价值核心用户
8509077,16,2,167.63,14,3,一般用户
91388957,7,0,0.0,24,3,一般用户
96892229,1,41,810.43,305,1,高价值核心用户
21111117,1,17,812.99,524,1,高价值核心用户
3227231,7,1,72.33,1098,3,一般用户
99103824,1,49,3427.15,617,5,一般用户
18672302,2,2,376.8,529,2,一般用户
22094658,1,47,1845.55,376,5,一般用户
49003690,1,135,7493.82,959,0,一般用户
36517589,1,36,1917.76,795,5,一般用户
20824894,4,4,349.85,320,3,一般用户
23137309,1,43,2090.81,655,5,一般用户
48258563,3,0,0.0,396,2,一般用户
32927277,1,0,0.0,504,1,高价值核心用户
91731364,1,158,6162.54,3045,0,一般用户
1019952,1,3,211.97,491,1,高价值核心用户
21627259,1,0,0.0,231,1,高价值核心用户
49646570,1,0,0.0,1558,1,高价值核心用户
24089111,1,0,0.0,488,1,高价值核心用户
40979555,1,4,465.62,821,1,高价值核心用户
25549508,1,51,1998.68,454,5,一般用户
34399720,3,0,0.0,193,2,一般用户
49830169,5,26,1010.47,435,3,一般用户
128578278,1,25,2200.78,314,5,一般用户
34404169,1,1,98.92,491,1,高价值核心用户
26857882,3,1,134.23,478,2,一般用户
27112508,1,6,390.05,955,1,高价值核心用户
18649051,1,2,229.5,774,1,高价值核心用户
51326262,1,14,1136.82,1006,1,高价值核心用户
4741469,4,0,0.0,40,3,一般用户
59248477,1,13,1324.15,1622,1,高价值核心用户
355287,1,0,0.0,411,1,高价值核心用户
29819397,4,0,0.0,68,3,一般用户
32562103,1,72,3091.13,1555,5,一般用户
19704074,1,0,0.0,171,1,高价值核心用户
38138471,1,1,264.86,460,1,高价值核心用户
20516700,1,51,2897.5,441,5,一般用户
51341836,1,269,7448.74,2521,0,一般用户
61485943,2,9,359.81,173,2,一般用户
27612624,5,0,0.0,25,3,一般用户
36457777,3,74,2377.18,374,2,一般用户
39367110,1,247,10696.72,1258,0,一般用户
62290638,3,0,0.0,169,2,一般用户
20626308,2,0,0.0,249,2,一般用户
6336487,1,2,68.04,718,1,高价值核心用户
36757197,2,0,0.0,206,2,一般用户
21131024,1,1,102.82,463,1,高价值核心用户
40174741,2,4,337.45,263,2,一般用户
62569699,1,5,280.72,642,1,高价值核心用户
58805712,1,13,935.15,214,1,高价值核心用户
22273841,1,49,2735.93,525,5,一般用户
33371922,1,1,10.0,1375,1,高价值核心用户
64804685,22,0,0.0,221,3,一般用户
67743134,1,3,328.85,809,1,高价值核心用户
39927445,3,3,115.24,75,2,一般用户
42565296,1,14,499.22,228,1,高价值核心用户
71090471,1,0,0.0,168,1,高价值核心用户
77055538,1,3,268.49,1303,1,高价值核心用户
22577104,1,7,580.66,1359,1,高价值核心用户
45743550,1,82,6202.43,2880,5,一般用户
71361569,2,37,1797.5,1188,2,一般用户
126360137,6,0,0.0,89,3,一般用户
128135959,1,49,2852.57,1357,5,一般用户
71514585,1,1,248.18,802,1,高价值核心用户
37552619,1,1,217.25,134,1,高价值核心用户
51436651,7,0,0.0,42,3,一般用户
60352954,2,7,510.82,341,2,一般用户
38546869,2,0,0.0,195,2,一般用户
62478205,1,0,0.0,337,1,高价值核心用户
76780582,1,17,807.8,104,1,高价值核心用户
77455082,1,26,2125.37,316,5,一般用户
38913959,1,20,1680.8,465,1,高价值核心用户
77139316,2,332,8696.7,1675,0,一般用户
75510785,1,0,0.0,976,1,高价值核心用户
62944161,1,22,477.33,323,1,高价值核心用户
29554512,24,0,0.0,23,3,一般用户
3282021,1,246,9791.05,3345,0,一般用户
64463199,1,16,1041.82,231,1,高价值核心用户
77630573,6,0,0.0,391,3,一般用户
45892186,1,0,0.0,268,1,高价值核心用户
82698552,7,0,0.0,132,3,一般用户
84676338,1,0,0.0,408,1,高价值核心用户
7829997,3,1,64.28,288,2,一般用户
4772544,10,0,0.0,108,3,一般用户
48862784,22,0,0.0,103,3,一般用户
75881126,3,0,0.0,53,2,一般用户
81729056,1,2,284.69,777,1,高价值核心用户
78045043,1,0,0.0,235,1,高价值核心用户
128217950,1,5,554.51,1545,1,高价值核心用户
6118,1,4,246.94,61,1,高价值核心用户
88707443,1,0,0.0,328,1,高价值核心用户
61779777,1,34,1424.2,189,1,高价值核心用户
80115965,3,4,383.58,42,2,一般用户
68550498,1,1,117.13,699,1,高价值核心用户
83925215,1,3,236.55,994,1,高价值核心用户
95067968,7,4,345.71,66,3,一般用户
10031393,1,3,383.81,377,1,高价值核心用户
79062073,1,201,6549.51,1563,0,一般用户
110844468,1,76,3900.53,601,5,一般用户
82048591,1,8,704.84,170,1,高价值核心用户
69452078,1,42,3256.27,1351,5,一般用户
9090200,1,2,143.02,549,1,高价值核心用户
52610344,1,73,3124.15,446,5,一般用户
91087067,1,34,2190.91,1065,5,一般用户
116439419,1,1,116.71,66,1,高价值核心用户
116509312,1,104,3640.5,937,5,一般用户
60238437,2,1,165.08,279,2,一般用户
128675125,1,15,913.93,757,1,高价值核心用户
73065478,1,5,674.09,1478,1,高价值核心用户
70972620,7,0,0.0,207,3,一般用户
9144935,1,9,636.87,259,1,高价值核心用户
78804173,1,0,0.0,167,1,高价值核心用户
81840544,1,5,622.38,1275,1,高价值核心用户
122421140,1,3,242.25,1199,1,高价值核心用户
8909639,3,16,1888.05,142,2,一般用户
129589867,3,0,0.0,62,2,一般用户
96454874,3,0,0.0,37,2,一般用户
136547699,1,135,6385.78,948,0,一般用户
34403746,1,1,63.15,543,1,高价值核心用户
98171033,7,17,1132.33,197,3,一般用户
92976389,1,1,88.94,372,1,高价值核心用户
101385972,1,1,123.69,130,1,高价值核心用户
102036262,2,0,0.0,155,2,一般用户
10309048,1,107,4884.07,756,5,一般用户
44850256,2,0,0.0,159,2,一般用户
74717191,4,1,107.77,33,3,一般用户
75548296,6,3,282.57,40,3,一般用户
83797489,2,0,0.0,273,2,一般用户
98809181,1,38,2300.2,401,5,一般用户
108382766,1,0,0.0,166,1,高价值核心用户
76995126,1,62,3168.17,584,5,一般用户
50673557,1,2,281.68,3387,1,高价值核心用户
109657854,2,0,0.0,55,2,一般用户
136882508,1,1,107.97,648,1,高价值核心用户
121339632,1,1,165.75,148,1,高价值核心用户
85217109,1,0,0.0,141,1,高价值核心用户
122259561,2,2,129.49,46,2,一般用户
133306897,2,3,167.08,232,2,一般用户
124743027,1,0,0.0,36,1,高价值核心用户
87348753,4,0,0.0,153,3,一般用户
131283996,1,0,0.0,106,1,高价值核心用户
133856338,1,1,134.37,28,1,高价值核心用户
138214018,1,18,1134.51,273,1,高价值核心用户
77275752,2,23,1413.01,182,2,一般用户
91991062,1,0,0.0,101,1,高价值核心用户
13396413,2,9,569.17,167,2,一般用户
106573767,1,0,0.0,97,1,高价值核心用户
92067434,20,4,293.88,17,3,一般用户
81635499,1,34,1895.74,620,5,一般用户
92386613,1,0,0.0,77,1,高价值核心用户
106586433,1,0,0.0,82,1,高价值核心用户
15511710,1,13,827.02,1522,1,高价值核心用户
93890776,1,5,460.01,163,1,高价值核心用户
107376559,1,1,96.37,3138,1,高价值核心用户
137974537,1,60,4262.5,865,5,一般用户
16061238,1,1,10.0,170,1,高价值核心用户
95544540,9,3,371.86,14,3,一般用户
96590134,21,0,0.0,33,3,一般用户
18207861,1,13,1186.79,432,1,高价值核心用户
18374505,2,0,0.0,227,2,一般用户
90009214,2,16,914.75,242,2,一般用户
1897583,2,63,1999.73,847,2,一般用户
92129979,1,0,0.0,507,1,高价值核心用户
28900840,1,1,123.69,51,1,高价值核心用户
29197258,1,18,913.39,466,1,高价值核心用户
30915777,4,23,1657.41,611,3,一般用户
98920553,1,88,4362.51,557,5,一般用户
98435498,5,2,603.51,566,3,一般用户
112504072,1,1,215.3,122,1,高价值核心用户
17503742,2,3,644.82,802,2,一般用户
114083355,1,119,7182.73,1055,0,一般用户
25535039,1,7,367.24,382,1,高价值核心用户
31456426,1,0,0.0,420,1,高价值核心用户
52785857,1,1,176.32,788,1,高价值核心用户
25919157,1,0,0.0,60,1,高价值核心用户
26752434,3,2,122.3,202,2,一般用户
21875488,1,100,5504.58,2473,5,一般用户
34320306,1,0,0.0,347,1,高价值核心用户
37981108,1,148,8187.25,984,0,一般用户
97457481,1,2,149.35,556,1,高价值核心用户
101898979,1,0,0.0,384,1,高价值核心用户
114256023,1,0,0.0,475,1,高价值核心用户
38968501,1,80,2714.65,1266,5,一般用户
65831756,1,0,0.0,370,1,高价值核心用户
95302244,10,12,881.82,71,3,一般用户
101777748,1,18,456.85,215,1,高价值核心用户
112747800,1,0,0.0,213,1,高价值核心用户
108611069,6,0,0.0,9,3,一般用户
108786121,3,0,0.0,123,2,一般用户
65960071,18,3,322.26,18,3,一般用户
6722083,1,32,1282.33,449,1,高价值核心用户
114681302,1,2,62.44,44,1,高价值核心用户
108945253,1,101,2738.5,702,5,一般用户
115239516,1,3,486.73,758,1,高价值核心用户
114896102,1,42,1195.41,331,1,高价值核心用户
117006290,1,134,5355.44,2285,0,一般用户
39630527,1,4,259.15,358,1,高价值核心用户
68597508,1,2,66.53,16,1,高价值核心用户
68710047,3,2,159.84,782,2,一般用户
116331874,1,1,106.55,533,1,高价值核心用户
46387925,2,0,0.0,29,2,一般用户
47137081,4,5,447.99,136,3,一般用户
109893417,1,2,197.13,1213,1,高价值核心用户
115651143,1,0,0.0,4,1,高价值核心用户
116660455,1,12,729.53,308,1,高价值核心用户
49421729,1,0,0.0,544,1,高价值核心用户
42210592,3,1,108.87,353,2,一般用户
78779010,1,24,1247.39,224,1,高价值核心用户
119638820,1,2,136.3,86,1,高价值核心用户
118639068,7,4,98.94,289,3,一般用户
122383497,1,0,0.0,228,1,高价值核心用户
82384961,1,251,12070.68,1313,0,一般用户
122834365,2,1,250.89,152,2,一般用户
11900716,2,1,408.22,27,2,一般用户
119115304,1,5,323.11,1369,1,高价值核心用户
47220515,1,14,939.74,456,1,高价值核心用户
125759978,7,0,0.0,36,3,一般用户
128265537,3,0,0.0,42,2,一般用户
130079335,4,1,151.24,127,3,一般用户
5466222,2,0,0.0,428,2,一般用户
131514258,1,97,4293.15,1437,5,一般用户
62073731,1,79,4422.6,1566,5,一般用户
51429394,2,0,0.0,609,2,一般用户
118807074,1,102,3723.31,602,5,一般用户
117373774,8,23,1184.31,449,3,一般用户
24139240,1,2,10.0,245,1,高价值核心用户
52741439,1,2,214.83,353,1,高价值核心用户
29150925,1,20,1775.2,349,1,高价值核心用户
83988987,1,1,225.17,134,1,高价值核心用户
85071667,1,1,10.0,267,1,高价值核心用户
11818955,1,3,410.42,206,1,高价值核心用户
121148622,1,2,98.94,915,1,高价值核心用户
31700289,1,2,238.08,441,1,高价值核心用户
122786384,1,15,1487.64,361,1,高价值核心用户
54214799,1,38,3253.67,1633,5,一般用户
90805328,1,0,0.0,183,1,高价值核心用户
134051339,1,23,1189.44,915,1,高价值核心用户
123577855,7,0,0.0,76,3,一般用户
127668936,1,90,5417.71,617,5,一般用户
12300043,3,0,0.0,21,2,一般用户
126761012,1,4,493.36,326,1,高价值核心用户
3240412,1,0,0.0,379,1,高价值核心用户
129236851,1,1,88.94,696,1,高价值核心用户
337191,3,7,503.8,139,2,一般用户
64076866,2,26,1342.3,332,2,一般用户
12820152,1,1,130.37,83,1,高价值核心用户
123989115,1,1,77.8,20,1,高价值核心用户
126215864,1,4,310.19,485,1,高价值核心用户
129226331,1,47,1426.85,887,1,高价值核心用户
33852986,1,1,140.09,361,1,高价值核心用户
65746371,1,2,340.35,224,1,高价值核心用户
134936620,1,0,0.0,591,1,高价值核心用户
39416908,1,3,355.65,332,1,高价值核心用户
67865490,1,3,381.08,520,1,高价值核心用户
127112658,1,0,0.0,101,1,高价值核心用户
129706841,1,0,0.0,157,1,高价值核心用户
133621051,2,34,1216.26,284,2,一般用户
55828617,6,1,218.03,225,3,一般用户
41120025,1,0,0.0,103,1,高价值核心用户
132297842,3,1,107.77,53,2,一般用户
135321413,2,1,65.65,218,2,一般用户
133680584,1,6,452.83,2123,1,高价值核心用户
41465121,7,7,274.95,52,3,一般用户
17172693,1,0,0.0,58,1,高价值核心用户
62579531,4,0,0.0,19,3,一般用户
68193194,3,2,301.18,120,2,一般用户
129308119,1,0,0.0,81,1,高价值核心用户
20912759,1,0,0.0,391,1,高价值核心用户
44914992,1,0,0.0,249,1,高价值核心用户
129685421,1,1,218.73,810,1,高价值核心用户
73049202,1,5,630.24,372,1,高价值核心用户
68285359,1,36,4025.96,1586,5,一般用户
135419930,27,0,0.0,22,3,一般用户
136514003,1,1,61.17,71,1,高价值核心用户
17628487,1,42,2680.56,1565,5,一般用户
48270094,1,84,4488.38,1341,5,一般用户
86770260,1,164,5062.79,1939,0,一般用户
23439550,1,0,0.0,336,1,高价值核心用户
24625581,1,72,4960.58,2105,5,一般用户
131785898,1,2,117.77,931,1,高价值核心用户
97832135,1,2,189.08,1002,1,高价值核心用户
100234220,2,1,15.26,531,2,一般用户
49804930,3,0,0.0,269,2,一般用户
71582654,1,27,1050.85,754,1,高价值核心用户
28533948,1,1,180.5,182,1,高价值核心用户
32738038,2,63,3774.52,1592,5,一般用户
5392788,2,0,0.0,27,2,一般用户
57273009,1,25,1234.65,268,1,高价值核心用户
134438519,1,37,2838.11,1013,5,一般用户
103812524,1,1,62.74,667,1,高价值核心用户
137625581,1,0,0.0,155,1,高价值核心用户
60248227,1,0,0.0,340,1,高价值核心用户
139124962,1,0,0.0,761,1,高价值核心用户
74436775,4,0,0.0,169,3,一般用户
96822596,2,0,0.0,180,2,一般用户
28352963,1,26,1261.33,516,1,高价值核心用户
6336158,2,0,0.0,93,2,一般用户
77797798,1,0,0.0,325,1,高价值核心用户
97838802,3,151,5665.89,1195,0,一般用户
73245647,1,1,141.76,197,1,高价值核心用户
105837655,1,2,204.31,283,1,高价值核心用户
82853795,1,114,3317.34,1294,5,一般用户
23165095,1,482,16727.7,4992,6,一般用户
78314284,1,2,184.1,599,1,高价值核心用户
29628336,4,0,0.0,22,3,一般用户
33660702,1,53,4502.6,415,5,一般用户
4186010,1,8,561.5,501,1,高价值核心用户
108087298,2,36,988.24,827,2,一般用户
15437545,1,95,4984.9,3171,5,一般用户
40727661,1,9,555.51,185,1,高价值核心用户
82245480,1,1,74.24,1052,1,高价值核心用户
42113872,1,0,0.0,996,1,高价值核心用户
42653601,1,49,2994.8,682,5,一般用户
95989506,1,6,616.72,185,1,高价值核心用户
102557821,1,1,31.1,56,1,高价值核心用户
105601174,1,0,0.0,86,1,高价值核心用户
108506795,1,0,0.0,110,1,高价值核心用户
109005178,1,146,3064.57,1764,5,一般用户
85063376,1,33,1222.56,858,1,高价值核心用户
108535249,1,1,184.3,1054,1,高价值核心用户
85193905,1,7,404.45,755,1,高价值核心用户
43803932,1,6,935.78,854,1,高价值核心用户
42801008,3,0,0.0,25,2,一般用户
5223307,1,21,1368.51,476,1,高价值核心用户
89647768,1,0,0.0,1682,1,高价值核心用户
55207467,1,2,165.75,2400,1,高价值核心用户
86531384,1,0,0.0,115,1,高价值核心用户
111276571,1,2,357.47,837,1,高价值核心用户
88374425,1,5,256.5,302,1,高价值核心用户
43841794,3,8,466.23,173,2,一般用户
50871193,2,8,885.99,137,2,一般用户
97426338,1,0,0.0,400,1,高价值核心用户
57685274,2,5,464.43,206,2,一般用户
15688979,1,39,2871.43,1049,5,一般用户
98609754,8,0,0.0,520,3,一般用户
59791208,1,24,1822.7,1294,1,高价值核心用户
109533593,1,0,0.0,204,1,高价值核心用户
11171971,1,14,1455.1,536,1,高价值核心用户
116324656,1,221,10883.27,1779,0,一般用户
113421475,1,9,969.63,125,1,高价值核心用户
99721088,1,5,895.83,1876,1,高价值核心用户
10120410,1,2,99.31,122,1,高价值核心用户
119337753,1,1,20.97,359,1,高价值核心用户
107066825,4,2,233.75,32,3,一般用户
17696910,6,4,217.25,345,3,一般用户
110043519,1,1,132.56,330,1,高价值核心用户
121000384,1,23,2182.85,3061,5,一般用户
34318191,1,35,1822.95,830,1,高价值核心用户
113078957,1,5,365.42,1754,1,高价值核心用户
98224094,3,0,0.0,97,2,一般用户
10141023,2,4,211.54,129,2,一般用户
2338844,1,0,0.0,21,1,高价值核心用户
25487075,1,23,1566.0,667,1,高价值核心用户
608951,1,2,95.28,1015,1,高价值核心用户
102178411,1,2,106.46,239,1,高价值核心用户
56410564,1,0,0.0,345,1,高价值核心用户
107272478,1,0,0.0,285,1,高价值核心用户
57940111,3,57,1258.33,367,2,一般用户
119759842,1,0,0.0,353,1,高价值核心用户
109939909,1,1,18.97,2785,1,高价值核心用户
39248540,1,45,2319.62,487,5,一般用户
27320888,1,50,2243.73,409,5,一般用户
120060551,10,0,0.0,183,3,一般用户
59302934,1,0,0.0,125,1,高价值核心用户
39848859,1,3,272.81,407,1,高价值核心用户
62833198,1,1,89.79,207,1,高价值核心用户
65494965,1,1,123.69,176,1,高价值核心用户
12605760,1,2,165.75,288,1,高价值核心用户
31685709,1,0,0.0,583,1,高价值核心用户
72181751,1,0,0.0,73,1,高价值核心用户
63084469,1,0,0.0,347,1,高价值核心用户
73577977,2,0,0.0,66,2,一般用户
127540574,1,5,252.88,471,1,高价值核心用户
78808413,2,14,1113.78,461,2,一般用户
118516573,2,0,0.0,303,2,一般用户
40164889,2,5,342.82,375,2,一般用户
70807729,4,42,728.78,312,3,一般用户
43864355,2,53,2089.23,1283,2,一般用户
121428573,2,0,0.0,292,2,一般用户
79181598,23,2,231.66,7,3,一般用户
8764314,2,0,0.0,290,2,一般用户
44392514,1,0,0.0,813,1,高价值核心用户
135131647,14,0,0.0,38,3,一般用户
7121453,1,2,80.08,385,1,高价值核心用户
140651069,4,0,0.0,81,3,一般用户
15304564,1,1,115.85,274,1,高价值核心用户
89825616,1,0,0.0,635,1,高价值核心用户
124836406,1,0,0.0,363,1,高价值核心用户
76910457,1,0,0.0,317,1,高价值核心用户
2103722,1,0,0.0,764,1,高价值核心用户
1259845,2,1,56.45,675,2,一般用户
122269318,10,0,0.0,380,3,一般用户
77310910,1,1,272.25,1001,1,高价值核心用户
48123195,1,62,3153.33,439,5,一般用户
90568957,1,0,0.0,140,1,高价值核心用户
45081001,1,124,6631.05,1379,0,一般用户
96771520,8,6,249.86,202,3,一般用户
26863866,1,2,10.0,291,1,高价值核心用户
52525317,1,1,156.66,635,1,高价值核心用户
126077020,1,0,0.0,152,1,高价值核心用户
21233965,2,153,10860.04,1196,0,一般用户
116867259,1,14,1065.12,2474,1,高价值核心用户
128394404,1,0,0.0,68,1,高价值核心用户
29434857,2,13,897.46,121,2,一般用户
132653097,1,132,5801.45,1599,0,一般用户
32489057,1,0,0.0,11,1,高价值核心用户
33838299,1,0,0.0,300,1,高价值核心用户
92871619,3,0,0.0,37,2,一般用户
101145301,7,0,0.0,104,3,一般用户
82595325,1,0,0.0,22,1,高价值核心用户
87351617,1,14,1391.79,126,1,高价值核心用户
102303177,2,1,124.64,551,2,一般用户
34552652,1,8,497.58,643,1,高价值核心用户
92332710,5,4,278.48,37,3,一般用户
53569008,1,96,4231.93,1118,5,一般用户
2196875,1,14,1383.03,415,1,高价值核心用户
99517258,1,0,0.0,113,1,高价值核心用户
101403291,3,7,469.81,208,2,一般用户
51098608,1,52,3114.28,1604,5,一般用户
118152898,1,2,213.21,880,1,高价值核心用户
103141994,1,0,0.0,229,1,高价值核心用户
25841169,1,30,280.33,227,1,高价值核心用户
36120931,3,0,0.0,16,2,一般用户
39222343,1,12,615.5,600,1,高价值核心用户
104143619,3,4,214.33,294,2,一般用户
27625670,1,45,1550.89,389,1,高价值核心用户
109476189,1,0,0.0,14,1,高价值核心用户
27636346,1,0,0.0,435,1,高价值核心用户
110450175,3,15,860.61,364,2,一般用户
55556537,2,5,302.61,254,2,一般用户
46241573,7,0,0.0,51,3,一般用户
4725269,1,0,0.0,2234,1,高价值核心用户
135639209,1,11,991.98,1856,1,高价值核心用户
118779051,1,5,407.09,80,1,高价值核心用户
119389676,1,37,2099.6,1197,5,一般用户
115636067,1,0,0.0,565,1,高价值核心用户
56002069,1,6,456.68,600,1,高价值核心用户
31052402,1,15,1141.93,494,1,高价值核心用户
11993970,3,209,6485.76,1241,0,一般用户
41865396,1,3,370.59,847,1,高价值核心用户
5699616,1,0,0.0,25,1,高价值核心用户
62024754,1,100,3457.83,2252,5,一般用户
124755978,1,59,1798.36,1022,5,一般用户
63588363,1,11,579.77,158,1,高价值核心用户
64643879,1,0,0.0,153,1,高价值核心用户
76054159,17,0,0.0,40,3,一般用户
131662415,4,8,406.32,159,3,一般用户
86673531,1,0,0.0,422,1,高价值核心用户
134073831,2,2,163.28,111,2,一般用户
43603561,2,34,1231.57,370,2,一般用户
134580497,1,97,2834.63,2160,5,一般用户
51880896,7,0,0.0,415,3,一般用户
132347980,1,0,0.0,318,1,高价值核心用户
23346515,3,0,0.0,547,2,一般用户
120450577,1,55,2336.8,753,5,一般用户
52844100,1,20,1939.67,259,1,高价值核心用户
132731360,1,45,3357.11,2116,5,一般用户
47436377,1,1,10.0,161,1,高价值核心用户
9388372,2,73,3450.97,812,5,一般用户
10187137,1,0,0.0,147,1,高价值核心用户
50030868,1,5,550.79,360,1,高价值核心用户
103704577,3,0,0.0,249,2,一般用户
54187558,1,16,1452.52,300,1,高价值核心用户
30868346,2,0,0.0,66,2,一般用户
6685234,1,4,458.35,620,1,高价值核心用户
114377254,1,5,719.3,881,1,高价值核心用户
32572266,1,105,5873.89,455,0,一般用户
121639491,3,0,0.0,406,2,一般用户
57041703,1,1,193.82,516,1,高价值核心用户
52066451,11,0,0.0,10,3,一般用户
52368085,1,1,132.56,1190,1,高价值核心用户
35014928,1,17,1363.46,1158,1,高价值核心用户
124559254,1,0,0.0,279,1,高价值核心用户
69687230,1,108,6072.22,1094,0,一般用户
57577068,2,12,701.0,436,2,一般用户
129072827,1,0,0.0,257,1,高价值核心用户
114931013,1,78,4219.89,807,5,一般用户
130497558,1,18,1309.52,796,1,高价值核心用户
139014554,1,1,113.97,207,1,高价值核心用户
57773119,1,1,62.47,303,1,高价值核心用户
36751669,1,1,66.32,654,1,高价值核心用户
16071365,7,6,460.84,226,3,一般用户
53227937,1,7,845.11,787,1,高价值核心用户
17432120,1,9,589.79,410,1,高价值核心用户
133262618,1,38,1619.81,455,1,高价值核心用户
60079613,1,265,8542.12,1700,0,一般用户
116799988,8,0,0.0,179,3,一般用户
118228924,1,0,0.0,196,1,高价值核心用户
139946254,1,2,59.86,202,1,高价值核心用户
85447850,2,333,6903.64,1544,0,一般用户
15064877,1,4,204.6,370,1,高价值核心用户
16710912,2,2,229.6,90,2,一般用户
38642555,1,6,206.95,318,1,高价值核心用户
122141696,1,2,94.39,345,1,高价值核心用户
1820303,1,0,0.0,28,1,高价值核心用户
22153508,1,51,3474.36,2396,5,一般用户
2003464,1,0,0.0,948,1,高价值核心用户
56259246,1,17,1389.03,1169,1,高价值核心用户
58072344,2,0,0.0,116,2,一般用户
122430841,1,170,4664.64,2140,0,一般用户
1806084,1,93,1228.84,513,5,一般用户
60112819,1,19,1083.73,92,1,高价值核心用户
76271403,1,105,4581.58,791,5,一般用户
59174013,1,28,2875.94,390,5,一般用户
18519220,1,7,793.14,430,1,高价值核心用户
21790996,1,22,2178.68,600,5,一般用户
19865503,3,35,2062.85,593,2,一般用户
61375478,1,0,0.0,24,1,高价值核心用户
66819420,1,77,2834.84,872,5,一般用户
7630304,1,1,180.28,1451,1,高价值核心用户
74507077,1,1,116.71,160,1,高价值核心用户
89417510,1,3,169.55,609,1,高价值核心用户
74926183,1,1,130.06,179,1,高价值核心用户
21883663,1,0,0.0,108,1,高价值核心用户
80443167,1,0,0.0,95,1,高价值核心用户
86273519,2,194,9025.1,1579,0,一般用户
26916485,1,6,546.46,67,1,高价值核心用户
28692321,1,0,0.0,351,1,高价值核心用户
23384426,13,0,0.0,39,3,一般用户
2364863,1,0,0.0,183,1,高价值核心用户
34442641,1,37,1621.76,572,1,高价值核心用户
35974755,1,4,436.46,250,1,高价值核心用户
91380448,18,1,122.5,255,3,一般用户
68917618,1,2,191.11,224,1,高价值核心用户
44193672,1,4,588.12,2261,1,高价值核心用户
77661755,2,64,2840.56,504,5,一般用户
9863416,1,94,5126.19,1092,5,一般用户
108912700,1,0,0.0,293,1,高价值核心用户
28564144,2,0,0.0,242,2,一般用户
80283819,1,284,6419.14,2490,0,一般用户
36370250,3,2,75.5,104,2,一般用户
114845984,1,70,5782.42,1108,5,一般用户
8455780,2,3,157.35,260,2,一般用户
42063682,1,1,192.69,464,1,高价值核心用户
97701698,1,8,711.43,269,1,高价值核心用户
12322077,1,3,205.53,441,1,高价值核心用户
37209969,1,17,347.36,605,1,高价值核心用户
85203528,1,11,599.99,132,1,高价值核心用户
93050081,1,1,177.07,573,1,高价值核心用户
45542148,1,0,0.0,140,1,高价值核心用户
126551956,1,1,98.92,1190,1,高价值核心用户
46405869,1,40,2380.64,444,5,一般用户
4095217,1,275,1883.46,779,5,一般用户
55141244,1,4,156.34,392,1,高价值核心用户
94761124,1,0,0.0,383,1,高价值核心用户
117228712,1,2,93.77,266,1,高价值核心用户
122136651,2,104,5302.38,600,5,一般用户
97729365,1,0,0.0,393,1,高价值核心用户
106726676,3,4,193.0,330,2,一般用户
4261260,2,133,3936.94,736,5,一般用户
55821833,2,68,2510.38,473,5,一般用户
93471096,2,0,0.0,440,2,一般用户
100459462,4,5,115.41,65,3,一般用户
128002749,4,115,1611.35,1293,3,一般用户
116223148,1,10,776.77,932,1,高价值核心用户
109193357,1,2,251.79,288,1,高价值核心用户
48885147,1,57,2418.56,1374,5,一般用户
57981025,1,36,2097.43,2843,5,一般用户
122325961,4,5,700.99,95,3,一般用户
111325865,1,47,1231.25,2604,1,高价值核心用户
95386873,8,17,809.3,245,3,一般用户
123394263,1,0,0.0,194,1,高价值核心用户
48434349,9,0,0.0,9,3,一般用户
52196654,1,0,0.0,201,1,高价值核心用户
132661158,5,0,0.0,73,3,一般用户
97384092,1,1,62.44,282,1,高价值核心用户
133754248,2,0,0.0,269,2,一般用户
54704248,3,0,0.0,197,2,一般用户
138100684,1,0,0.0,1627,1,高价值核心用户
11783149,1,2,90.08,275,1,高价值核心用户
59797150,2,6,416.84,224,2,一般用户
131035236,2,12,549.17,744,2,一般用户
118289685,16,0,0.0,10,3,一般用户
120964894,1,0,0.0,135,1,高价值核心用户
62443822,1,4,397.92,123,1,高价值核心用户
121474035,1,0,0.0,127,1,高价值核心用户
122679643,1,26,1564.85,768,1,高价值核心用户
63159938,1,31,2342.48,465,5,一般用户
49252659,1,2,153.62,183,1,高价值核心用户
57808521,1,1,104.99,964,1,高价值核心用户
134232421,1,26,1527.45,627,1,高价值核心用户
74288102,16,1,159.78,28,3,一般用户
77524894,1,72,2067.25,1057,5,一般用户
9661335,2,4,408.76,303,2,一般用户
10557490,19,0,0.0,8,3,一般用户
109978933,1,13,1022.56,921,1,高价值核心用户
12339789,4,23,1195.76,468,3,一般用户
111527414,1,7,247.96,103,1,高价值核心用户
135846824,1,3,284.59,117,1,高价值核心用户
114027385,1,1,165.75,370,1,高价值核心用户
15484510,1,0,0.0,52,1,高价值核心用户
17552766,1,26,2013.6,1994,5,一般用户
13034876,2,0,0.0,483,2,一般用户
61925056,1,1,135.75,1191,1,高价值核心用户
139891563,1,1,32.82,2172,1,高价值核心用户
58423360,1,20,1167.4,326,1,高价值核心用户
115834991,1,40,1999.13,1489,5,一般用户
84072731,3,1,113.97,145,2,一般用户
110299025,1,0,0.0,31,1,高价值核心用户
114354173,3,0,0.0,119,2,一般用户
86581662,1,0,0.0,273,1,高价值核心用户
115678613,6,3,428.33,200,3,一般用户
60532141,11,0,0.0,73,3,一般用户
13110515,1,0,0.0,676,1,高价值核心用户
63487630,1,0,0.0,7,1,高价值核心用户
69859994,2,0,0.0,178,2,一般用户
71678956,1,1,408.22,358,1,高价值核心用户
91632938,1,0,0.0,111,1,高价值核心用户
122388121,2,4,906.99,2970,2,一般用户
95204063,1,0,0.0,320,1,高价值核心用户
113214758,14,0,0.0,25,3,一般用户
114596559,2,53,4757.2,721,5,一般用户
137585300,2,16,1223.33,135,2,一般用户
72436782,1,1,97.96,1014,1,高价值核心用户
16611975,1,5,223.84,222,1,高价值核心用户
17216075,1,1,62.25,1372,1,高价值核心用户
63583265,1,223,8485.91,1250,0,一般用户
115783585,1,16,628.39,360,1,高价值核心用户
120962802,1,59,2344.15,1777,5,一般用户
80308823,5,0,0.0,49,3,一般用户
8240912,1,20,958.87,721,1,高价值核心用户
117262198,1,0,0.0,302,1,高价值核心用户
16601047,1,5,540.06,235,1,高价值核心用户
117300067,6,0,0.0,100,3,一般用户
18315147,2,0,0.0,274,2,一般用户
27050179,1,1,81.27,243,1,高价值核心用户
117977942,1,32,1505.66,1523,1,高价值核心用户
2820961,1,29,2329.0,1114,5,一般用户
93422967,1,4,338.67,144,1,高价值核心用户
22178598,1,71,3533.06,369,5,一般用户
93492827,30,0,0.0,4,3,一般用户
67822184,1,12,1249.79,1696,1,高价值核心用户
93670699,1,0,0.0,171,1,高价值核心用户
25265512,6,80,3018.48,357,3,一般用户
95269877,1,7,571.46,505,1,高价值核心用户
25990178,1,1,173.31,1143,1,高价值核心用户
26801916,1,1,76.08,116,1,高价值核心用户
2989110,1,5,754.09,494,1,高价值核心用户
123250328,2,154,1912.71,1872,5,一般用户
93080101,1,0,0.0,1247,1,高价值核心用户
103595250,1,3,366.51,1133,1,高价值核心用户
39079609,4,0,0.0,143,3,一般用户
28665006,3,0,0.0,226,2,一般用户
42012969,1,0,0.0,290,1,高价值核心用户
121000755,1,0,0.0,587,1,高价值核心用户
29726098,4,0,0.0,36,3,一般用户
129011195,1,79,4017.93,518,5,一般用户
30080377,1,0,0.0,113,1,高价值核心用户
33259936,1,0,0.0,439,1,高价值核心用户
31456519,1,114,6576.15,1353,0,一般用户
42973948,1,52,3020.81,745,5,一般用户
68476997,1,0,0.0,234,1,高价值核心用户
69626316,1,43,1837.6,1524,5,一般用户
129070018,8,7,375.39,77,3,一般用户
33448326,1,37,3180.07,1801,5,一般用户
12462869,4,0,0.0,92,3,一般用户
131201465,1,0,0.0,724,1,高价值核心用户
13622216,1,18,668.56,269,1,高价值核心用户
104794506,4,0,0.0,120,3,一般用户
107376041,6,1,24.05,280,3,一般用户
136571906,1,125,2530.15,1291,5,一般用户
43349674,1,34,1932.47,311,5,一般用户
1091123,1,144,5614.53,1227,0,一般用户
133002039,2,13,1544.25,399,2,一般用户
79913494,1,0,0.0,210,1,高价值核心用户
47883477,2,0,0.0,47,2,一般用户
4869558,1,0,0.0,317,1,高价值核心用户
36582945,1,147,4604.64,1021,5,一般用户
12388225,3,0,0.0,32,2,一般用户
128838543,1,2,408.22,225,1,高价值核心用户
82738660,1,25,1181.42,301,1,高价值核心用户
135402088,1,4,551.9,4372,1,高价值核心用户
54423533,2,6,382.09,2728,2,一般用户
129073019,8,0,0.0,41,3,一般用户
131466845,1,176,5683.93,1102,0,一般用户
83173056,8,7,358.21,59,3,一般用户
83851924,1,590,13717.14,2412,6,一般用户
3808025,4,0,0.0,43,3,一般用户
39470978,1,12,636.43,344,1,高价值核心用户
36713639,3,0,0.0,78,2,一般用户
140397235,1,2,107.81,195,1,高价值核心用户
37004434,1,1,150.78,194,1,高价值核心用户
48480943,1,1,271.52,271,1,高价值核心用户
114771809,1,13,1584.43,243,1,高价值核心用户
141906479,1,14,1024.85,417,1,高价值核心用户
4060646,1,1,98.92,425,1,高价值核心用户
511319,1,0,0.0,260,1,高价值核心用户
115876596,1,4,511.29,456,1,高价值核心用户
136652360,1,2,102.72,828,1,高价值核心用户
53881441,1,6,727.77,149,1,高价值核心用户
1486585,5,14,1843.7,321,3,一般用户
40884180,1,0,0.0,197,1,高价值核心用户
57518362,1,6,688.47,582,1,高价值核心用户
11683605,1,0,0.0,182,1,高价值核心用户
44152472,1,14,1278.01,304,1,高价值核心用户
18728199,1,7,915.31,2330,1,高价值核心用户
117226243,2,8,508.55,133,2,一般用户
6236717,6,0,0.0,180,3,一般用户
45208426,6,5,74.28,64,3,一般用户
117849060,1,0,0.0,93,1,高价值核心用户
45384478,1,15,1318.3,1117,1,高价值核心用户
128140192,1,0,0.0,305,1,高价值核心用户
6392284,14,0,0.0,13,3,一般用户
64379712,8,0,0.0,3,3,一般用户
73855909,2,1,98.92,142,2,一般用户
137513013,1,1,58.04,391,1,高价值核心用户
7436994,1,35,1292.76,523,1,高价值核心用户
130347983,1,38,2867.79,297,5,一般用户
142171065,16,0,0.0,18,3,一般用户
6303684,2,0,0.0,386,2,一般用户
15924838,1,8,620.29,2088,1,高价值核心用户
131646739,1,2,360.36,535,1,高价值核心用户
63339213,1,24,1068.5,291,1,高价值核心用户
75712090,2,1,408.22,58,2,一般用户
84826816,1,1,74.24,338,1,高价值核心用户
76732078,1,10,705.29,1624,1,高价值核心用户
132575491,1,1,103.91,456,1,高价值核心用户
48962145,1,1,10.0,347,1,高价值核心用户
75986489,2,2,182.08,332,2,一般用户
86900115,1,1,123.69,283,1,高价值核心用户
13451882,1,0,0.0,106,1,高价值核心用户
88927446,1,1,58.72,326,1,高价值核心用户
50010860,1,87,4376.63,968,5,一般用户
76627657,2,0,0.0,574,2,一般用户
134681866,5,6,26.04,174,3,一般用户
138008976,2,0,0.0,220,2,一般用户
93428377,1,4,392.69,673,1,高价值核心用户
139808909,1,0,0.0,522,1,高价值核心用户
19375389,1,0,0.0,602,1,高价值核心用户
82905542,1,103,2785.81,5215,5,一般用户
77965060,1,1,124.99,1047,1,高价值核心用户
17529630,1,1,10.0,476,1,高价值核心用户
25330254,1,80,3994.05,871,5,一般用户
97175671,1,20,1017.72,1737,1,高价值核心用户
20376137,1,0,0.0,366,1,高价值核心用户
50197899,1,61,2867.38,867,5,一般用户
23357120,1,2,191.07,559,1,高价值核心用户
23095086,1,3,140.06,136,1,高价值核心用户
26081392,1,132,5064.38,1020,5,一般用户
20596476,10,62,3086.2,237,3,一般用户
25477392,2,28,1594.56,849,2,一般用户
20942421,1,0,0.0,218,1,高价值核心用户
50198894,4,0,0.0,55,3,一般用户
26562102,1,3,441.67,2678,1,高价值核心用户
54481329,1,6,365.38,108,1,高价值核心用户
22808710,2,17,1154.73,208,2,一般用户
82252304,6,0,0.0,105,3,一般用户
54658786,2,162,4584.33,878,0,一般用户
84414222,1,2,51.23,785,1,高价值核心用户
27068656,2,12,938.41,469,2,一般用户
2763135,1,0,0.0,60,1,高价值核心用户
2720721,1,11,1232.28,2423,1,高价值核心用户
37709773,1,2,166.41,150,1,高价值核心用户
27850931,1,197,5512.38,1722,0,一般用户
41919803,6,1,77.55,435,3,一般用户
5485673,1,1,101.47,358,1,高价值核心用户
84492068,1,4,421.98,1309,1,高价值核心用户
94489517,1,1,74.29,93,1,高价值核心用户
104084848,2,50,1685.16,1358,2,一般用户
56245076,1,128,4764.6,1718,5,一般用户
49394233,1,2,226.27,3692,1,高价值核心用户
30955749,4,180,5152.99,1482,0,一般用户
27845176,2,0,0.0,698,2,一般用户
85614421,2,5,462.96,25,2,一般用户
90030565,4,0,0.0,199,3,一般用户
91829241,2,0,0.0,130,2,一般用户
104394218,5,0,0.0,32,3,一般用户
10887844,1,19,1568.29,867,1,高价值核心用户
30516756,1,2,173.33,141,1,高价值核心用户
31777926,2,0,0.0,287,2,一般用户
99018543,1,3,304.14,1230,1,高价值核心用户
100121842,1,1,10.0,352,1,高价值核心用户
57115045,2,0,0.0,68,2,一般用户
59012689,1,0,0.0,239,1,高价值核心用户
32445953,1,34,3170.66,623,5,一般用户
33987590,1,1,186.64,534,1,高价值核心用户
60879635,1,85,3404.28,883,5,一般用户
110157491,10,0,0.0,10,3,一般用户
11731068,13,49,3108.94,260,3,一般用户
102042828,1,1,10.0,759,1,高价值核心用户
120313286,1,47,3117.0,1174,5,一般用户
34566759,1,47,2746.03,573,5,一般用户
3304327,1,6,195.16,1129,1,高价值核心用户
8440456,1,88,3835.33,1645,5,一般用户
3207324,4,6,556.05,50,3,一般用户
34723367,2,66,5209.69,946,5,一般用户
50555770,2,0,0.0,13,2,一般用户
51612422,1,0,0.0,575,1,高价值核心用户
10265423,2,27,1190.73,242,2,一般用户
63330474,10,0,0.0,121,3,一般用户
6598755,7,1,10.0,78,3,一般用户
44005966,1,65,4727.04,1068,5,一般用户
68299137,6,0,0.0,92,3,一般用户
102727427,1,39,1604.17,815,1,高价值核心用户
69631141,1,0,0.0,268,1,高价值核心用户
56646633,1,0,0.0,211,1,高价值核心用户
70351826,1,0,0.0,80,1,高价值核心用户
78331026,1,119,2511.14,2670,5,一般用户
62699395,9,0,0.0,56,3,一般用户
65479688,1,3,328.16,626,1,高价值核心用户
122081386,1,1,55.71,499,1,高价值核心用户
3566914,1,0,0.0,766,1,高价值核心用户
35758737,1,2,211.17,1124,1,高价值核心用户
103331903,1,2,252.52,556,1,高价值核心用户
44542843,3,0,0.0,430,2,一般用户
126611664,5,3,198.62,54,3,一般用户
127596499,5,2,220.8,123,3,一般用户
133840323,4,1,51.84,309,3,一般用户
73884777,6,0,0.0,80,3,一般用户
57074474,1,1,42.65,57,1,高价值核心用户
75878438,1,16,590.83,187,1,高价值核心用户
135895823,1,2,179.9,236,1,高价值核心用户
68513171,1,1,90.75,878,1,高价值核心用户
89349895,1,0,0.0,64,1,高价值核心用户
41986120,3,4,411.68,105,2,一般用户
90019648,1,0,0.0,280,1,高价值核心用户
44567219,8,0,0.0,4,3,一般用户
45900362,1,0,0.0,186,1,高价值核心用户
79678094,1,16,500.3,536,1,高价值核心用户
103447009,1,1,57.94,297,1,高价值核心用户
136754847,1,28,2441.46,708,5,一般用户
48777158,1,77,2544.64,541,5,一般用户
36953591,1,22,1501.24,1410,1,高价值核心用户
104790588,1,0,0.0,222,1,高价值核心用户
91719173,1,4,311.56,1124,1,高价值核心用户
108168148,3,17,1377.09,979,2,一般用户
87153634,1,5,302.86,165,1,高价值核心用户
52808446,1,4,584.87,1262,1,高价值核心用户
71211432,3,0,0.0,113,2,一般用户
88214207,1,0,0.0,36,1,高价值核心用户
91500491,3,2,316.21,144,2,一般用户
7129140,1,0,0.0,214,1,高价值核心用户
15950724,1,70,3859.41,454,5,一般用户
91540968,1,91,2426.93,515,5,一般用户
75916920,1,137,7229.52,1516,0,一般用户
86817915,1,0,0.0,264,1,高价值核心用户
19340590,1,0,0.0,495,1,高价值核心用户
11007737,1,1,139.74,146,1,高价值核心用户
89644945,1,226,5994.72,911,0,一般用户
92502609,3,59,2264.55,322,2,一般用户
116230289,3,2,246.38,296,2,一般用户
68875424,7,10,410.24,60,3,一般用户
73197087,1,2,256.75,219,1,高价值核心用户
21193363,1,276,5591.16,1319,0,一般用户
48702002,3,0,0.0,110,2,一般用户
117765542,1,2,198.18,414,1,高价值核心用户
49683822,1,8,355.29,519,1,高价值核心用户
74694804,1,63,3263.6,1391,5,一般用户
99989881,1,10,633.89,337,1,高价值核心用户
100366139,1,0,0.0,612,1,高价值核心用户
91272450,1,0,0.0,252,1,高价值核心用户
107720462,7,0,0.0,63,3,一般用户
118476662,19,0,0.0,7,3,一般用户
119084219,1,0,0.0,725,1,高价值核心用户
110423160,1,0,0.0,439,1,高价值核心用户
53002589,1,37,1867.88,801,5,一般用户
96079462,1,9,758.79,288,1,高价值核心用户
80808868,4,0,0.0,60,3,一般用户
85788191,1,1,117.13,56,1,高价值核心用户
89837777,1,0,0.0,243,1,高价值核心用户
126555091,2,7,395.61,134,2,一般用户
100397503,1,4,214.54,1377,1,高价值核心用户
135665686,1,31,2170.98,1296,5,一般用户
90924422,4,13,1121.44,2167,3,一般用户
126010230,2,83,2696.57,1202,5,一般用户
55588418,1,37,2181.18,625,5,一般用户
81960712,1,4,381.14,554,1,高价值核心用户
23482875,1,0,0.0,745,1,高价值核心用户
83469580,9,0,0.0,23,3,一般用户
100011562,1,2,170.92,221,1,高价值核心用户
86011804,1,18,2407.14,1278,5,一般用户
10004287,2,76,3173.51,777,5,一般用户
611920,1,31,2423.12,945,5,一般用户
14947982,1,0,0.0,495,1,高价值核心用户
31779961,2,0,0.0,505,2,一般用户
100871846,2,30,1535.43,967,2,一般用户
127760767,1,1,165.75,445,1,高价值核心用户
33802383,1,0,0.0,867,1,高价值核心用户
15494311,1,2,195.16,737,1,高价值核心用户
106108402,7,19,911.6,79,3,一般用户
108266017,1,21,1214.43,1093,1,高价值核心用户
62989125,18,0,0.0,45,3,一般用户
6847334,2,2,228.77,271,2,一般用户
96337789,6,19,1477.51,123,3,一般用户
128929741,8,4,447.64,25,3,一般用户
130201914,7,0,0.0,111,3,一般用户
135487299,1,5,148.47,216,1,高价值核心用户
73050317,1,0,0.0,51,1,高价值核心用户
76722375,2,0,0.0,24,2,一般用户
86017186,1,3,366.46,1342,1,高价值核心用户
17117517,1,1,62.32,764,1,高价值核心用户
4110672,3,0,0.0,1668,2,一般用户
15627219,2,1,180.28,363,2,一般用户
99458106,1,0,0.0,64,1,高价值核心用户
100039408,12,0,0.0,11,3,一般用户
10149605,1,1,140.5,700,1,高价值核心用户
109331295,3,0,0.0,99,2,一般用户
16847823,1,8,598.87,312,1,高价值核心用户
109016093,1,0,0.0,93,1,高价值核心用户
110528286,1,8,196.03,229,1,高价值核心用户
111695487,1,0,0.0,438,1,高价值核心用户
114737900,1,151,7471.97,1496,0,一般用户
22060610,1,0,0.0,23,1,高价值核心用户
26720422,2,523,10782.67,3019,6,一般用户
17343043,3,2,372.81,50,2,一般用户
114115113,1,0,0.0,238,1,高价值核心用户
24029586,1,0,0.0,70,1,高价值核心用户
117954942,1,0,0.0,280,1,高价值核心用户
30915717,7,0,0.0,43,3,一般用户
90078744,1,1,232.92,866,1,高价值核心用户
35148772,1,1,43.39,1110,1,高价值核心用户
12297890,2,2,167.1,499,2,一般用户
117301497,1,230,6065.01,4111,0,一般用户
98106690,5,0,0.0,136,3,一般用户
101392927,2,2,203.86,207,2,一般用户
103962421,1,31,1574.04,1466,1,高价值核心用户
123869915,1,1,10.0,335,1,高价值核心用户
43987061,1,1,266.02,138,1,高价值核心用户
55832101,1,0,0.0,2,1,高价值核心用户
57548588,7,0,0.0,336,3,一般用户
91235467,1,0,0.0,224,1,高价值核心用户
124540806,1,0,0.0,277,1,高价值核心用户
93477570,1,0,0.0,31,1,高价值核心用户
943095,1,0,0.0,93,1,高价值核心用户
45581890,2,5,389.13,62,2,一般用户
6443596,2,69,4012.42,1165,5,一般用户
47011604,1,1,98.92,147,1,高价值核心用户
115001382,2,5,416.02,123,2,一般用户
95253222,1,1,165.75,802,1,高价值核心用户
126157375,6,0,0.0,83,3,一般用户
11680145,3,431,15344.99,1460,6,一般用户
47060411,1,3,370.49,1431,1,高价值核心用户
12925543,1,6,657.68,793,1,高价值核心用户
106998000,2,2,13.48,26,2,一般用户
107754808,3,4,249.69,107,2,一般用户
108789051,3,63,3786.95,428,5,一般用户
95247029,1,1,97.22,192,1,高价值核心用户
100745953,5,0,0.0,43,3,一般用户
13103318,2,40,2426.04,1004,2,一般用户
103781365,2,4,381.53,1883,2,一般用户
115378138,2,50,2621.94,652,5,一般用户
65704391,1,13,1720.06,697,1,高价值核心用户
123191883,1,23,1721.42,840,1,高价值核心用户
35619826,1,10,1169.28,300,1,高价值核心用户
115792807,2,0,0.0,123,2,一般用户
122372873,5,0,0.0,78,3,一般用户
135159590,1,24,992.38,497,1,高价值核心用户
123542262,3,0,0.0,75,2,一般用户
123892536,1,17,1834.18,264,1,高价值核心用户
47753824,2,23,364.85,405,2,一般用户
77142272,2,9,629.34,403,2,一般用户
37064529,1,69,3204.23,1518,5,一般用户
124790821,2,46,1862.93,466,2,一般用户
125603258,3,11,620.37,74,2,一般用户
1257131,3,21,1182.63,411,2,一般用户
80390220,4,26,1761.76,328,3,一般用户
135802732,6,3,375.15,380,3,一般用户
49007854,1,0,0.0,185,1,高价值核心用户
120662972,2,1,47.06,315,2,一般用户
106547164,1,4,265.64,127,1,高价值核心用户
128059164,1,0,0.0,987,1,高价值核心用户
49337150,1,0,0.0,530,1,高价值核心用户
10706095,2,5,410.4,620,2,一般用户
84009856,1,15,1050.78,640,1,高价值核心用户
128050388,1,2,38.12,563,1,高价值核心用户
136108072,1,0,0.0,680,1,高价值核心用户
121797288,1,0,0.0,65,1,高价值核心用户
123395094,1,0,0.0,863,1,高价值核心用户
51602649,2,15,274.64,503,2,一般用户
130139823,3,0,0.0,543,2,一般用户
8544418,7,0,0.0,117,3,一般用户
88340891,1,112,4694.62,1214,5,一般用户
41547180,1,6,591.77,352,1,高价值核心用户
139592313,20,62,2250.03,625,3,一般用户
111894319,2,1,32.82,202,2,一般用户
126323626,1,40,2649.36,455,5,一般用户
54459439,5,0,0.0,105,3,一般用户
62733933,3,0,0.0,122,2,一般用户
129332364,1,0,0.0,75,1,高价值核心用户
131506912,1,20,1706.8,294,1,高价值核心用户
64454947,1,29,1912.92,428,1,高价值核心用户
123848007,1,5,521.86,4816,1,高价值核心用户
45612771,3,1,125.56,58,2,一般用户
131472598,1,374,11353.34,2954,6,一般用户
50721809,1,16,1198.99,311,1,高价值核心用户
134294014,1,4,488.02,247,1,高价值核心用户
68359578,1,1,10.0,1030,1,高价值核心用户
129082819,2,1,217.69,49,2,一般用户
141604126,1,0,0.0,593,1,高价值核心用户
129822096,2,9,765.93,469,2,一般用户
50747233,1,26,1295.63,211,1,高价值核心用户
21358985,1,15,1037.41,672,1,高价值核心用户
87509181,1,5,695.37,197,1,高价值核心用户
102028300,2,122,7489.93,678,0,一般用户
50857110,1,103,3665.35,467,5,一般用户
16601904,1,0,0.0,1008,1,高价值核心用户
134431676,1,5,544.53,256,1,高价值核心用户
5255076,3,18,773.08,50,2,一般用户
54597316,21,0,0.0,12,3,一般用户
55345737,6,0,0.0,18,3,一般用户
138442756,1,2,139.74,199,1,高价值核心用户
59106109,1,6,818.65,783,1,高价值核心用户
27863196,1,2,321.81,409,1,高价值核心用户
142368840,1,0,0.0,363,1,高价值核心用户
104597620,1,1,106.55,832,1,高价值核心用户
69303906,4,0,0.0,93,3,一般用户
70403519,2,0,0.0,215,2,一般用户
34215574,2,0,0.0,586,2,一般用户
22310799,2,0,0.0,245,2,一般用户
74343579,9,1,141.16,35,3,一般用户
7892881,1,2,10.0,1028,1,高价值核心用户
64707730,7,1,115.81,424,3,一般用户
25166877,1,0,0.0,340,1,高价值核心用户
17061090,1,0,0.0,443,1,高价值核心用户
108919322,5,2,151.82,264,3,一般用户
39159742,2,0,0.0,272,2,一般用户
27608145,1,81,5210.16,1544,5,一般用户
66297767,1,2,175.75,264,1,高价值核心用户
21185597,1,5,349.86,421,1,高价值核心用户
110017091,1,18,1265.5,288,1,高价值核心用户
43626933,1,138,4265.73,1072,5,一般用户
71369964,1,1,10.0,392,1,高价值核心用户
111909694,1,0,0.0,316,1,高价值核心用户
22182160,1,149,5795.27,1086,0,一般用户
80291753,2,0,0.0,56,2,一般用户
132039263,6,9,674.83,195,3,一般用户
82960193,1,51,2888.07,3758,5,一般用户
113659431,6,0,0.0,117,3,一般用户
72633796,1,0,0.0,579,1,高价值核心用户
114930910,1,8,698.65,369,1,高价值核心用户
132540273,1,0,0.0,615,1,高价值核心用户
115385050,1,60,2238.97,971,5,一般用户
4729352,7,8,968.6,184,3,一般用户
76955385,1,0,0.0,69,1,高价值核心用户
12684051,1,534,14806.38,2250,6,一般用户
82756067,1,1,101.96,1087,1,高价值核心用户
47428428,1,3,262.92,914,1,高价值核心用户
134793545,2,25,2075.14,303,2,一般用户
24814877,2,1,117.13,89,2,一般用户
31922219,1,14,1109.55,155,1,高价值核心用户
26401646,1,1,47.72,601,1,高价值核心用户
1769128,1,3,354.47,881,1,高价值核心用户
34301104,7,1,10.0,199,3,一般用户
34702432,1,0,0.0,504,1,高价值核心用户
12282525,1,107,6959.33,698,0,一般用户
26622553,1,245,7594.14,2614,0,一般用户
83764719,1,304,7824.88,2065,0,一般用户
42503802,1,1,165.75,204,1,高价值核心用户
55369150,2,0,0.0,206,2,一般用户
18302150,1,99,3870.59,895,5,一般用户
47899491,13,37,1966.37,366,3,一般用户
125776984,1,1,10.0,768,1,高价值核心用户
62107563,9,1,114.79,54,3,一般用户
66141533,1,0,0.0,812,1,高价值核心用户
50343267,3,1,159.78,270,2,一般用户
130024029,1,2,217.25,448,1,高价值核心用户
54970164,1,0,0.0,597,1,高价值核心用户
22746404,7,0,0.0,446,3,一般用户
126327630,3,0,0.0,63,2,一般用户
132058405,1,69,3363.88,738,5,一般用户
132579775,2,2,208.53,246,2,一般用户
70919971,4,0,0.0,20,3,一般用户
27579582,1,4,509.8,441,1,高价值核心用户
71908437,1,10,826.55,202,1,高价值核心用户
13817717,1,0,0.0,50,1,高价值核心用户
25761045,2,0,0.0,283,2,一般用户
5694160,1,217,8625.44,2336,0,一般用户
74577535,1,31,1471.84,983,1,高价值核心用户
26817919,6,0,0.0,24,3,一般用户
29791483,1,134,4055.96,4501,5,一般用户
36932158,1,1,47.06,639,1,高价值核心用户
133425852,1,11,509.99,1954,1,高价值核心用户
84441355,1,2,144.6,429,1,高价值核心用户
83929585,3,0,0.0,133,2,一般用户
81220081,1,0,0.0,118,1,高价值核心用户
85804228,11,2,383.0,88,3,一般用户
84892889,1,25,1080.52,2190,1,高价值核心用户
38294231,2,1,19.35,564,2,一般用户
28011137,1,0,0.0,148,1,高价值核心用户
92147618,1,0,0.0,524,1,高价值核心用户
88405349,4,0,0.0,381,3,一般用户
30838173,2,5,584.88,1517,2,一般用户
97297923,1,0,0.0,172,1,高价值核心用户
94710567,2,0,0.0,653,2,一般用户
38997101,3,1,130.06,201,2,一般用户
98513516,1,28,2074.7,1070,5,一般用户
39609119,1,1,120.35,487,1,高价值核心用户
66205819,1,4,460.92,1751,1,高价值核心用户
98736034,1,13,1326.32,251,1,高价值核心用户
137345401,1,3,434.57,690,1,高价值核心用户
42756881,1,0,0.0,178,1,高价值核心用户
99286584,3,3,257.16,207,2,一般用户
45463421,1,56,3357.48,999,5,一般用户
98308778,1,0,0.0,1046,1,高价值核心用户
111835944,1,0,0.0,176,1,高价值核心用户
14389364,1,19,223.6,155,1,高价值核心用户
3089923,1,5,485.81,341,1,高价值核心用户
25756303,1,0,0.0,505,1,高价值核心用户
118208713,2,28,1544.64,337,2,一般用户
85724451,1,0,0.0,269,1,高价值核心用户
31190628,1,81,2198.03,1908,5,一般用户
46523853,1,0,0.0,526,1,高价值核心用户
124615807,3,1,117.91,550,2,一般用户
3632278,1,4,379.34,530,1,高价值核心用户
876192,1,62,2698.4,744,5,一般用户
67658666,2,1,10.0,222,2,一般用户
99900937,1,1,61.03,586,1,高价值核心用户
104139699,1,23,1339.89,2088,1,高价值核心用户
475826,1,92,5110.27,4158,5,一般用户
128081640,1,0,0.0,207,1,高价值核心用户
40304574,11,1,94.04,100,3,一般用户
41566029,4,27,1232.05,357,3,一般用户
70240139,1,11,891.61,4625,1,高价值核心用户
137071488,4,0,0.0,58,3,一般用户
16113880,1,0,0.0,36,1,高价值核心用户
17878712,1,258,9500.75,950,0,一般用户
88715260,1,21,1174.57,1021,1,高价值核心用户
42281108,4,0,0.0,76,3,一般用户
49285159,7,0,0.0,76,3,一般用户
5187945,8,1,120.79,6,3,一般用户
64309062,1,105,3340.36,733,5,一般用户
30079563,1,56,4664.75,628,5,一般用户
18375692,1,9,243.45,88,1,高价值核心用户
18672396,3,10,480.5,340,2,一般用户
22555846,1,7,558.88,760,1,高价值核心用户
64318871,1,152,6437.0,881,0,一般用户
30833242,2,8,618.04,106,2,一般用户
33674599,1,13,1329.91,456,1,高价值核心用户
33245877,1,0,0.0,123,1,高价值核心用户
104250260,1,2,324.09,361,1,高价值核心用户
38478428,1,141,3815.42,860,5,一般用户
38897535,1,35,1749.01,494,1,高价值核心用户
99222509,1,0,0.0,72,1,高价值核心用户
100862503,5,1,10.0,188,3,一般用户
109560964,2,27,1205.11,387,2,一般用户
102434210,1,20,874.35,452,1,高价值核心用户
67404809,2,0,0.0,133,2,一般用户
28743854,1,42,2932.3,423,5,一般用户
70212546,1,5,670.72,1462,1,高价值核心用户
47813095,1,1,19.8,1217,1,高价值核心用户
117026591,1,0,0.0,4512,1,高价值核心用户
41324527,1,14,672.59,783,1,高价值核心用户
103089749,1,1,132.32,118,1,高价值核心用户
10335403,1,3,160.15,251,1,高价值核心用户
36886776,1,47,1816.11,1129,5,一般用户
108755598,1,3,160.1,2026,1,高价值核心用户
48462900,1,12,806.04,211,1,高价值核心用户
41868482,2,3,153.22,189,2,一般用户
71142425,1,122,5224.22,1179,5,一般用户
49823478,1,0,0.0,120,1,高价值核心用户
43491458,2,9,400.77,530,2,一般用户
51402536,1,0,0.0,390,1,高价值核心用户
50728797,3,0,0.0,52,2,一般用户
55305887,1,0,0.0,669,1,高价值核心用户
51597514,2,2,18.97,339,2,一般用户
3789630,1,0,0.0,189,1,高价值核心用户
40282906,1,2,245.26,348,1,高价值核心用户
54476739,1,7,174.4,406,1,高价值核心用户
46486820,1,3,11.5,192,1,高价值核心用户
51940848,1,116,4005.99,1771,5,一般用户
4271718,1,129,4377.68,1052,5,一般用户
111947361,1,0,0.0,69,1,高价值核心用户
60030689,2,20,1422.79,333,2,一般用户
59864388,1,61,3729.11,1710,5,一般用户
119675939,1,12,707.74,1160,1,高价值核心用户
71985206,1,11,760.52,386,1,高价值核心用户
65105058,3,3,331.57,134,2,一般用户
71105413,1,9,390.98,644,1,高价值核心用户
72605828,1,106,4731.24,821,5,一般用户
4374427,2,2,193.76,354,2,一般用户
72813283,2,8,600.09,533,2,一般用户
49542384,1,171,5400.75,2501,0,一般用户
7196391,1,133,5468.23,604,0,一般用户
73881418,3,2,327.71,281,2,一般用户
120212107,4,0,0.0,138,3,一般用户
76080602,26,0,0.0,104,3,一般用户
73024133,1,1,103.91,1015,1,高价值核心用户
74856244,2,43,2760.6,425,5,一般用户
124866567,8,3,372.27,352,3,一般用户
59318036,1,0,0.0,314,1,高价值核心用户
81901472,1,78,3522.8,803,5,一般用户
73125482,1,8,763.98,459,1,高价值核心用户
75428179,6,0,0.0,51,3,一般用户
64696595,1,147,7257.71,446,0,一般用户
76090844,1,0,0.0,700,1,高价值核心用户
131962004,1,8,546.04,134,1,高价值核心用户
140827248,1,1,278.52,263,1,高价值核心用户
128452938,3,1,42.85,248,2,一般用户
9938666,17,0,0.0,6,3,一般用户
102404735,1,19,863.26,503,1,高价值核心用户
67021316,1,32,998.77,906,1,高价值核心用户
14235689,1,16,1299.97,530,1,高价值核心用户
131293826,1,7,440.63,352,1,高价值核心用户
85660451,1,5,397.44,802,1,高价值核心用户
77128465,1,0,0.0,506,1,高价值核心用户
111181181,1,0,0.0,674,1,高价值核心用户
7788241,1,10,908.69,597,1,高价值核心用户
1532868,2,0,0.0,106,2,一般用户
17384431,1,97,2020.05,613,5,一般用户
14577083,2,10,963.25,368,2,一般用户
80838825,1,32,2378.17,558,5,一般用户
55487726,2,8,704.47,188,2,一般用户
17785864,1,0,0.0,2126,1,高价值核心用户
82295636,1,2,126.71,1005,1,高价值核心用户
74777654,3,1,109.25,52,2,一般用户
57432644,1,0,0.0,211,1,高价值核心用户
77587823,1,80,4686.8,917,5,一般用户
87165474,1,178,7061.13,1945,0,一般用户
19640858,3,0,0.0,523,2,一般用户
11141921,1,77,5370.82,981,5,一般用户
57593115,1,1,49.01,518,1,高价值核心用户
83424956,1,7,601.44,762,1,高价值核心用户
25518563,1,1,10.0,343,1,高价值核心用户
58902373,2,230,9300.9,1577,0,一般用户
82628240,1,8,452.17,338,1,高价值核心用户
112589064,1,1,130.06,95,1,高价值核心用户
77813021,1,18,926.28,291,1,高价值核心用户
2803672,5,0,0.0,141,3,一般用户
112843988,1,0,0.0,141,1,高价值核心用户
8388321,1,0,0.0,160,1,高价值核心用户
33934755,1,7,419.69,127,1,高价值核心用户
113283932,2,0,0.0,2503,2,一般用户
82857884,1,1,10.0,515,1,高价值核心用户
86419063,7,0,0.0,52,3,一般用户
37271419,1,1,82.81,508,1,高价值核心用户
87229516,1,1,10.0,598,1,高价值核心用户
84121281,1,31,2382.81,969,5,一般用户
21696214,1,75,4209.18,1828,5,一般用户
98261528,1,2,295.81,432,1,高价值核心用户
10303832,1,1,119.49,1902,1,高价值核心用户
4642457,1,4,295.81,389,1,高价值核心用户
84957645,2,0,0.0,63,2,一般用户
86670881,3,0,0.0,73,2,一般用户
88643555,1,37,1294.93,365,1,高价值核心用户
92600747,1,26,1442.96,431,1,高价值核心用户
56473138,1,0,0.0,525,1,高价值核心用户
62068426,1,20,1982.0,2431,1,高价值核心用户
88845531,5,0,0.0,125,3,一般用户
93842000,1,49,3429.62,1394,5,一般用户
908290,1,0,0.0,37,1,高价值核心用户
84786775,3,0,0.0,35,2,一般用户
94287521,3,151,5342.6,1134,0,一般用户
97089469,2,1,173.08,361,2,一般用户
100462790,5,13,939.09,174,3,一般用户
63959682,2,0,0.0,365,2,一般用户
108473071,1,34,2080.8,331,5,一般用户
70542620,1,11,675.53,158,1,高价值核心用户
111481622,2,0,0.0,126,2,一般用户
120193112,1,9,582.35,382,1,高价值核心用户
75301293,1,104,2969.59,654,5,一般用户
99172303,1,18,1586.55,206,1,高价值核心用户
111957230,1,6,451.14,1911,1,高价值核心用户
104091023,1,93,4450.24,573,5,一般用户
123188632,1,8,941.58,810,1,高价值核心用户
22170979,1,30,3061.77,966,5,一般用户
77031104,2,0,0.0,257,2,一般用户
111492650,1,2,116.29,486,1,高价值核心用户
7915670,1,0,0.0,261,1,高价值核心用户
96497399,3,48,2074.07,446,2,一般用户
79266183,1,20,1352.59,679,1,高价值核心用户
139262063,1,1,59.86,563,1,高价值核心用户
113135549,1,0,0.0,455,1,高价值核心用户
23049176,1,2,316.47,264,1,高价值核心用户
97661157,5,0,0.0,154,3,一般用户
101256818,1,143,7063.8,1283,0,一般用户
113333255,1,12,1172.64,210,1,高价值核心用户
113848288,1,0,0.0,224,1,高价值核心用户
19900342,1,3,316.59,496,1,高价值核心用户
27596072,1,0,0.0,108,1,高价值核心用户
65311466,1,2,120.35,27,1,高价值核心用户
68358561,1,114,2890.97,1189,5,一般用户
119725932,1,0,0.0,508,1,高价值核心用户
29533214,14,4,194.4,23,3,一般用户
31495737,4,2,180.3,161,3,一般用户
116476393,1,2,167.4,139,1,高价值核心用户
81608134,1,2,113.04,2253,1,高价值核心用户
31717469,4,0,0.0,262,3,一般用户
11669469,4,1,246.08,177,3,一般用户
21161768,3,14,1385.85,244,2,一般用户
33303512,1,92,3702.56,1997,5,一般用户
119122882,1,22,1550.69,519,1,高价值核心用户
115802990,1,27,906.89,339,1,高价值核心用户
25816895,1,4,217.25,540,1,高价值核心用户
122850858,1,0,0.0,126,1,高价值核心用户
126663180,4,0,0.0,276,3,一般用户
117659423,1,1,166.86,228,1,高价值核心用户
118745234,4,0,0.0,237,3,一般用户
12592296,9,4,398.46,53,3,一般用户
127914444,1,0,0.0,22,1,高价值核心用户
130068403,7,16,948.02,552,3,一般用户
1272577,1,1,105.16,183,1,高价值核心用户
29226661,1,2,283.68,274,1,高价值核心用户
117970569,1,0,0.0,380,1,高价值核心用户
124849024,2,0,0.0,116,2,一般用户
74314315,1,151,5624.96,5932,0,一般用户
139030112,1,6,729.55,577,1,高价值核心用户
127771332,1,0,0.0,79,1,高价值核心用户
132321221,1,9,576.45,133,1,高价值核心用户
122443173,3,18,874.48,333,2,一般用户
30071884,5,0,0.0,259,3,一般用户
132509354,3,0,0.0,166,2,一般用户
131271151,1,4,468.23,590,1,高价值核心用户
132688030,1,41,2092.3,320,5,一般用户
43235372,23,0,0.0,29,3,一般用户
44710562,1,9,1176.77,646,1,高价值核心用户
122895588,1,0,0.0,155,1,高价值核心用户
142128951,1,7,747.23,178,1,高价值核心用户
137344822,1,6,507.55,106,1,高价值核心用户
128521783,1,75,4005.17,2075,5,一般用户
17114423,1,9,491.04,727,1,高价值核心用户
25008977,1,0,0.0,177,1,高价值核心用户
1334962,2,4,307.29,134,2,一般用户
26240021,1,0,0.0,80,1,高价值核心用户
141302835,2,3,188.04,406,2,一般用户
37275754,1,54,2061.0,691,5,一般用户
49660995,3,0,0.0,127,2,一般用户
56167258,1,0,0.0,252,1,高价值核心用户
14815206,3,1,150.71,290,2,一般用户
25665414,1,1,98.92,164,1,高价值核心用户
89403474,2,0,0.0,314,2,一般用户
39421120,4,1,88.94,847,3,一般用户
62580886,3,3,426.49,236,2,一般用户
2934039,2,5,419.21,199,2,一般用户
17264043,1,6,528.24,223,1,高价值核心用户
90707560,1,0,0.0,1143,1,高价值核心用户
6375695,2,1,98.52,348,2,一般用户
29601369,1,7,1083.37,2003,1,高价值核心用户
48862112,2,0,0.0,166,2,一般用户
22076896,1,113,3367.88,664,5,一般用户
56009546,2,1,130.06,372,2,一般用户
42340446,8,0,0.0,10,3,一般用户
4573013,2,3,488.37,511,2,一般用户
64896456,1,0,0.0,20,1,高价值核心用户
66303330,1,0,0.0,1065,1,高价值核心用户
64698675,5,2,90.08,130,3,一般用户
67759870,1,4,452.41,1152,1,高价值核心用户
24625325,4,0,0.0,108,3,一般用户
128914790,1,17,800.43,343,1,高价值核心用户
28587433,1,18,1143.84,192,1,高价值核心用户
55882028,1,7,773.2,203,1,高价值核心用户
92746744,1,1,184.05,279,1,高价值核心用户
59984080,2,0,0.0,52,2,一般用户
36445695,1,0,0.0,86,1,高价值核心用户
6566040,1,0,0.0,79,1,高价值核心用户
37120790,2,10,1102.02,346,2,一般用户
7089989,4,0,0.0,32,3,一般用户
79614874,7,0,0.0,35,3,一般用户
81497537,1,1,176.32,919,1,高价值核心用户
132155086,2,124,4853.28,736,5,一般用户
92812860,3,1,178.04,406,2,一般用户
69819243,2,30,936.07,324,2,一般用户
37993178,1,2,138.21,50,1,高价值核心用户
75051872,7,7,663.46,64,3,一般用户
43761964,3,0,0.0,194,2,一般用户
75404041,2,12,922.67,113,2,一般用户
56649801,1,5,116.71,228,1,高价值核心用户
79807626,1,182,9065.41,3567,0,一般用户
33298619,2,0,0.0,1175,2,一般用户
94827522,3,0,0.0,137,2,一般用户
70168568,5,5,127.91,158,3,一般用户
137970629,1,0,0.0,1473,1,高价值核心用户
97666716,1,33,2191.72,709,5,一般用户
57857118,1,6,637.16,2217,1,高价值核心用户
70207005,1,0,0.0,186,1,高价值核心用户
81647004,5,7,696.38,44,3,一般用户
72306639,1,0,0.0,2086,1,高价值核心用户
88276305,2,0,0.0,135,2,一般用户
88735921,1,0,0.0,473,1,高价值核心用户
9790596,1,6,622.68,221,1,高价值核心用户
33744583,2,1,127.01,286,2,一般用户
89543332,4,9,714.47,119,3,一般用户
9868602,1,32,1782.77,1059,1,高价值核心用户
38556307,1,6,235.98,240,1,高价值核心用户
89953122,2,33,2666.35,598,5,一般用户
40070893,1,1,80.08,211,1,高价值核心用户
17007569,1,1,74.96,291,1,高价值核心用户
42450575,1,25,1827.65,468,1,高价值核心用户
2092395,5,0,0.0,151,3,一般用户
92020173,1,10,259.52,272,1,高价值核心用户
104468262,4,1,78.45,89,3,一般用户
106286487,1,0,0.0,314,1,高价值核心用户
58992390,1,3,367.36,1153,1,高价值核心用户
22497620,1,0,0.0,513,1,高价值核心用户
43472060,2,76,2820.46,897,5,一般用户
106976106,1,5,375.75,455,1,高价值核心用户
74775553,2,0,0.0,149,2,一般用户
7780072,4,0,0.0,305,3,一般用户
2536588,1,2,123.36,474,1,高价值核心用户
74242982,1,3,187.73,295,1,高价值核心用户
116888859,1,1,217.25,149,1,高价值核心用户
91489979,3,0,0.0,384,2,一般用户
91495022,5,0,0.0,14,3,一般用户
103610059,1,3,20.0,1355,1,高价值核心用户
120622797,7,0,0.0,18,3,一般用户
124563826,1,0,0.0,304,1,高价值核心用户
7528,5,1,179.78,111,3,一般用户
80699349,1,65,3522.24,501,5,一般用户
26855463,12,16,1350.06,196,3,一般用户
92663754,1,24,2013.55,651,5,一般用户
61743492,5,0,0.0,537,3,一般用户
49614536,1,7,956.61,382,1,高价值核心用户
12472346,1,0,0.0,1847,1,高价值核心用户
3016266,1,0,0.0,925,1,高价值核心用户
80490154,2,0,0.0,155,2,一般用户
91201929,1,3,328.72,567,1,高价值核心用户
54053723,1,28,1771.25,214,1,高价值核心用户
88055926,1,1,10.0,338,1,高价值核心用户
66079671,3,3,441.05,61,2,一般用户
66831202,1,285,8480.62,2627,0,一般用户
59779793,1,3,318.36,2019,1,高价值核心用户
94654581,1,2,71.89,811,1,高价值核心用户
95647655,1,6,519.86,415,1,高价值核心用户
36808723,1,88,1829.26,797,5,一般用户
94637132,1,78,3281.83,1273,5,一般用户
102281568,3,208,6183.28,2995,0,一般用户
105870926,5,0,0.0,101,3,一般用户
109390378,2,4,732.28,353,2,一般用户
96242076,2,0,0.0,178,2,一般用户
99796192,1,3,337.17,650,1,高价值核心用户
102825414,2,0,0.0,56,2,一般用户
104976623,2,0,0.0,39,2,一般用户
105346865,1,71,2471.93,1043,5,一般用户
110033398,1,44,2326.73,1210,5,一般用户
37638767,1,8,325.75,174,1,高价值核心用户
38016396,1,0,0.0,137,1,高价值核心用户
131424381,2,0,0.0,307,2,一般用户
41286340,1,4,664.68,1095,1,高价值核心用户
132984948,4,0,0.0,54,3,一般用户
14373274,1,9,587.94,241,1,高价值核心用户
70828129,1,23,1872.15,655,1,高价值核心用户
64798736,1,1,114.67,74,1,高价值核心用户
98867354,1,2,202.33,156,1,高价值核心用户
100628422,1,0,0.0,63,1,高价值核心用户
64828869,1,9,808.92,303,1,高价值核心用户
100674178,1,0,0.0,254,1,高价值核心用户
107487112,3,0,0.0,1342,2,一般用户
14674689,1,0,0.0,242,1,高价值核心用户
112040827,1,0,0.0,119,1,高价值核心用户
65949779,2,0,0.0,32,2,一般用户
71631705,2,0,0.0,402,2,一般用户
17312843,2,2,395.8,858,2,一般用户
112806422,2,1,18.97,115,2,一般用户
103606138,1,5,546.98,522,1,高价值核心用户
113990647,1,165,3560.26,1299,5,一般用户
72375683,5,12,901.86,434,3,一般用户
77237799,1,15,1282.28,449,1,高价值核心用户
76604277,1,0,0.0,201,1,高价值核心用户
43264060,1,0,0.0,328,1,高价值核心用户
1050684,1,1,62.44,238,1,高价值核心用户
18301670,1,1,145.24,358,1,高价值核心用户
77134757,3,0,0.0,297,2,一般用户
83738555,1,0,0.0,125,1,高价值核心用户
105309216,1,16,803.33,844,1,高价值核心用户
108846913,5,0,0.0,655,3,一般用户
46955464,1,0,0.0,331,1,高价值核心用户
88290400,1,70,4928.74,2471,5,一般用户
80214639,1,4,466.28,258,1,高价值核心用户
21114469,1,2,343.24,162,1,高价值核心用户
112303688,1,0,0.0,47,1,高价值核心用户
84556930,1,0,0.0,1164,1,高价值核心用户
113594399,2,2,85.26,327,2,一般用户
21978171,1,201,9672.66,5457,0,一般用户
54711585,1,49,2930.13,525,5,一般用户
111486485,1,4,335.36,370,1,高价值核心用户
105744471,1,2,299.87,1699,1,高价值核心用户
114390324,1,8,683.36,493,1,高价值核心用户
115670233,1,2,154.9,316,1,高价值核心用户
114121871,2,41,2817.83,1098,5,一般用户
61513100,1,1,134.96,189,1,高价值核心用户
127619887,1,791,12148.17,3046,6,一般用户
65236950,1,1,142.38,257,1,高价值核心用户
116202034,7,5,165.95,66,3,一般用户
116520218,1,1,10.0,703,1,高价值核心用户
66801315,2,0,0.0,153,2,一般用户
86340424,1,0,0.0,291,1,高价值核心用户
68614999,2,6,337.02,43,2,一般用户
69613205,1,1,10.0,283,1,高价值核心用户
91078774,3,8,767.72,203,2,一般用户
69640457,1,1,120.6,179,1,高价值核心用户
117743125,4,0,0.0,147,3,一般用户
98084033,1,63,2966.25,452,5,一般用户
100915219,1,1,126.36,17,1,高价值核心用户
118309715,3,5,336.71,167,2,一般用户
100929958,1,270,8370.76,4448,0,一般用户
91675566,1,4,201.85,404,1,高价值核心用户
7234861,1,1163,18421.2,8785,6,一般用户
115003511,2,10,1031.18,66,2,一般用户
118693328,1,0,0.0,220,1,高价值核心用户
12122714,5,97,3730.73,486,3,一般用户
123108236,1,6,575.74,1237,1,高价值核心用户
94991675,4,2,186.21,13,3,一般用户
121773253,1,1,134.92,584,1,高价值核心用户
93600553,1,0,0.0,185,1,高价值核心用户
100027681,1,19,679.96,930,1,高价值核心用户
106342906,1,20,1011.75,1962,1,高价值核心用户
123700872,2,0,0.0,208,2,一般用户
127698085,1,50,3027.28,1295,5,一般用户
126403200,2,5,264.67,243,2,一般用户
101150402,1,107,4405.49,1789,5,一般用户
129928146,1,35,1061.19,230,1,高价值核心用户
13656280,3,0,0.0,126,2,一般用户
131369783,2,0,0.0,122,2,一般用户
132729970,1,1,217.25,541,1,高价值核心用户
136613109,7,0,0.0,51,3,一般用户
13834060,2,1,174.09,391,2,一般用户
17883830,3,0,0.0,108,2,一般用户
134072973,1,1,102.09,479,1,高价值核心用户
18183738,3,0,0.0,475,2,一般用户
107318300,2,0,0.0,45,2,一般用户
108797805,1,0,0.0,697,1,高价值核心用户
135481793,1,7,329.1,139,1,高价值核心用户
134166701,9,1,98.92,359,3,一般用户
139475729,2,1,111.64,431,2,一般用户
19708378,1,182,6666.22,2851,0,一般用户
135299374,1,0,0.0,68,1,高价值核心用户
14490465,2,4,256.51,28,2,一般用户
15957740,1,589,9818.93,3711,6,一般用户
16905986,1,3,273.08,427,1,高价值核心用户
110873850,2,0,0.0,264,2,一般用户
44462249,1,0,0.0,189,1,高价值核心用户
110599932,1,8,834.14,100,1,高价值核心用户
105556357,1,49,2803.0,547,5,一般用户
125141227,2,35,1239.54,508,2,一般用户
1128409,1,0,0.0,278,1,高价值核心用户
55890664,1,44,2319.13,422,5,一般用户
22139217,4,1,271.52,294,3,一般用户
114233479,2,32,2393.84,776,2,一般用户
126192461,4,2,72.44,1069,3,一般用户
29173819,2,3,389.08,310,2,一般用户
107296130,13,0,0.0,74,3,一般用户
108078428,9,1,123.69,40,3,一般用户
68735466,1,0,0.0,144,1,高价值核心用户
110672924,21,0,0.0,5,3,一般用户
118888496,5,3,380.54,160,3,一般用户
7033860,2,2,378.41,142,2,一般用户
123978537,3,2,409.43,61,2,一般用户
129878874,1,85,1520.34,862,5,一般用户
33359405,1,10,516.99,581,1,高价值核心用户
8119848,1,59,3321.49,574,5,一般用户
118741945,8,0,0.0,27,3,一般用户
122127516,1,6,547.76,58,1,高价值核心用户
122458300,6,0,0.0,81,3,一般用户
124633651,4,60,2543.84,435,3,一般用户
82435724,6,1,176.03,268,3,一般用户
127035270,11,0,0.0,36,3,一般用户
132812306,1,4,505.49,195,1,高价值核心用户
34424883,1,21,1074.63,4935,1,高价值核心用户
133072400,23,0,0.0,11,3,一般用户
137270307,1,1,74.69,597,1,高价值核心用户
83977527,1,9,602.58,132,1,高价值核心用户
130461158,1,27,2103.11,280,5,一般用户
130946680,1,67,3681.56,409,5,一般用户
86748372,1,101,2205.77,1446,5,一般用户
137007501,5,2,418.22,188,3,一般用户
137663887,1,4,399.74,131,1,高价值核心用户
15777503,1,215,5527.1,2272,0,一般用户
135100729,15,0,0.0,19,3,一般用户
135537004,1,94,4144.72,1473,5,一般用户
140747079,1,121,3431.99,1364,5,一般用户
39933731,3,2,107.77,93,2,一般用户
42021027,5,11,33.68,134,3,一般用户
4644312,9,1,275.18,47,3,一般用户
49546726,1,61,2773.98,1534,5,一般用户
21085638,1,12,974.16,317,1,高价值核心用户
135858331,3,0,0.0,602,2,一般用户
15516289,3,10,328.17,86,2,一般用户
22509276,1,4,359.3,1027,1,高价值核心用户
9648147,2,1,114.39,223,2,一般用户
101122114,1,33,1367.95,586,1,高价值核心用户
1725399,1,19,789.56,1633,1,高价值核心用户
137284530,1,352,9684.28,1145,0,一般用户
101601722,2,21,926.04,566,2,一般用户
53552500,1,8,470.72,443,1,高价值核心用户
23218222,7,5,123.69,18,3,一般用户
28252122,1,0,0.0,787,1,高价值核心用户
2256395,4,0,0.0,102,3,一般用户
54660744,1,28,1712.32,731,1,高价值核心用户
79450083,1,0,0.0,86,1,高价值核心用户
23316310,1,50,1964.58,1013,5,一般用户
8085465,4,0,0.0,75,3,一般用户
102881474,6,0,0.0,66,3,一般用户
140662618,1,85,4126.12,2174,5,一般用户
8217647,1,11,466.33,1060,1,高价值核心用户
107824319,6,0,0.0,88,3,一般用户
18242239,6,0,0.0,104,3,一般用户
108583520,1,6,519.53,657,1,高价值核心用户
21332019,1,2,98.94,950,1,高价值核心用户
28515753,2,8,369.32,431,2,一般用户
5626464,2,35,1075.2,279,2,一般用户
34187941,1,5,662.25,1028,1,高价值核心用户
109197587,1,0,0.0,139,1,高价值核心用户
56279008,1,1,104.82,117,1,高价值核心用户
63329418,1,127,5377.01,2984,0,一般用户
23574912,1,0,0.0,553,1,高价值核心用户
110496316,1,1,31.48,124,1,高价值核心用户
36247519,1,1,37.12,798,1,高价值核心用户
22874532,1,5,504.5,438,1,高价值核心用户
83836148,1,0,0.0,136,1,高价值核心用户
112186714,1,0,0.0,222,1,高价值核心用户
84873122,1,21,1250.89,418,1,高价值核心用户
115100960,1,0,0.0,72,1,高价值核心用户
26681009,13,0,0.0,50,3,一般用户
115374248,2,1,165.75,529,2,一般用户
27141122,1,121,5196.27,1411,5,一般用户
24495605,2,1,64.28,372,2,一般用户
94267358,1,3,256.07,553,1,高价值核心用户
3447448,1,0,0.0,35,1,高价值核心用户
34662425,5,0,0.0,411,3,一般用户
16711679,1,1,107.77,244,1,高价值核心用户
32126202,3,0,0.0,211,2,一般用户
38673719,1,0,0.0,184,1,高价值核心用户
115847256,1,12,1213.13,959,1,高价值核心用户
34731828,5,0,0.0,233,3,一般用户
21329952,2,0,0.0,146,2,一般用户
46445715,1,0,0.0,411,1,高价值核心用户
39454183,1,1,10.0,1303,1,高价值核心用户
95301715,1,229,4940.21,1986,0,一般用户
22005280,1,1,94.17,263,1,高价值核心用户
3849356,1,0,0.0,43,1,高价值核心用户
44057668,1,0,0.0,103,1,高价值核心用户
5066694,1,1,97.13,745,1,高价值核心用户
27298182,2,1,250.89,11,2,一般用户
28308227,3,19,1765.36,280,2,一般用户
55961337,6,0,0.0,58,3,一般用户
60660467,1,1,114.39,499,1,高价值核心用户
32059002,1,168,6514.35,937,0,一般用户
32616448,1,3,450.62,251,1,高价值核心用户
120392116,1,0,0.0,87,1,高价值核心用户
128519725,1,20,1996.49,1991,1,高价值核心用户
42391011,4,17,835.06,335,3,一般用户
62409605,1,0,0.0,595,1,高价值核心用户
55441310,3,1,127.99,118,2,一般用户
59244307,1,0,0.0,109,1,高价值核心用户
64493138,1,3,393.88,187,1,高价值核心用户
40729947,1,37,1731.69,2104,1,高价值核心用户
42501145,1,4,393.07,1319,1,高价值核心用户
33829137,1,0,0.0,472,1,高价值核心用户
65037187,3,17,1248.84,194,2,一般用户
67229067,2,4,470.41,398,2,一般用户
76740501,2,22,1221.9,403,2,一般用户
97357434,1,64,4070.87,924,5,一般用户
68605920,1,0,0.0,840,1,高价值核心用户
42844200,4,0,0.0,178,3,一般用户
43600529,1,0,0.0,90,1,高价值核心用户
83661052,1,0,0.0,81,1,高价值核心用户
48951212,4,0,0.0,348,3,一般用户
85775119,9,12,249.01,39,3,一般用户
90168642,1,4,339.86,197,1,高价值核心用户
86435238,1,54,2621.66,1107,5,一般用户
90792846,1,325,5854.59,1571,0,一般用户
55548424,1,28,1213.79,580,1,高价值核心用户
97821126,2,0,0.0,18,2,一般用户
104587852,4,111,2916.02,574,3,一般用户
128969098,1,48,3309.57,1061,5,一般用户
81814142,4,4,249.36,144,3,一般用户
42277201,3,0,0.0,83,2,一般用户
48467850,1,0,0.0,83,1,高价值核心用户
44059193,1,10,1050.0,1130,1,高价值核心用户
56879645,2,0,0.0,323,2,一般用户
82926163,1,144,2489.64,868,5,一般用户
55639966,1,8,1000.77,352,1,高价值核心用户
57386575,1,378,10087.5,1433,6,一般用户
95645602,1,23,854.97,1007,1,高价值核心用户
56972597,27,0,0.0,28,3,一般用户
57934665,1,0,0.0,66,1,高价值核心用户
58157288,2,25,467.43,381,2,一般用户
106926411,1,0,0.0,659,1,高价值核心用户
133417766,1,0,0.0,143,1,高价值核心用户
84281743,1,22,1110.42,776,1,高价值核心用户
61134251,1,0,0.0,786,1,高价值核心用户
17672892,1,1,73.79,900,1,高价值核心用户
93289334,2,0,0.0,222,2,一般用户
112642306,1,11,609.58,499,1,高价值核心用户
97291358,1,2,49.01,748,1,高价值核心用户
493013,1,0,0.0,100,1,高价值核心用户
97839610,2,0,0.0,22,2,一般用户
5942869,1,15,405.26,621,1,高价值核心用户
93281824,1,0,0.0,833,1,高价值核心用户
63052028,1,125,2751.57,2010,5,一般用户
11431275,1,118,5519.84,1104,0,一般用户
63347672,1,0,0.0,65,1,高价值核心用户
63727001,1,3,158.07,885,1,高价值核心用户
22701535,1,0,0.0,79,1,高价值核心用户
23043365,2,0,0.0,375,2,一般用户
98360962,3,0,0.0,47,2,一般用户
98531147,1,33,2658.79,391,5,一般用户
67893893,1,6,775.92,322,1,高价值核心用户
99960313,2,10,802.03,257,2,一般用户
101406137,1,0,0.0,388,1,高价值核心用户
2527320,3,12,705.19,326,2,一般用户
124560028,1,2,228.98,425,1,高价值核心用户
76253881,2,3,115.39,817,2,一般用户
70815622,1,1,164.64,439,1,高价值核心用户
99731071,8,1,181.15,110,3,一般用户
102014015,1,0,0.0,1313,1,高价值核心用户
27541947,1,10,1123.12,544,1,高价值核心用户
101429765,5,1,107.77,268,3,一般用户
125944918,2,0,0.0,415,2,一般用户
102168278,1,0,0.0,392,1,高价值核心用户
65465729,1,53,2663.7,394,5,一般用户
74012467,1,67,3478.34,791,5,一般用户
104298835,1,3,183.91,813,1,高价值核心用户
28293619,3,0,0.0,102,2,一般用户
77963009,22,1,10.0,46,3,一般用户
71734567,2,3,498.46,267,2,一般用户
127909205,2,61,3358.82,704,5,一般用户
81046312,1,294,11657.66,1334,0,一般用户
30933630,1,274,4211.47,4990,0,一般用户
74077719,1,16,580.58,471,1,高价值核心用户
9524175,1,12,1102.77,1499,1,高价值核心用户
100035725,1,0,0.0,147,1,高价值核心用户
100415080,2,1,42.78,291,2,一般用户
104014368,1,0,0.0,171,1,高价值核心用户
75927204,18,1,120.6,23,3,一般用户
76398803,3,2,130.06,215,2,一般用户
105919960,2,2,210.93,1518,2,一般用户
87674314,3,7,542.08,162,2,一般用户
109056742,1,46,2047.0,1549,5,一般用户
131572425,1,0,0.0,69,1,高价值核心用户
135889836,1,68,2545.89,1466,5,一般用户
90033831,3,37,2402.52,894,2,一般用户
105835220,2,0,0.0,181,2,一般用户
86015882,1,2,343.46,101,1,高价值核心用户
110276286,3,0,0.0,192,2,一般用户
89430548,6,0,0.0,179,3,一般用户
112148241,3,0,0.0,234,2,一般用户
89692927,2,10,1650.37,508,2,一般用户
83570876,1,99,3632.78,2305,5,一般用户
120329032,1,143,5726.69,2913,0,一般用户
91057103,1,0,0.0,236,1,高价值核心用户
91823027,1,8,979.78,746,1,高价值核心用户
110893699,1,0,0.0,605,1,高价值核心用户
98954277,2,2,384.27,310,2,一般用户
100012968,1,0,0.0,176,1,高价值核心用户
13933918,2,2,165.75,497,2,一般用户
101698393,1,0,0.0,2369,1,高价值核心用户
115338753,1,59,3116.36,771,5,一般用户
92018191,1,0,0.0,153,1,高价值核心用户
141878326,2,22,1075.22,473,2,一般用户
113905943,1,35,2578.69,182,5,一般用户
92096438,1,0,0.0,316,1,高价值核心用户
119627646,1,7,516.35,1275,1,高价值核心用户
117684032,1,31,2174.66,274,5,一般用户
16409419,4,28,640.36,209,3,一般用户
92147065,28,7,170.39,16,3,一般用户
92928708,1,17,1595.01,3154,1,高价值核心用户
22470460,6,0,0.0,40,3,一般用户
30353552,1,33,1231.78,485,1,高价值核心用户
119112558,4,1,62.74,185,3,一般用户
120609448,1,1,299.44,416,1,高价值核心用户
83753093,3,0,0.0,102,2,一般用户
83960181,1,31,1988.72,1667,5,一般用户
31178340,1,4,223.61,292,1,高价值核心用户
122721008,1,159,4455.64,1996,5,一般用户
130743379,1,0,0.0,178,1,高价值核心用户
31298818,1,30,999.48,326,1,高价值核心用户
131283302,1,112,2797.35,4828,5,一般用户
33162726,1,51,2208.64,717,5,一般用户
114722645,1,1,14.39,87,1,高价值核心用户
119531521,1,75,4117.58,482,5,一般用户
37601526,1,0,0.0,1310,1,高价值核心用户
125193088,1,25,2481.15,2250,5,一般用户
1365073,2,0,0.0,99,2,一般用户
34105528,1,7,349.99,167,1,高价值核心用户
137183654,1,126,2841.28,589,5,一般用户
38767724,4,0,0.0,35,3,一般用户
39066078,2,5,108.92,932,2,一般用户
138061024,1,0,0.0,62,1,高价值核心用户
139707991,1,2,307.13,265,1,高价值核心用户
12970967,4,4,362.75,143,3,一般用户
88811781,1,1,80.7,141,1,高价值核心用户
39201973,1,24,1526.3,1727,1,高价值核心用户
133701009,2,15,1018.72,492,2,一般用户
90047532,4,1,92.32,507,3,一般用户
140606196,1,0,0.0,547,1,高价值核心用户
94781428,5,51,1533.78,165,3,一般用户
95687290,1,1,82.12,316,1,高价值核心用户
42966250,1,2,408.22,667,1,高价值核心用户
139885879,1,0,0.0,335,1,高价值核心用户
98440358,1,11,846.68,1993,1,高价值核心用户
102689410,2,99,3010.67,447,5,一般用户
140070019,2,0,0.0,149,2,一般用户
14788711,1,0,0.0,96,1,高价值核心用户
50608870,11,0,0.0,14,3,一般用户
56820067,1,0,0.0,279,1,高价值核心用户
103174200,12,0,0.0,29,3,一般用户
16710779,3,2,398.61,220,2,一般用户
107471039,1,39,1369.09,472,1,高价值核心用户
18558609,8,0,0.0,79,3,一般用户
19047603,2,2,59.86,268,2,一般用户
125459343,7,0,0.0,116,3,一般用户
9365986,2,0,0.0,16,2,一般用户
107287661,2,14,780.66,655,2,一般用户
129811530,1,20,918.28,501,1,高价值核心用户
21993808,1,95,4757.48,467,5,一般用户
63382216,1,0,0.0,700,1,高价值核心用户
239485,3,1,145.24,125,2,一般用户
110309128,1,4,104.12,162,1,高价值核心用户
31413542,3,0,0.0,171,2,一般用户
114790451,3,22,1317.75,260,2,一般用户
32006957,1,1,102.3,278,1,高价值核心用户
107997857,4,0,0.0,178,3,一般用户
22882656,1,21,1770.39,460,1,高价值核心用户
40973276,2,54,2438.42,1894,5,一般用户
131153046,2,17,1302.13,230,2,一般用户
108983810,4,3,115.14,101,3,一般用户
11561834,2,89,4011.88,461,5,一般用户
131596907,1,10,813.11,628,1,高价值核心用户
112900189,1,0,0.0,212,1,高价值核心用户
33687452,4,14,1011.05,119,3,一般用户
67166709,1,23,1152.73,376,1,高价值核心用户
36525698,1,0,0.0,4094,1,高价值核心用户
28296618,1,1,187.12,677,1,高价值核心用户
132680679,2,0,0.0,38,2,一般用户
138337202,1,157,7824.46,1009,0,一般用户
124946491,2,80,5161.47,894,5,一般用户
70931681,2,2,217.63,46,2,一般用户
72791026,1,0,0.0,296,1,高价值核心用户
15642495,1,0,0.0,827,1,高价值核心用户
31207229,1,8,719.44,787,1,高价值核心用户
75623420,11,0,0.0,9,3,一般用户
80798241,8,1,10.0,82,3,一般用户
89737857,1,1,10.0,253,1,高价值核心用户
131563223,2,1,123.65,497,2,一般用户
125070791,1,0,0.0,604,1,高价值核心用户
94723090,1,0,0.0,274,1,高价值核心用户
139250001,2,1,170.72,605,2,一般用户
20257132,6,0,0.0,90,3,一般用户
13555997,3,0,0.0,64,2,一般用户
230711,2,1,29.95,193,2,一般用户
137905112,1,35,1298.28,1908,1,高价值核心用户
97097323,6,6,781.74,75,3,一般用户
33217959,4,8,297.81,244,3,一般用户
93088083,3,1,130.06,212,2,一般用户
108472858,1,0,0.0,460,1,高价值核心用户
29459216,1,0,0.0,461,1,高价值核心用户
139752048,2,1,176.32,330,2,一般用户
38387226,1,1,10.0,1321,1,高价值核心用户
41034768,1,1,176.41,409,1,高价值核心用户
127385366,3,20,898.77,339,2,一般用户
121693940,1,0,0.0,609,1,高价值核心用户
36233277,1,2909,22518.78,15660,4,高价值核心用户
128323172,1,0,0.0,362,1,高价值核心用户
19282406,1,10,870.05,2524,1,高价值核心用户
46375902,1,0,0.0,206,1,高价值核心用户
5125563,1,1,87.36,23,1,高价值核心用户
5154444,1,40,1451.99,551,1,高价值核心用户
128589059,2,91,2983.68,516,5,一般用户
37426111,1,5,359.47,2605,1,高价值核心用户
128132115,1,3,126.43,63,1,高价值核心用户
130766413,1,3,10.0,415,1,高价值核心用户
13161427,1,11,905.77,607,1,高价值核心用户
53910293,2,1,217.25,156,2,一般用户
133391467,1,0,0.0,1109,1,高价值核心用户
39324037,1,4,759.06,627,1,高价值核心用户
6015031,2,3,238.98,903,2,一般用户
22123389,2,0,0.0,86,2,一般用户
141418782,14,3,85.15,44,3,一般用户
26384257,1,0,0.0,814,1,高价值核心用户
18205111,1,65,4626.62,571,5,一般用户
4742459,9,121,5238.12,774,3,一般用户
62857495,3,2,236.6,55,2,一般用户
67185042,1,2,383.11,895,1,高价值核心用户
141823298,1,2,217.25,335,1,高价值核心用户
21806254,4,1,191.43,160,3,一般用户
48890303,2,1,10.0,172,2,一般用户
27927595,1,9,939.58,684,1,高价值核心用户
47888992,1,1,51.86,472,1,高价值核心用户
24636415,1,1,94.04,844,1,高价值核心用户
49429733,1,234,4774.57,886,0,一般用户
1724469,4,0,0.0,173,3,一般用户
18981808,1,0,0.0,281,1,高价值核心用户
48830771,3,0,0.0,28,2,一般用户
49911829,1,0,0.0,183,1,高价值核心用户
23039189,4,6,998.59,127,3,一般用户
67524897,1,1,94.24,1273,1,高价值核心用户
22319406,2,0,0.0,145,2,一般用户
30385077,1,2,229.0,413,1,高价值核心用户
23276219,3,1,53.93,505,2,一般用户
50312283,2,0,0.0,348,2,一般用户
24262504,1,3,412.1,1539,1,高价值核心用户
29699014,2,123,2958.97,1763,5,一般用户
31269707,1,0,0.0,80,1,高价值核心用户
51763538,1,136,7477.65,1781,0,一般用户
34891822,1,0,0.0,412,1,高价值核心用户
50672934,1,15,935.52,366,1,高价值核心用户
25773958,1,13,1207.07,384,1,高价值核心用户
35745255,1,191,4476.34,1639,0,一般用户
52951149,1,111,3715.75,636,5,一般用户
30550099,7,0,0.0,89,3,一般用户
35338207,1,10,835.28,537,1,高价值核心用户
7207480,1,0,0.0,755,1,高价值核心用户
34771223,1,0,0.0,218,1,高价值核心用户
56423900,1,1,222.36,351,1,高价值核心用户
37447725,1,1,10.0,1002,1,高价值核心用户
35050906,1,1,10.0,60,1,高价值核心用户
37456519,3,48,2164.42,562,2,一般用户
55275004,1,26,1086.79,228,1,高价值核心用户
59659116,1,13,955.07,3285,1,高价值核心用户
75945861,1,1,150.71,141,1,高价值核心用户
56676769,1,0,0.0,990,1,高价值核心用户
29992703,1,24,1189.8,275,1,高价值核心用户
76550636,1,0,0.0,499,1,高价值核心用户
31850208,1,2,387.78,476,1,高价值核心用户
41993155,1,33,1830.41,327,1,高价值核心用户
35853904,1,9,621.66,347,1,高价值核心用户
79403111,1,1,130.06,601,1,高价值核心用户
48677702,1,461,11944.1,2707,6,一般用户
44908934,1,63,3629.8,1230,5,一般用户
32168566,1,0,0.0,550,1,高价值核心用户
38223900,1,1,151.82,73,1,高价值核心用户
58327324,2,2,128.7,205,2,一般用户
46231195,1,0,0.0,572,1,高价值核心用户
87944152,1,39,4168.45,2073,5,一般用户
59518778,2,7,364.79,260,2,一般用户
34346607,3,1,116.71,353,2,一般用户
61759149,1,0,0.0,335,1,高价值核心用户
49844654,2,4,287.36,667,2,一般用户
62007671,1,6,568.15,624,1,高价值核心用户
3796254,1,0,0.0,103,1,高价值核心用户
45159377,1,0,0.0,42,1,高价值核心用户
42024448,2,0,0.0,171,2,一般用户
45434795,8,1,120.04,27,3,一般用户
4688795,4,0,0.0,38,3,一般用户
49772948,1,2,133.02,484,1,高价值核心用户
43857558,1,156,4364.14,1700,5,一般用户
50349864,4,0,0.0,358,3,一般用户
64739789,1,0,0.0,125,1,高价值核心用户
50553250,1,50,3516.93,1661,5,一般用户
65454710,2,51,1462.3,668,2,一般用户
51298155,2,2,74.24,160,2,一般用户
57033180,1,7,334.56,448,1,高价值核心用户
58814819,1,0,0.0,256,1,高价值核心用户
90853436,2,62,1713.13,1384,2,一般用户
66150030,2,2,445.19,1724,2,一般用户
6243406,1,2,100.75,165,1,高价值核心用户
66876679,1,0,0.0,149,1,高价值核心用户
67043644,1,0,0.0,321,1,高价值核心用户
72442904,1,0,0.0,545,1,高价值核心用户
62458338,4,24,1380.3,499,3,一般用户
7072231,1,71,1916.23,537,5,一般用户
47675537,1,84,3473.52,656,5,一般用户
66866811,1,4,864.25,1427,1,高价值核心用户
57454165,1,0,0.0,639,1,高价值核心用户
75321622,2,3,139.49,1661,2,一般用户
77868658,1,269,7673.82,1907,0,一般用户
48445034,1,73,4770.49,1654,5,一般用户
92341465,1,85,3668.57,1091,5,一般用户
106053650,1,0,0.0,1144,1,高价值核心用户
68265275,1,2,356.61,631,1,高价值核心用户
68332098,1,0,0.0,126,1,高价值核心用户
70656441,1,17,774.93,692,1,高价值核心用户
69620201,1,0,0.0,137,1,高价值核心用户
70617695,1,0,0.0,153,1,高价值核心用户
109911889,1,0,0.0,792,1,高价值核心用户
75904905,1,13,1377.9,386,1,高价值核心用户
81076699,1,102,4784.14,1814,5,一般用户
76520076,1,3,263.52,372,1,高价值核心用户
72148706,1,47,1370.53,1419,1,高价值核心用户
7647261,1,2,237.26,131,1,高价值核心用户
77945945,2,25,1758.37,331,2,一般用户
82209738,7,23,1874.86,584,3,一般用户
77204533,2,0,0.0,96,2,一般用户
7766678,1,6,535.51,607,1,高价值核心用户
117044327,1,73,3044.23,1017,5,一般用户
78235318,15,0,0.0,129,3,一般用户
49068752,1,47,2536.31,713,5,一般用户
80954170,1,46,2128.11,2276,5,一般用户
86038768,1,126,5477.77,1528,0,一般用户
83679249,1,0,0.0,624,1,高价值核心用户
72753099,2,2,197.85,332,2,一般用户
50042882,1,0,0.0,239,1,高价值核心用户
73234758,1,6,758.49,352,1,高价值核心用户
84614339,5,3,222.42,13,3,一般用户
119318284,2,19,1090.03,294,2,一般用户
9092898,1,0,0.0,510,1,高价值核心用户
50244004,1,76,4097.29,1239,5,一般用户
120179448,1,17,1238.37,304,1,高价值核心用户
75180624,1,1,225.17,114,1,高价值核心用户
91373242,7,1,31.51,98,3,一般用户
98890086,1,2,175.55,357,1,高价值核心用户
101615370,1,0,0.0,102,1,高价值核心用户
78760932,2,12,986.18,258,2,一般用户
103090935,1,30,2700.72,2061,5,一般用户
125498107,1,0,0.0,185,1,高价值核心用户
82687808,1,1,152.02,429,1,高价值核心用户
8915107,1,49,3087.38,1361,5,一般用户
126966556,1,1,62.47,53,1,高价值核心用户
97981875,1,29,2258.04,218,5,一般用户
100625191,1,44,2343.76,240,5,一般用户
129377104,1,277,10403.6,2454,0,一般用户
100742887,1,38,2729.67,633,5,一般用户
93888171,1,0,0.0,75,1,高价值核心用户
51204443,1,33,2054.86,352,5,一般用户
112711623,1,163,7160.81,1964,0,一般用户
56735134,1,40,2772.54,802,5,一般用户
83080518,2,20,927.74,919,2,一般用户
90980691,4,1,59.86,163,3,一般用户
95518676,1,48,3136.44,664,5,一般用户
37184570,2,0,0.0,150,2,一般用户
4387844,1,7,446.08,348,1,高价值核心用户
103100649,3,0,0.0,28,2,一般用户
106422256,1,50,2199.19,488,5,一般用户
60296951,1,112,7805.29,1016,0,一般用户
84640132,1,0,0.0,730,1,高价值核心用户
44076621,1,11,787.32,154,1,高价值核心用户
108049747,1,4,424.98,776,1,高价值核心用户
96343297,1,8,593.31,429,1,高价值核心用户
49755294,1,0,0.0,358,1,高价值核心用户
95721550,1,10,651.03,490,1,高价值核心用户
132223788,1,0,0.0,241,1,高价值核心用户
101570549,1,98,3886.29,1456,5,一般用户
56528086,1,1,113.71,359,1,高价值核心用户
96581322,2,4,435.18,148,2,一般用户
135389236,2,0,0.0,53,2,一般用户
85048948,1,1,158.06,110,1,高价值核心用户
141384260,1,0,0.0,305,1,高价值核心用户
92954093,1,257,13554.89,1856,0,一般用户
112747648,2,45,3183.02,1523,5,一般用户
62571710,1,17,1447.97,1478,1,高价值核心用户
19089759,9,0,0.0,164,3,一般用户
56558948,1,28,2171.21,1355,5,一般用户
111820958,2,58,2998.91,608,5,一般用户
20564639,1,2,287.11,573,1,高价值核心用户
97778243,2,0,0.0,297,2,一般用户
100385360,4,9,273.18,38,3,一般用户
102930156,2,6,883.59,3672,2,一般用户
22040312,1,3,183.55,135,1,高价值核心用户
111922941,2,0,0.0,340,2,一般用户
22188362,2,0,0.0,1046,2,一般用户
114926003,1,3,254.43,264,1,高价值核心用户
117521652,1,7,194.64,290,1,高价值核心用户
11313328,1,32,1697.15,1377,1,高价值核心用户
59688022,1,14,1392.49,411,1,高价值核心用户
117111233,2,0,0.0,136,2,一般用户
120698813,1,2,118.01,690,1,高价值核心用户
117260033,1,1,295.66,192,1,高价值核心用户
64349342,1,0,0.0,138,1,高价值核心用户
68429891,1,56,1716.5,735,5,一般用户
59731095,1,2,97.63,967,1,高价值核心用户
120512456,1,19,731.87,106,1,高价值核心用户
121680466,1,0,0.0,1242,1,高价值核心用户
24658436,1,0,0.0,608,1,高价值核心用户
12039328,1,0,0.0,920,1,高价值核心用户
124614349,1,112,5003.71,3396,5,一般用户
73138544,1,11,547.25,3258,1,高价值核心用户
28097175,2,2,187.2,831,2,一般用户
59894542,1,3,254.67,548,1,高价值核心用户
127691807,4,1,10.0,552,3,一般用户
121339853,1,0,0.0,419,1,高价值核心用户
68008677,8,2,109.08,150,3,一般用户
3482403,1,2,72.44,261,1,高价值核心用户
71452131,8,4,340.13,164,3,一般用户
130462468,6,0,0.0,221,3,一般用户
131851410,1,1,43.39,1042,1,高价值核心用户
72419143,1,313,10655.11,1605,0,一般用户
97730927,1,25,1744.04,1425,1,高价值核心用户
102608728,3,0,0.0,137,2,一般用户
38597498,4,9,266.46,73,3,一般用户
131695311,1,3,286.38,251,1,高价值核心用户
39395202,1,3,198.49,716,1,高价值核心用户
110106082,1,2,291.61,1321,1,高价值核心用户
134953389,9,0,0.0,29,3,一般用户
136606000,12,0,0.0,32,3,一般用户
140734558,3,0,0.0,43,2,一般用户
15120218,1,6,547.68,487,1,高价值核心用户
108511715,9,0,0.0,20,3,一般用户
113801131,23,0,0.0,7,3,一般用户
114307712,4,3,254.96,589,3,一般用户
50430840,1,0,0.0,151,1,高价值核心用户
133528960,1,1,217.25,248,1,高价值核心用户
55053280,2,8,566.54,55,2,一般用户
16777748,1,5,481.61,184,1,高价值核心用户
59178238,1,17,1379.18,452,1,高价值核心用户
140332109,1,0,0.0,258,1,高价值核心用户
11459905,2,20,345.14,187,2,一般用户
18216712,3,203,8345.0,744,0,一般用户
140356732,8,88,4514.75,792,3,一般用户
77743407,1,0,0.0,482,1,高价值核心用户
124980614,7,1,151.82,293,3,一般用户
119257966,1,2,297.4,283,1,高价值核心用户
118061360,1,1,76.46,1431,1,高价值核心用户
62925833,3,0,0.0,238,2,一般用户
86173615,2,0,0.0,52,2,一般用户
130457432,1,16,1570.44,1050,1,高价值核心用户
75251738,1,0,0.0,2828,1,高价值核心用户
119661272,1,0,0.0,67,1,高价值核心用户
89736791,1,55,1867.4,1685,5,一般用户
19010396,1,24,1772.29,312,1,高价值核心用户
120594609,1,0,0.0,699,1,高价值核心用户
79074116,2,53,1336.59,238,2,一般用户
14447131,3,21,1585.98,2699,2,一般用户
22441068,1,0,0.0,896,1,高价值核心用户
82962775,4,1,165.75,116,3,一般用户
85356127,5,0,0.0,73,3,一般用户
88815441,1,303,10203.32,2557,0,一般用户
133203992,1,53,2371.22,614,5,一般用户
123216227,2,0,0.0,31,2,一般用户
128180595,1,3,227.25,845,1,高价值核心用户
126104947,4,1,227.45,51,3,一般用户
128172519,1,10,538.54,700,1,高价值核心用户
24620052,1,1,98.92,192,1,高价值核心用户
27840504,1,3,238.98,1810,1,高价值核心用户
138254559,1,0,0.0,217,1,高价值核心用户
134948525,1,142,5974.48,577,0,一般用户
34798610,6,0,0.0,89,3,一般用户
130765659,7,1,51.86,55,3,一般用户
131254719,1,2,281.87,1289,1,高价值核心用户
35277878,4,1,88.24,67,3,一般用户
40109600,15,0,0.0,47,3,一般用户
41138904,1,8,136.71,549,1,高价值核心用户
138737144,2,25,1423.48,1187,2,一般用户
43864538,1,347,11486.16,2565,6,一般用户
89210176,1,5,235.72,410,1,高价值核心用户
102033644,1,0,0.0,284,1,高价值核心用户
18292376,2,16,934.73,291,2,一般用户
89813223,1,0,0.0,68,1,高价值核心用户
106634442,2,41,1854.28,3295,2,一般用户
96219418,1,221,6489.74,1239,0,一般用户
137998405,1,23,1691.83,2521,1,高价值核心用户
2112922,3,31,2503.14,251,2,一般用户
29710830,1,76,5550.79,1370,5,一般用户
36142170,1,59,1846.44,384,5,一般用户
139455432,4,2,344.32,62,3,一般用户
76003936,1,0,0.0,1062,1,高价值核心用户
140145748,2,0,0.0,347,2,一般用户
37652869,1,2,275.58,912,1,高价值核心用户
141907831,2,92,5772.61,1062,5,一般用户
79432796,1,0,0.0,59,1,高价值核心用户
97512117,1,6,333.63,213,1,高价值核心用户
81471953,1,63,2635.33,645,5,一般用户
31732015,1,26,1670.22,2748,1,高价值核心用户
43983889,1,0,0.0,260,1,高价值核心用户
99705619,5,10,87.06,52,3,一般用户
102033461,1,28,2070.93,1422,5,一般用户
42213703,3,53,2379.66,508,2,一般用户
45642765,1,3,275.25,29,1,高价值核心用户
16010946,1,4,294.2,213,1,高价值核心用户
47693061,7,32,1928.14,565,3,一般用户
83832211,1,0,0.0,364,1,高价值核心用户
16124265,13,0,0.0,577,3,一般用户
44433489,1,3,254.13,108,1,高价值核心用户
56377036,1,7,294.81,291,1,高价值核心用户
85110777,2,8,169.47,113,2,一般用户
92726270,1,0,0.0,45,1,高价值核心用户
18655723,1,0,0.0,489,1,高价值核心用户
107047436,1,18,1870.91,680,1,高价值核心用户
53751383,1,2,194.29,375,1,高价值核心用户
97951451,1,1,20.13,2364,1,高价值核心用户
100090063,2,7,490.73,91,2,一般用户
10045419,1,27,1828.82,373,1,高价值核心用户
57810665,5,0,0.0,144,3,一般用户
140158728,1,6,708.3,949,1,高价值核心用户
66374251,1,1,12.77,387,1,高价值核心用户
57938833,1,0,0.0,124,1,高价值核心用户
1022919,1,2,10.0,313,1,高价值核心用户
60674956,2,70,4023.81,969,5,一般用户
106058919,1,2,308.0,221,1,高价值核心用户
22007082,1,3,242.46,129,1,高价值核心用户
67422920,1,4,459.7,1047,1,高价值核心用户
36918674,1,10,828.07,1806,1,高价值核心用户
102339954,4,0,0.0,153,3,一般用户
109705911,1,0,0.0,322,1,高价值核心用户
109711418,1,63,2162.56,822,5,一般用户
110528594,1,3,194.73,504,1,高价值核心用户
11053843,3,4,560.65,606,2,一般用户
33463484,1,98,2986.95,3270,5,一般用户
6079735,1,1,90.75,351,1,高价值核心用户
140739491,1,38,1734.75,197,1,高价值核心用户
114802994,1,3,391.54,600,1,高价值核心用户
70070588,3,0,0.0,85,2,一般用户
74136138,2,0,0.0,186,2,一般用户
22560823,1,3,279.14,1280,1,高价值核心用户
6769671,7,0,0.0,46,3,一般用户
111091971,1,11,406.91,46,1,高价值核心用户
68597206,1,0,0.0,556,1,高价值核心用户
11189891,17,1,130.06,140,3,一般用户
113920718,24,0,0.0,12,3,一般用户
116511286,2,0,0.0,23,2,一般用户
124093640,1,0,0.0,111,1,高价值核心用户
116252021,1,0,0.0,382,1,高价值核心用户
75209170,1,7,1000.84,229,1,高价值核心用户
133271218,1,3,55.09,373,1,高价值核心用户
38190551,1,0,0.0,125,1,高价值核心用户
75533954,1,27,1751.56,552,1,高价值核心用户
116554148,1,6,446.79,253,1,高价值核心用户
120992701,1,0,0.0,690,1,高价值核心用户
38915660,1,1,20.06,824,1,高价值核心用户
15997681,1,3,315.43,346,1,高价值核心用户
72256073,1,2,121.82,859,1,高价值核心用户
118539630,1,0,0.0,215,1,高价值核心用户
23326854,1,73,3830.32,1879,5,一般用户
11904220,6,1,109.76,32,3,一般用户
22584113,1,16,755.42,224,1,高价值核心用户
81245680,1,87,4993.64,2127,5,一般用户
120433755,1,245,9018.68,1671,0,一般用户
24487604,6,44,752.47,189,3,一般用户
125186578,1,0,0.0,41,1,高价值核心用户
125572934,2,0,0.0,129,2,一般用户
250843,1,44,3194.43,1042,5,一般用户
134259827,1,23,1426.87,355,1,高价值核心用户
42479497,2,13,824.18,396,2,一般用户
82076649,3,0,0.0,271,2,一般用户
44221621,3,0,0.0,93,2,一般用户
501286,1,1,94.24,499,1,高价值核心用户
137608771,1,39,2693.39,606,5,一般用户
82860631,1,25,1194.59,382,1,高价值核心用户
3192805,5,11,326.75,144,3,一般用户
86723144,1,0,0.0,490,1,高价值核心用户
138187775,1,0,0.0,87,1,高价值核心用户
52042648,2,23,1572.58,519,2,一般用户
140131230,3,1,62.44,198,2,一般用户
35112986,1,0,0.0,144,1,高价值核心用户
125634150,1,32,2810.78,387,5,一般用户
15300280,7,0,0.0,24,3,一般用户
17757886,1,14,1955.35,545,1,高价值核心用户
33019836,1,11,749.96,1018,1,高价值核心用户
36638003,1,0,0.0,87,1,高价值核心用户
44224665,1,0,0.0,570,1,高价值核心用户
87616807,1,6,306.12,816,1,高价值核心用户
56045820,2,18,1466.87,325,2,一般用户
81958592,1,0,0.0,239,1,高价值核心用户
127599272,1,5,418.97,312,1,高价值核心用户
57834315,1,8,436.95,184,1,高价值核心用户
82524017,17,0,0.0,143,3,一般用户
3567524,2,6,482.91,151,2,一般用户
38048555,1,17,738.4,481,1,高价值核心用户
59241675,2,0,0.0,174,2,一般用户
82775878,1,2,180.68,227,1,高价值核心用户
18207103,1,0,0.0,181,1,高价值核心用户
52256064,1,2,156.53,612,1,高价值核心用户
6014239,4,1,105.87,242,3,一般用户
127917062,1,26,1069.88,553,1,高价值核心用户
19711693,1,2,210.39,505,1,高价值核心用户
84465849,1,233,6352.94,3495,0,一般用户
8847877,1,2,175.75,868,1,高价值核心用户
64847438,1,1,106.55,868,1,高价值核心用户
38173093,2,0,0.0,65,2,一般用户
41182866,1,1,176.32,306,1,高价值核心用户
41986655,1,145,1992.33,2384,5,一般用户
22340122,1,0,0.0,579,1,高价值核心用户
128476994,1,114,4876.29,2733,5,一般用户
54340712,1,7,174.74,827,1,高价值核心用户
45820472,1,0,0.0,53,1,高价值核心用户
46945718,1,0,0.0,55,1,高价值核心用户
47087121,1,10,1396.53,338,1,高价值核心用户
22717072,1,4,430.16,1267,1,高价值核心用户
89193034,1,2,144.91,227,1,高价值核心用户
678552,15,0,0.0,13,3,一般用户
68605934,1,4,434.89,254,1,高价值核心用户
52046180,2,0,0.0,274,2,一般用户
92251217,1,5,473.44,465,1,高价值核心用户
5624123,1,0,0.0,255,1,高价值核心用户
70905680,1,1,118.58,100,1,高价值核心用户
56845243,1,26,1537.16,206,1,高价值核心用户
79463651,1,50,2128.56,656,5,一般用户
6101177,1,31,1859.86,2421,1,高价值核心用户
64614030,1,154,3911.45,1363,5,一般用户
82660191,6,2,169.86,139,3,一般用户
47257431,1,2,270.82,1038,1,高价值核心用户
985207,1,0,0.0,364,1,高价值核心用户
8370322,1,1,10.0,728,1,高价值核心用户
108051466,1,0,0.0,338,1,高价值核心用户
25414648,1,29,1763.56,651,1,高价值核心用户
111035639,1,0,0.0,336,1,高价值核心用户
87269189,2,0,0.0,235,2,一般用户
2883429,7,0,0.0,141,3,一般用户
111232777,1,12,1119.09,301,1,高价值核心用户
131231135,1,0,0.0,921,1,高价值核心用户
88159912,1,1,76.08,471,1,高价值核心用户
32399786,1,50,2957.16,603,5,一般用户
4919496,14,0,0.0,44,3,一般用户
67583520,1,0,0.0,310,1,高价值核心用户
51411267,2,5,250.13,85,2,一般用户
54025878,3,1,215.3,297,2,一般用户
11412443,1,21,1517.42,2378,1,高价值核心用户
82936710,1,0,0.0,425,1,高价值核心用户
55440618,2,0,0.0,216,2,一般用户
94106376,1,0,0.0,582,1,高价值核心用户
35324602,3,103,2920.86,719,5,一般用户
79268479,13,0,0.0,123,3,一般用户
83928316,1,2,131.5,279,1,高价值核心用户
89341994,1,2,250.26,326,1,高价值核心用户
84766191,1,1,10.0,563,1,高价值核心用户
95272651,2,0,0.0,139,2,一般用户
95520482,1,65,3316.02,845,5,一般用户
131959781,2,72,4662.97,977,5,一般用户
89153511,1,18,1643.92,451,1,高价值核心用户
92028970,3,0,0.0,351,2,一般用户
85051568,3,0,0.0,138,2,一般用户
46129619,14,1,64.28,31,3,一般用户
91109694,1,6,386.33,210,1,高价值核心用户
5020210,2,15,1069.24,735,2,一般用户
62672024,3,4,668.29,257,2,一般用户
9601609,3,0,0.0,230,2,一般用户
95471305,1,84,4338.91,1622,5,一般用户
66566059,1,69,3203.74,575,5,一般用户
97019627,1,3,168.12,1214,1,高价值核心用户
55050954,1,1,118.56,980,1,高价值核心用户
99775965,1,168,4572.31,1589,0,一般用户
100833741,8,3,123.69,187,3,一般用户
114971408,1,1,190.13,773,1,高价值核心用户
98578505,1,33,1593.22,664,1,高价值核心用户
100955055,2,0,0.0,47,2,一般用户
104732482,1,30,2777.34,911,5,一般用户
137538791,2,0,0.0,140,2,一般用户
67043382,18,0,0.0,153,3,一般用户
102663288,1,33,1743.44,2395,1,高价值核心用户
17341591,1,37,2863.75,1805,5,一般用户
71149953,1,6,628.58,954,1,高价值核心用户
117968156,1,16,964.8,1106,1,高价值核心用户
95898771,1,117,5457.12,957,5,一般用户
103673316,1,97,4149.61,553,5,一般用户
107413843,1,9,720.82,298,1,高价值核心用户
55685159,1,1,116.71,880,1,高价值核心用户
110754991,5,0,0.0,146,3,一般用户
80673818,1,9,593.91,863,1,高价值核心用户
11162300,1,1,165.75,1101,1,高价值核心用户
111415929,1,33,1744.55,372,1,高价值核心用户
82892371,1,2,103.02,589,1,高价值核心用户
114203064,1,0,0.0,315,1,高价值核心用户
21217939,1,0,0.0,297,1,高价值核心用户
119137734,2,0,0.0,996,2,一般用户
56376570,1,40,1661.53,1142,1,高价值核心用户
26529364,1,4,307.61,330,1,高价值核心用户
115457118,1,8,783.47,550,1,高价值核心用户
114955187,3,19,806.07,250,2,一般用户
102996286,1,216,10785.82,1636,0,一般用户
89004886,1,0,0.0,67,1,高价值核心用户
27326941,1,36,1301.44,652,1,高价值核心用户
116625593,2,0,0.0,264,2,一般用户
95293046,8,0,0.0,92,3,一般用户
9560592,1,9,529.61,382,1,高价值核心用户
102050588,1,0,0.0,213,1,高价值核心用户
116123751,2,3,235.29,103,2,一般用户
92822194,1,2,228.22,842,1,高价值核心用户
11197151,1,4,404.73,2908,1,高价值核心用户
117978928,2,0,0.0,17,2,一般用户
125441035,2,1,10.0,584,2,一般用户
118330286,1,105,5462.85,3365,5,一般用户
104174972,1,4,168.13,461,1,高价值核心用户
12037455,5,1,58.72,62,3,一般用户
121687827,1,0,0.0,552,1,高价值核心用户
56444539,1,17,1717.01,806,1,高价值核心用户
28917650,1,22,284.99,266,1,高价值核心用户
103486499,1,0,0.0,360,1,高价值核心用户
130260577,2,0,0.0,182,2,一般用户
107868172,1,25,1595.87,1385,1,高价值核心用户
131405782,1,6,549.28,601,1,高价值核心用户
105105740,1,13,942.27,1507,1,高价值核心用户
122454259,6,0,0.0,72,3,一般用户
29373526,1,18,1496.83,723,1,高价值核心用户
127311966,2,1,32.82,401,2,一般用户
133825480,2,30,1811.27,371,2,一般用户
6177572,1,1,64.28,768,1,高价值核心用户
131890544,8,0,0.0,85,3,一般用户
133939609,1,30,2271.99,717,5,一般用户
34565215,1,11,544.05,319,1,高价值核心用户
136496700,1,1,15.38,237,1,高价值核心用户
136677781,7,1,123.18,92,3,一般用户
35096341,1,0,0.0,365,1,高价值核心用户
13861417,1,1,88.94,627,1,高价值核心用户
62305709,1,0,0.0,142,1,高价值核心用户
114664281,2,0,0.0,174,2,一般用户
64245350,5,1,23.24,140,3,一般用户
134217738,6,0,0.0,50,3,一般用户
51169540,1,94,2346.21,547,5,一般用户
138964981,1,2,138.57,144,1,高价值核心用户
119616442,1,0,0.0,185,1,高价值核心用户
74086991,1,102,3796.11,2775,5,一般用户
11635792,2,0,0.0,47,2,一般用户
139207603,2,3,383.0,287,2,一般用户
120530344,4,49,2759.73,168,3,一般用户
120159915,5,0,0.0,69,3,一般用户
121148690,1,168,5450.9,527,0,一般用户
121782132,1,61,3373.14,671,5,一般用户
15834893,1,0,0.0,202,1,高价值核心用户
2128246,1,12,1059.46,766,1,高价值核心用户
64364680,1,0,0.0,101,1,高价值核心用户
121814113,1,21,977.49,823,1,高价值核心用户
64675604,1,71,4821.12,914,5,一般用户
17684274,4,1,10.0,112,3,一般用户
119121582,1,68,4844.82,1106,5,一般用户
18793421,1,0,0.0,253,1,高价值核心用户
123620434,2,0,0.0,37,2,一般用户
127712668,1,15,1188.54,935,1,高价值核心用户
27758941,1,0,0.0,135,1,高价值核心用户
27811537,4,2,243.05,320,3,一般用户
29881921,1,49,648.75,333,1,高价值核心用户
32851381,1,21,1036.4,447,1,高价值核心用户
28826774,1,11,749.35,769,1,高价值核心用户
120852545,1,74,3466.06,1666,5,一般用户
122129755,1,0,0.0,640,1,高价值核心用户
65388018,1,27,1276.01,1711,1,高价值核心用户
133007823,2,1,129.69,8,2,一般用户
134959857,1,0,0.0,950,1,高价值核心用户
48908899,1,30,866.68,1203,1,高价值核心用户
122382368,1,0,0.0,250,1,高价值核心用户
124640575,4,24,888.69,109,3,一般用户
125368789,1,65,2449.05,643,5,一般用户
43796808,1,87,4842.14,548,5,一般用户
123969946,7,0,0.0,18,3,一般用户
123995552,2,132,5368.72,1759,0,一般用户
137484826,1,335,8827.17,2056,0,一般用户
74750292,1,79,4659.92,1873,5,一般用户
54404822,1,0,0.0,369,1,高价值核心用户
127312554,2,0,0.0,20,2,一般用户
129076681,1,3,439.39,155,1,高价值核心用户
15482392,2,13,1172.79,446,2,一般用户
126336907,1,0,0.0,376,1,高价值核心用户
5698511,1,87,3445.13,1417,5,一般用户
51948061,1,0,0.0,47,1,高价值核心用户
74266044,2,0,0.0,189,2,一般用户
60419145,1,0,0.0,483,1,高价值核心用户
74656762,4,0,0.0,308,3,一般用户
16332862,1,2,295.9,1961,1,高价值核心用户
127341390,4,2,192.5,43,3,一般用户
130000301,3,0,0.0,165,2,一般用户
60724505,2,0,0.0,248,2,一般用户
133922654,1,1,51.98,570,1,高价值核心用户
74970676,1,12,1131.99,590,1,高价值核心用户
66911931,1,3,57.67,260,1,高价值核心用户
136795659,1,2,432.55,1271,1,高价值核心用户
71210938,2,0,0.0,86,2,一般用户
79492036,1,5,561.39,332,1,高价值核心用户
75100167,1,272,4132.92,1489,0,一般用户
73218701,1,1,116.09,1215,1,高价值核心用户
127142437,1,2,264.67,325,1,高价值核心用户
139458443,6,1,128.57,128,3,一般用户
15735335,1,16,640.54,233,1,高价值核心用户
84469236,3,21,1513.14,567,2,一般用户
58468151,1,7,397.12,137,1,高价值核心用户
138823535,2,1,88.94,851,2,一般用户
71054049,1,0,0.0,206,1,高价值核心用户
1825186,2,1,87.86,255,2,一般用户
71234312,1,38,1064.46,482,1,高价值核心用户
16416706,2,0,0.0,73,2,一般用户
18783765,3,3,366.85,251,2,一般用户
87648643,2,12,788.32,565,2,一般用户
1666891,1,3,58.39,113,1,高价值核心用户
17979588,2,92,2930.14,596,5,一般用户
3380259,1,17,620.69,273,1,高价值核心用户
77119953,1,8,94.28,196,1,高价值核心用户
76940638,3,0,0.0,108,2,一般用户
15237890,1,15,619.19,505,1,高价值核心用户
80057325,1,1,50.33,523,1,高价值核心用户
75326382,6,0,0.0,333,3,一般用户
7761295,2,20,1692.59,1150,2,一般用户
14728652,1,0,0.0,171,1,高价值核心用户
35849648,1,1,80.08,887,1,高价值核心用户
94329829,1,4,329.78,1608,1,高价值核心用户
15627502,1,0,0.0,272,1,高价值核心用户
78202306,4,0,0.0,349,3,一般用户
22278371,1,156,5159.6,961,0,一般用户
19222039,12,3,215.55,32,3,一般用户
20116814,1,109,3819.03,911,5,一般用户
17907443,2,0,0.0,764,2,一般用户
78445846,1,8,980.81,610,1,高价值核心用户
81419674,1,7,686.27,202,1,高价值核心用户
82026505,2,0,0.0,145,2,一般用户
87098913,1,171,9203.58,1043,0,一般用户
39861556,2,15,1232.9,329,2,一般用户
19146119,1,279,7335.39,1861,0,一般用户
79383980,1,0,0.0,172,1,高价值核心用户
46661935,1,77,4227.94,1649,5,一般用户
21868086,1,3,552.42,2834,1,高价值核心用户
77802678,2,5,228.99,260,2,一般用户
83543222,3,1,89.26,216,2,一般用户
2283337,1,50,2273.15,688,5,一般用户
78357080,2,4,519.22,27,2,一般用户
79844578,1,19,661.05,505,1,高价值核心用户
86901628,1,2,363.78,510,1,高价值核心用户
87351790,1,99,3628.56,1196,5,一般用户
92220826,5,2,322.74,65,3,一般用户
97615128,4,1,59.86,167,3,一般用户
81144389,1,9,298.76,40,1,高价值核心用户
28699943,4,0,0.0,46,3,一般用户
86845872,5,1,51.86,36,3,一般用户
87642673,1,4,466.25,1895,1,高价值核心用户
29644155,1,32,2296.72,430,5,一般用户
36103708,1,0,0.0,109,1,高价值核心用户
37019520,1,0,0.0,12,1,高价值核心用户
43109583,1,0,0.0,294,1,高价值核心用户
98922726,2,8,537.92,87,2,一般用户
100632766,1,79,1790.09,1126,5,一般用户
97248042,3,2,186.32,217,2,一般用户
44640814,1,34,1021.13,580,1,高价值核心用户
19853816,1,0,0.0,134,1,高价值核心用户
51233471,1,12,1004.6,204,1,高价值核心用户
33213066,1,1,187.12,592,1,高价值核心用户
52577851,1,10,1079.47,6137,1,高价值核心用户
97595347,1,108,6516.36,1463,0,一般用户
103336492,1,0,0.0,483,1,高价值核心用户
45796530,1,2,342.82,444,1,高价值核心用户
37970818,1,0,0.0,430,1,高价值核心用户
104135842,1,32,1755.08,1466,1,高价值核心用户
10064430,4,56,1470.78,574,3,一般用户
46433093,1,7,744.62,133,1,高价值核心用户
100854241,1,1,116.71,117,1,高价值核心用户
41309171,1,0,0.0,53,1,高价值核心用户
51473167,1,8,714.59,92,1,高价值核心用户
52795855,1,0,0.0,277,1,高价值核心用户
102814676,4,2,59.86,119,3,一般用户
55975460,2,34,2611.39,545,5,一般用户
87948577,10,1,200.57,175,3,一般用户
99781075,1,0,0.0,572,1,高价值核心用户
100896290,6,0,0.0,447,3,一般用户
102825286,1,155,9425.53,1769,0,一般用户
23483451,5,1,165.75,157,3,一般用户
60386008,1,2,52.65,369,1,高价值核心用户
25128484,7,0,0.0,275,3,一般用户
61692878,1,168,7059.58,943,0,一般用户
102417042,3,10,1239.42,876,2,一般用户
9797520,1,1,156.02,209,1,高价值核心用户
107954360,1,24,1881.06,711,1,高价值核心用户
25688135,1,2,168.63,335,1,高价值核心用户
58871895,1,1,98.48,808,1,高价值核心用户
29301311,3,0,0.0,137,2,一般用户
34665001,1,34,1978.05,350,5,一般用户
62826060,1,236,10799.24,1510,0,一般用户
111665868,1,3,207.8,783,1,高价值核心用户
107323711,1,10,724.75,3194,1,高价值核心用户
35254146,1,3,469.24,469,1,高价值核心用户
107859322,1,2,87.34,388,1,高价值核心用户
66232679,1,118,3291.17,1603,5,一般用户
36778947,8,3,39.54,52,3,一般用户
37054928,1,3,184.32,272,1,高价值核心用户
110162881,7,0,0.0,21,3,一般用户
110378808,3,3,415.97,138,2,一般用户
105485068,1,2,98.94,1016,1,高价值核心用户
45074656,23,0,0.0,148,3,一般用户
112684530,8,3,343.37,19,3,一般用户
112956623,3,0,0.0,83,2,一般用户
46728090,1,0,0.0,397,1,高价值核心用户
11545672,1,0,0.0,103,1,高价值核心用户
117269642,1,1,62.09,661,1,高价值核心用户
125493701,2,1,56.3,170,2,一般用户
65810725,1,16,1204.48,177,1,高价值核心用户
130107482,1,1,126.09,1610,1,高价值核心用户
4839533,1,1,114.79,547,1,高价值核心用户
6814789,1,41,2759.17,1682,5,一般用户
118402025,3,0,0.0,75,2,一般用户
125891448,1,55,3037.82,753,5,一般用户
49000569,3,19,1481.68,464,2,一般用户
1067578,1,1,82.92,134,1,高价值核心用户
69117671,1,0,0.0,591,1,高价值核心用户
111595300,1,128,9263.24,1979,0,一般用户
5240052,6,0,0.0,15,3,一般用户
56554346,1,59,2493.26,406,5,一般用户
132617033,1,64,4948.91,884,5,一般用户
129022531,1,1,62.47,107,1,高价值核心用户
109129708,1,2,196.56,805,1,高价值核心用户
132420118,1,47,3775.4,1028,5,一般用户
59746563,1,5,627.44,231,1,高价值核心用户
73232978,6,2,236.66,1288,3,一般用户
62585395,1,1,81.23,402,1,高价值核心用户
73071844,1,35,2608.92,463,5,一般用户
135171817,1,0,0.0,763,1,高价值核心用户
79384326,1,2,90.84,55,1,高价值核心用户
115003339,5,29,1773.36,443,3,一般用户
63348,3,14,1318.51,149,2,一般用户
79557421,1,0,0.0,497,1,高价值核心用户
66865786,1,1,152.97,446,1,高价值核心用户
138690511,1,56,3329.08,425,5,一般用户
122003638,1,37,1878.56,481,5,一般用户
11517935,1,0,0.0,597,1,高价值核心用户
135721617,1,4,363.71,352,1,高价值核心用户
81874936,2,0,0.0,36,2,一般用户
68327951,2,10,914.85,945,2,一般用户
75292590,1,358,11312.37,2566,6,一般用户
83328872,1,0,0.0,251,1,高价值核心用户
2896763,1,0,0.0,197,1,高价值核心用户
127958351,1,77,4141.01,1696,5,一般用户
87298447,1,0,0.0,724,1,高价值核心用户
136668031,1,0,0.0,125,1,高价值核心用户
61664752,1,0,0.0,482,1,高价值核心用户
31433604,4,5,174.42,155,3,一般用户
116763688,1,0,0.0,393,1,高价值核心用户
14157293,1,0,0.0,2407,1,高价值核心用户
42636726,3,0,0.0,97,2,一般用户
45563112,1,15,492.8,1182,1,高价值核心用户
64818293,1,0,0.0,69,1,高价值核心用户
119680525,1,0,0.0,227,1,高价值核心用户
65373436,1,0,0.0,507,1,高价值核心用户
122818954,1,37,1035.93,566,1,高价值核心用户
68961612,1,0,0.0,371,1,高价值核心用户
90065698,1,3,275.83,274,1,高价值核心用户
74947645,1,1,80.88,646,1,高价值核心用户
66699196,3,21,1335.36,459,2,一般用户
123326452,5,42,1283.58,211,3,一般用户
59540963,1,3,592.22,862,1,高价值核心用户
135077497,3,0,0.0,149,2,一般用户
66909500,1,82,2866.98,1816,5,一般用户
13745443,1,27,1709.43,1385,1,高价值核心用户
78074373,1,154,4732.97,1558,0,一般用户
98259829,2,1,10.0,432,2,一般用户
100078685,1,0,0.0,662,1,高价值核心用户
130334651,1,1,10.0,58,1,高价值核心用户
66274733,1,0,0.0,1215,1,高价值核心用户
131930045,1,66,4895.42,2117,5,一般用户
76146995,1,0,0.0,172,1,高价值核心用户
76658341,1,0,0.0,708,1,高价值核心用户
101061002,2,93,4223.79,848,5,一般用户
24219008,1,124,3335.61,2274,5,一般用户
137944523,1,0,0.0,130,1,高价值核心用户
138090536,9,0,0.0,118,3,一般用户
1652366,10,3,126.15,47,3,一般用户
18379814,3,1,217.25,249,2,一般用户
77324134,1,4,480.56,2381,1,高价值核心用户
67028419,1,265,9017.35,3702,0,一般用户
24289312,1,2,333.6,349,1,高价值核心用户
72129303,3,3,247.33,222,2,一般用户
101508404,1,114,3039.03,1699,5,一般用户
74312496,1,54,2968.67,738,5,一般用户
84208789,5,2,132.72,92,3,一般用户
2683726,1,102,2902.47,468,5,一般用户
87836751,5,2,152.71,157,3,一般用户
32695127,1,14,1078.04,934,1,高价值核心用户
134225812,2,85,1806.01,459,5,一般用户
75393724,1,3,100.37,95,1,高价值核心用户
79603335,1,25,1599.23,615,1,高价值核心用户
137132350,1,0,0.0,209,1,高价值核心用户
25368165,1,0,0.0,468,1,高价值核心用户
8319301,2,1,123.69,63,2,一般用户
100128093,2,0,0.0,165,2,一般用户
15960640,5,0,0.0,142,3,一般用户
103254376,1,3,287.37,1046,1,高价值核心用户
103653287,3,0,0.0,75,2,一般用户
104569658,1,265,6225.74,2608,0,一般用户
80519771,1,0,0.0,114,1,高价值核心用户
34553782,2,166,7176.97,3792,0,一般用户
20078969,1,20,1690.11,279,1,高价值核心用户
7799018,1,11,261.8,613,1,高价值核心用户
29388134,1,0,0.0,431,1,高价值核心用户
82061100,1,0,0.0,226,1,高价值核心用户
2302002,1,63,2984.47,523,5,一般用户
83976569,2,0,0.0,366,2,一般用户
106320112,1,60,3452.23,1464,5,一般用户
3495324,1,0,0.0,296,1,高价值核心用户
8784082,1,0,0.0,117,1,高价值核心用户
34104714,2,0,0.0,493,2,一般用户
82056066,1,8,903.59,966,1,高价值核心用户
92174499,1,1,178.04,375,1,高价值核心用户
36513563,1,244,8029.6,1484,0,一般用户
96238328,1,15,787.31,357,1,高价值核心用户
34313030,6,30,2583.86,166,3,一般用户
44247352,2,1,10.0,73,2,一般用户
47592059,2,0,0.0,121,2,一般用户
87861593,4,1,241.66,155,3,一般用户
97358177,1,12,566.0,213,1,高价值核心用户
49841922,1,3,413.36,564,1,高价值核心用户
91552951,1,3,367.57,363,1,高价值核心用户
70237977,8,0,0.0,29,3,一般用户
78794958,1,10,1246.07,517,1,高价值核心用户
96307825,1,32,1279.2,170,1,高价值核心用户
104356019,5,0,0.0,54,3,一般用户
107475844,4,0,0.0,239,3,一般用户
110297710,1,0,0.0,190,1,高价值核心用户
53027238,1,42,2191.92,455,5,一般用户
116232438,1,3,198.99,1752,1,高价值核心用户
114844461,1,0,0.0,305,1,高价值核心用户
39849534,1,0,0.0,564,1,高价值核心用户
115393096,1,2,198.51,357,1,高价值核心用户
99418963,1,0,0.0,656,1,高价值核心用户
104191148,2,17,1503.49,193,2,一般用户
81756097,6,1,176.32,571,3,一般用户
53733006,2,0,0.0,56,2,一般用户
54330314,1,1,39.49,972,1,高价值核心用户
104611414,9,2,311.54,58,3,一般用户
106783624,1,19,1264.46,1327,1,高价值核心用户
119687214,1,72,2604.7,1605,5,一般用户
42527310,3,0,0.0,150,2,一般用户
83437514,1,0,0.0,102,1,高价值核心用户
43348892,4,87,4079.13,394,5,一般用户
86736998,2,6,491.0,74,2,一般用户
90943326,2,0,0.0,100,2,一般用户
3468674,3,0,0.0,43,2,一般用户
4146900,1,0,0.0,2458,1,高价值核心用户
95565960,1,1,88.94,203,1,高价值核心用户
107389711,3,1,13.78,54,2,一般用户
4977592,1,2,99.84,1204,1,高价值核心用户
10770527,1,54,3267.78,627,5,一般用户
58444103,19,0,0.0,215,3,一般用户
97092878,2,194,5290.79,1123,0,一般用户
59915320,4,0,0.0,947,3,一般用户
111073682,1,14,872.56,1146,1,高价值核心用户
12118297,1,0,0.0,173,1,高价值核心用户
112649389,2,0,0.0,267,2,一般用户
5189513,1,1,59.86,845,1,高价值核心用户
122231680,1,3,42.52,557,1,高价值核心用户
124217111,2,1,85.15,158,2,一般用户
113114470,1,145,5756.04,1103,0,一般用户
12522187,2,3,436.65,637,2,一般用户
98583943,1,323,6977.54,1580,0,一般用户
125220499,2,10,813.96,218,2,一般用户
61058989,1,0,0.0,260,1,高价值核心用户
127168253,2,1,10.0,1569,2,一般用户
6504113,1,0,0.0,787,1,高价值核心用户
66819472,1,1,51.86,424,1,高价值核心用户
429994,1,0,0.0,263,1,高价值核心用户
13088520,1,1,80.0,259,1,高价值核心用户
116329106,1,0,0.0,1040,1,高价值核心用户
139986994,2,0,0.0,181,2,一般用户
50834210,1,0,0.0,227,1,高价值核心用户
115368454,1,1,195.6,341,1,高价值核心用户
74572285,2,0,0.0,44,2,一般用户
14444168,1,153,5643.69,1353,0,一般用户
7538685,1,0,0.0,200,1,高价值核心用户
59511789,1,1262,16790.9,10645,6,一般用户
81328294,1,2,291.55,346,1,高价值核心用户
119536261,1,2,126.71,118,1,高价值核心用户
120682885,1,1,192.69,490,1,高价值核心用户
68052246,1,10,843.93,478,1,高价值核心用户
81503200,1,20,1616.03,339,1,高价值核心用户
117674807,1,0,0.0,614,1,高价值核心用户
12940608,1,286,8560.06,2475,0,一般用户
7434912,1,1,275.24,295,1,高价值核心用户
131670570,1,37,2033.41,841,5,一般用户
86563510,1,1,10.0,389,1,高价值核心用户
20356708,8,0,0.0,108,3,一般用户
7959667,4,1,408.22,181,3,一般用户
21044561,4,0,0.0,137,3,一般用户
118155586,1,1,97.8,1081,1,高价值核心用户
2357844,4,64,3623.24,477,3,一般用户
80648292,1,2,290.95,534,1,高价值核心用户
88111941,1,5,504.25,467,1,高价值核心用户
28609850,8,0,0.0,30,3,一般用户
29326716,1,0,0.0,333,1,高价值核心用户
88614983,1,5,358.24,205,1,高价值核心用户
133089485,1,7,646.57,652,1,高价值核心用户
81196267,1,12,914.51,213,1,高价值核心用户
3233000,1,0,0.0,171,1,高价值核心用户
94514932,1,37,2808.65,2322,5,一般用户
90642791,1,61,1507.62,679,5,一般用户
34251089,1,13,802.22,546,1,高价值核心用户
119783832,1,39,2599.88,526,5,一般用户
99027668,1,2,154.12,124,1,高价值核心用户
10219075,1,1,118.2,387,1,高价值核心用户
141700273,4,3,443.87,599,3,一般用户
103195078,1,1,92.64,87,1,高价值核心用户
92628131,10,1,175.06,179,3,一般用户
1211225,3,2,76.08,220,2,一般用户
49007972,1,1,81.94,251,1,高价值核心用户
108551465,4,0,0.0,103,3,一般用户
114368942,5,16,359.84,58,3,一般用户
123588093,1,1,80.23,273,1,高价值核心用户
121539441,1,3,484.24,592,1,高价值核心用户
9328686,1,0,0.0,461,1,高价值核心用户
51926383,3,0,0.0,161,2,一般用户
141717702,1,8,650.58,179,1,高价值核心用户
125482009,1,1,172.91,1473,1,高价值核心用户
61561686,1,0,0.0,267,1,高价值核心用户
15412753,27,0,0.0,106,3,一般用户
17029867,1,0,0.0,308,1,高价值核心用户
131538712,1,1,15.02,2198,1,高价值核心用户
62740391,3,1,141.2,333,2,一般用户
123140704,4,0,0.0,37,3,一般用户
123790825,2,0,0.0,62,2,一般用户
132747248,1,102,3480.23,567,5,一般用户
28639853,2,0,0.0,41,2,一般用户
29641259,1,2,260.03,497,1,高价值核心用户
64484514,25,0,0.0,27,3,一般用户
70776553,1,2,89.45,435,1,高价值核心用户
135187545,1,105,4266.16,1130,5,一般用户
33403236,1,0,0.0,434,1,高价值核心用户
7341876,1,64,3191.39,620,5,一般用户
128519267,1,3,376.29,1113,1,高价值核心用户
97073377,1,1117,13812.31,4431,6,一般用户
36885666,1,0,0.0,59,1,高价值核心用户
4195964,1,6,680.84,903,1,高价值核心用户
76845781,1,3,474.35,879,1,高价值核心用户
97843947,1,7,929.18,887,1,高价值核心用户
102366872,3,0,0.0,305,2,一般用户
104842277,1,0,0.0,760,1,高价值核心用户
136244610,1,5,530.19,163,1,高价值核心用户
138977388,1,6,403.74,2638,1,高价值核心用户
129809988,1,9,222.2,2182,1,高价值核心用户
4561993,1,109,2583.6,912,5,一般用户
82414453,1,2,93.24,933,1,高价值核心用户
10640408,1,2,120.88,600,1,高价值核心用户
131903746,2,0,0.0,409,2,一般用户
107765105,1,0,0.0,186,1,高价值核心用户
138753048,1,38,2056.61,822,5,一般用户
45714300,4,1,94.17,93,3,一般用户
46607628,1,2,206.41,643,1,高价值核心用户
108317810,2,0,0.0,1033,2,一般用户
8359310,1,0,0.0,422,1,高价值核心用户
86723232,1,476,13351.21,5158,6,一般用户
50200830,2,12,771.57,325,2,一般用户
50764909,1,27,1423.53,508,1,高价值核心用户
16916141,1,19,1535.57,617,1,高价值核心用户
109870419,1,0,0.0,37,1,高价值核心用户
10994058,1,2,67.71,118,1,高价值核心用户
117523208,11,26,1091.64,318,3,一般用户
52665292,7,0,0.0,24,3,一般用户
55381200,1,1000,16929.57,3441,6,一般用户
18030487,7,10,1066.4,42,3,一般用户
140305505,1,98,6108.96,516,0,一般用户
130041655,1,91,4233.0,2468,5,一般用户
18527757,8,0,0.0,219,3,一般用户
121255158,1,29,2195.48,1338,5,一般用户
21550476,1,0,0.0,336,1,高价值核心用户
21507233,1,26,1437.31,709,1,高价值核心用户
22627844,1,46,2837.99,500,5,一般用户
95069106,1,0,0.0,212,1,高价值核心用户
100341858,2,0,0.0,322,2,一般用户
25701566,1,1,217.25,561,1,高价值核心用户
23923497,1,13,1114.79,308,1,高价值核心用户
10191206,2,0,0.0,295,2,一般用户
132928999,2,33,2049.16,405,2,一般用户
46344003,1,1,117.13,323,1,高价值核心用户
3384843,5,53,4224.98,419,3,一般用户
102064914,1,42,2360.92,1150,5,一般用户
133378051,1,85,3403.24,682,5,一般用户
48236976,2,18,1716.92,452,2,一般用户
60497165,1,0,0.0,23,1,高价值核心用户
61646487,2,5,76.91,23,2,一般用户
62324857,1,0,0.0,107,1,高价值核心用户
70730514,1,5,325.4,822,1,高价值核心用户
38481691,4,2,94.4,258,3,一般用户
48420009,1,1,217.25,207,1,高价值核心用户
40831109,3,59,2878.67,543,2,一般用户
135846989,1,14,1090.64,707,1,高价值核心用户
130831293,2,0,0.0,131,2,一般用户
48776635,1,244,8352.52,2253,0,一般用户
8695857,1,74,2346.06,1130,5,一般用户
137435556,2,1,124.12,115,2,一般用户
139019375,1,2,190.85,493,1,高价值核心用户
104996018,1,0,0.0,49,1,高价值核心用户
10678033,1,11,544.74,649,1,高价值核心用户
40974590,1,33,1810.06,261,1,高价值核心用户
77067135,1,0,0.0,25,1,高价值核心用户
137110644,1,70,3851.88,665,5,一般用户
77432011,1,0,0.0,609,1,高价值核心用户
567790,2,0,0.0,36,2,一般用户
66717513,1,27,781.34,445,1,高价值核心用户
4710740,3,1,119.36,175,2,一般用户
4839432,1,55,2272.46,662,5,一般用户
142337230,1,0,0.0,283,1,高价值核心用户
7646195,3,1,10.0,207,2,一般用户
141976720,1,22,1748.83,1951,1,高价值核心用户
16096940,1,3,204.75,906,1,高价值核心用户
107815602,2,0,0.0,95,2,一般用户
113957268,11,35,724.0,313,3,一般用户
80548885,1,1,15.02,248,1,高价值核心用户
89918724,1,17,78.63,409,1,高价值核心用户
78477282,1,131,4289.03,3950,5,一般用户
814199,1,21,949.44,1332,1,高价值核心用户
52512070,1,0,0.0,102,1,高价值核心用户
114861591,4,0,0.0,19,3,一般用户
118077093,3,119,4244.17,637,5,一般用户
53281938,6,9,835.78,82,3,一般用户
54666554,1,50,3234.06,1266,5,一般用户
94883791,1,5,180.02,94,1,高价值核心用户
92317179,7,0,0.0,101,3,一般用户
100267644,1,0,0.0,609,1,高价值核心用户
21202467,1,15,635.93,495,1,高价值核心用户
128120137,1,40,2330.65,945,5,一般用户
23359188,5,0,0.0,120,3,一般用户
10849427,1,5,464.64,113,1,高价值核心用户
24063164,2,1,10.0,80,2,一般用户
113960,1,3,362.88,929,1,高价值核心用户
49362840,1,3,528.41,244,1,高价值核心用户
30805076,11,2,127.53,110,3,一般用户
83539694,3,0,0.0,31,2,一般用户
85031011,1,1,15.02,1755,1,高价值核心用户
34769733,1,1,54.86,91,1,高价值核心用户
46830856,6,0,0.0,125,3,一般用户
56278193,1,8,714.43,797,1,高价值核心用户
16344267,1,24,1668.14,502,1,高价值核心用户
49088987,9,1,80.08,166,3,一般用户
132233475,2,0,0.0,306,2,一般用户
57391950,1,4,489.48,1136,1,高价值核心用户
49272447,1,8,472.4,103,1,高价值核心用户
57432185,1,0,0.0,405,1,高价值核心用户
132285491,1,40,2180.94,1150,5,一般用户
121823128,1,114,5337.88,954,5,一般用户
190327,1,1,50.59,361,1,高价值核心用户
57618932,1,15,1072.5,336,1,高价值核心用户
63973702,1,35,1941.53,951,5,一般用户
25386039,5,0,0.0,191,3,一般用户
70116015,1,25,1834.52,772,1,高价值核心用户
61015468,2,5,294.9,228,2,一般用户
25815621,1,4,361.88,280,1,高价值核心用户
61657695,2,0,0.0,103,2,一般用户
128397777,2,29,2224.14,445,2,一般用户
27964788,2,17,626.66,167,2,一般用户
74666201,6,0,0.0,45,3,一般用户
132653708,1,10,887.45,74,1,高价值核心用户
66336544,1,2,128.52,110,1,高价值核心用户
87542208,1,61,2130.34,1520,5,一般用户
7591,1,0,0.0,321,1,高价值核心用户
139268036,3,0,0.0,43,2,一般用户
32353187,1,13,1127.49,1019,1,高价值核心用户
67540780,2,3,292.83,66,2,一般用户
75057559,1,5,384.26,155,1,高价值核心用户
139774311,1,20,1290.64,259,1,高价值核心用户
94943213,1,0,0.0,579,1,高价值核心用户
110205306,1,79,4034.73,884,5,一般用户
83108816,1,0,0.0,290,1,高价值核心用户
128861920,2,15,1221.14,726,2,一般用户
140935086,4,0,0.0,42,3,一般用户
141792132,1,0,0.0,28,1,高价值核心用户
157097,2,0,0.0,793,2,一般用户
78537035,1,1,168.42,483,1,高价值核心用户
83768059,1,3,117.13,78,1,高价值核心用户
85994287,1,3,340.41,1358,1,高价值核心用户
87326986,10,3,265.1,293,3,一般用户
81567660,1,0,0.0,370,1,高价值核心用户
38855741,1,4,440.53,927,1,高价值核心用户
134118557,1,86,4203.61,1007,5,一般用户
18642757,5,0,0.0,84,3,一般用户
87732841,2,7,544.25,274,2,一般用户
20382727,5,1,215.3,30,3,一般用户
110849747,1,88,4441.27,699,5,一般用户
24967803,1,10,564.05,459,1,高价值核心用户
84956161,1,23,1148.84,206,1,高价值核心用户
91496013,1,111,2114.1,4010,5,一般用户
86568201,1,64,3159.61,496,5,一般用户
31435351,4,1,217.25,84,3,一般用户
36508157,1,31,1972.06,1277,5,一般用户
134525138,7,0,0.0,110,3,一般用户
142095821,1,41,2546.35,555,5,一般用户
99221649,8,2,220.97,48,3,一般用户
44140222,1,44,2915.46,969,5,一般用户
100917601,1,0,0.0,270,1,高价值核心用户
93444311,1,0,0.0,217,1,高价值核心用户
120513537,2,0,0.0,153,2,一般用户
90035027,1,31,1889.58,3189,1,高价值核心用户
12210870,1,1,89.01,1535,1,高价值核心用户
9367616,4,37,1497.34,290,3,一般用户
114088,11,0,0.0,19,3,一般用户
114851398,1,0,0.0,342,1,高价值核心用户
16017921,2,0,0.0,243,2,一般用户
94059439,1,0,0.0,24,1,高价值核心用户
96042606,1,87,2667.64,1009,5,一般用户
115260391,1,0,0.0,358,1,高价值核心用户
16243178,5,0,0.0,64,3,一般用户
31076937,1,2,253.98,842,1,高价值核心用户
450683,3,4,215.76,130,2,一般用户
46334333,1,6,326.58,338,1,高价值核心用户
45943442,3,23,1613.01,936,2,一般用户
115702436,7,0,0.0,31,3,一般用户
116772653,1,0,0.0,1304,1,高价值核心用户
4790160,4,0,0.0,156,3,一般用户
49848032,1,0,0.0,999,1,高价值核心用户
31717348,1,3,591.14,697,1,高价值核心用户
124890974,27,0,0.0,25,3,一般用户
129235379,7,0,0.0,63,3,一般用户
49296993,3,0,0.0,316,2,一般用户
129333920,13,13,545.46,43,3,一般用户
136487187,1,31,2251.45,632,5,一般用户
51431196,1,2,104.24,572,1,高价值核心用户
99512654,2,0,0.0,152,2,一般用户
106753864,2,0,0.0,138,2,一般用户
10763896,1,27,2188.7,515,5,一般用户
31937102,1,19,1191.21,693,1,高价值核心用户
12129371,1,1,11.5,496,1,高价值核心用户
138118243,1,38,2157.4,374,5,一般用户
54200331,1,0,0.0,164,1,高价值核心用户
54658244,1,5,473.58,1586,1,高价值核心用户
53791136,4,0,0.0,6,3,一般用户
5424550,1,228,10274.68,2210,0,一般用户
139750127,1,25,813.43,202,1,高价值核心用户
94126018,1,1,84.75,97,1,高价值核心用户
108287275,4,0,0.0,467,3,一般用户
121357428,1,20,1274.46,427,1,高价值核心用户
14869973,1,0,0.0,152,1,高价值核心用户
9710339,1,1,10.0,702,1,高价值核心用户
16606794,1,1,47.06,469,1,高价值核心用户
38306238,1,1,130.06,89,1,高价值核心用户
3878869,1,7,471.62,463,1,高价值核心用户
114147733,1,42,2336.61,672,5,一般用户
122129618,1,8,907.24,523,1,高价值核心用户
91950454,1,1,112.85,1098,1,高价值核心用户
20472131,1,70,2491.01,1338,5,一般用户
39660335,1,19,1868.47,260,1,高价值核心用户
98832840,1,0,0.0,148,1,高价值核心用户
108903107,1,0,0.0,403,1,高价值核心用户
41268198,2,64,3031.43,1450,5,一般用户
114465851,1,1,75.26,42,1,高价值核心用户
122462305,1,100,4420.99,1806,5,一般用户
115403230,2,0,0.0,145,2,一般用户
117961527,9,5,447.11,27,3,一般用户
56096607,1,8,906.24,214,1,高价值核心用户
119773138,1,6,521.8,217,1,高价值核心用户
112128042,1,0,0.0,361,1,高价值核心用户
131344898,1,35,2752.18,1050,5,一般用户
59783248,1,51,2201.87,1129,5,一般用户
9500401,6,6,696.39,1872,3,一般用户
54747189,4,0,0.0,29,3,一般用户
59934685,2,5,609.34,212,2,一般用户
124506934,1,7,562.9,227,1,高价值核心用户
64326708,1,0,0.0,257,1,高价值核心用户
20543670,1,111,6137.21,1309,0,一般用户
129860246,11,14,766.72,107,3,一般用户
131631344,5,0,0.0,19,3,一般用户
69781008,2,13,761.7,250,2,一般用户
133968486,1,1,10.0,100,1,高价值核心用户
134496896,1,0,0.0,889,1,高价值核心用户
74339956,1,86,4517.22,1078,5,一般用户
42676532,1,3,256.99,350,1,高价值核心用户
131932310,1,0,0.0,719,1,高价值核心用户
63767620,1,5,556.04,147,1,高价值核心用户
124600027,7,11,511.86,525,3,一般用户
74645093,1,35,2082.65,907,5,一般用户
46669341,1,0,0.0,130,1,高价值核心用户
51689371,1,5,661.36,917,1,高价值核心用户
140732064,5,47,2660.93,751,3,一般用户
12628544,1,115,4959.81,1579,5,一般用户
20754693,1,1,130.06,709,1,高价值核心用户
137850156,1,15,1042.36,2294,1,高价值核心用户
77845023,10,2,226.47,38,3,一般用户
76608645,6,3,112.24,28,3,一般用户
96507797,1,1,303.92,259,1,高价值核心用户
85894552,3,1,36.6,40,2,一般用户
77561428,1,0,0.0,120,1,高价值核心用户
88005937,1,0,0.0,79,1,高价值核心用户
96583102,1,119,6200.98,1978,0,一般用户
80638202,1,0,0.0,85,1,高价值核心用户
15541192,1,45,2259.42,4042,5,一般用户
82734120,3,0,0.0,38,2,一般用户
9862954,1,7,253.94,382,1,高价值核心用户
85063972,1,1,88.92,793,1,高价值核心用户
100024529,1,1,107.09,616,1,高价值核心用户
21754104,1,118,2445.64,590,5,一般用户
52559406,1,382,11523.48,2036,6,一般用户
86012881,1,1,113.75,583,1,高价值核心用户
103421620,2,12,729.33,142,2,一般用户
2493818,1,0,0.0,339,1,高价值核心用户
105617429,2,3,240.69,334,2,一般用户
132614903,1,0,0.0,278,1,高价值核心用户
13385262,1,6,71.68,288,1,高价值核心用户
26043740,11,2,303.53,10,3,一般用户
2639819,2,39,1847.44,503,2,一般用户
91979514,3,2,443.2,238,2,一般用户
107471288,3,2,10.0,29,2,一般用户
107604892,1,2,115.35,113,1,高价值核心用户
135934881,1,50,2079.5,909,5,一般用户
116601750,1,6,524.79,1471,1,高价值核心用户
94140496,11,5,321.62,91,3,一般用户
30578112,1,0,0.0,677,1,高价值核心用户
88603547,1,11,472.01,218,1,高价值核心用户
100231383,1,4,390.69,291,1,高价值核心用户
53046771,1,6,685.62,246,1,高价值核心用户
141603737,1,0,0.0,217,1,高价值核心用户
100539,1,1,33.85,454,1,高价值核心用户
5467215,2,2,260.56,460,2,一般用户
26917106,2,0,0.0,89,2,一般用户
2745737,1,0,0.0,566,1,高价值核心用户
34693663,1,0,0.0,373,1,高价值核心用户
105684766,3,2,252.21,178,2,一般用户
135955934,1,24,871.05,415,1,高价值核心用户
56560718,1,311,17558.12,3295,6,一般用户
43916471,1,0,0.0,360,1,高价值核心用户
108100952,3,3,229.17,196,2,一般用户
2870275,1,2,339.77,385,1,高价值核心用户
99480990,2,10,698.53,2585,2,一般用户
104164603,1,54,2828.05,845,5,一般用户
118582594,1,0,0.0,310,1,高价值核心用户
114923282,2,0,0.0,211,2,一般用户
137129187,1,0,0.0,65,1,高价值核心用户
121368242,13,10,250.93,97,3,一般用户
16137242,1,2,120.45,466,1,高价值核心用户
45795160,2,1,10.0,84,2,一般用户
45801743,1,59,1941.54,257,5,一般用户
122807268,8,9,828.11,708,3,一般用户
125417828,1,6,515.02,528,1,高价值核心用户
54003632,1,346,6904.83,1266,0,一般用户
51059755,1,29,1892.45,825,1,高价值核心用户
18396338,1,5,466.7,690,1,高价值核心用户
125998841,1,0,0.0,83,1,高价值核心用户
122889226,1,0,0.0,209,1,高价值核心用户
126024699,1,38,1633.5,1042,1,高价值核心用户
105887770,1,6,470.29,1259,1,高价值核心用户
23248133,1,0,0.0,1708,1,高价值核心用户
123035338,1,2,408.22,852,1,高价值核心用户
60320022,1,3,311.08,956,1,高价值核心用户
18927299,1,140,8638.77,1481,0,一般用户
59737169,1,4,518.7,472,1,高价值核心用户
60441587,1,12,779.73,144,1,高价值核心用户
12866931,1,0,0.0,154,1,高价值核心用户
63001216,4,0,0.0,438,3,一般用户
61453950,1,69,3378.26,1646,5,一般用户
123867870,1,11,736.53,1012,1,高价值核心用户
130317446,1,65,3237.91,1055,5,一般用户
107452984,3,20,1306.76,339,2,一般用户
66749139,1,0,0.0,455,1,高价值核心用户
24803803,1,59,3159.59,1567,5,一般用户
12163667,1,3,273.03,402,1,高价值核心用户
62560245,1,4,418.09,1066,1,高价值核心用户
82426549,6,0,0.0,3,3,一般用户
85308332,1,2,236.25,1904,1,高价值核心用户
19442807,1,23,1528.23,257,1,高价值核心用户
128637327,4,40,2211.44,366,3,一般用户
21562611,1,2,116.42,2507,1,高价值核心用户
126862652,1,35,1669.59,915,1,高价值核心用户
136001495,1,3,237.62,448,1,高价值核心用户
136232385,3,1,174.09,46,2,一般用户
138867561,1,3,375.3,2884,1,高价值核心用户
139003263,1,61,3590.14,1372,5,一般用户
73031965,5,0,0.0,13,3,一般用户
73136730,1,0,0.0,107,1,高价值核心用户
63339028,1,0,0.0,1904,1,高价值核心用户
76388923,12,0,0.0,25,3,一般用户
79587494,1,438,12473.89,3865,6,一般用户
30071480,2,69,3397.85,408,5,一般用户
126951542,1,2,165.0,659,1,高价值核心用户
36764652,1,165,4980.02,1677,0,一般用户
127654834,1,2,314.12,506,1,高价值核心用户
85617134,1,6,421.28,132,1,高价值核心用户
86443243,8,0,0.0,112,3,一般用户
129288665,1,0,0.0,625,1,高价值核心用户
30638228,1,0,0.0,376,1,高价值核心用户
93867217,3,3,485.39,79,2,一般用户
71018291,1,1,10.0,156,1,高价值核心用户
32191955,1,4,288.05,247,1,高价值核心用户
86730643,3,0,0.0,76,2,一般用户
87234675,2,2,175.55,268,2,一般用户
32474658,1,0,0.0,505,1,高价值核心用户
22600903,1,1,165.75,2325,1,高价值核心用户
94209509,1,120,5698.71,769,0,一般用户
30397332,1,0,0.0,595,1,高价值核心用户
99403228,7,0,0.0,245,3,一般用户
10525504,1,0,0.0,66,1,高价值核心用户
105923210,4,0,0.0,101,3,一般用户
38965559,9,0,0.0,60,3,一般用户
109327598,1,43,1511.81,429,1,高价值核心用户
45069561,1,1,123.97,445,1,高价值核心用户
140535667,1,171,4980.21,1810,0,一般用户
37779911,3,0,0.0,68,2,一般用户
39301597,1,0,0.0,467,1,高价值核心用户
36497409,1,87,3559.01,3109,5,一般用户
5740730,2,1,10.0,365,2,一般用户
95002467,1,108,3979.43,577,5,一般用户
111311037,2,0,0.0,273,2,一般用户
63889098,3,0,0.0,123,2,一般用户
39321004,2,0,0.0,107,2,一般用户
114101799,2,3,271.74,239,2,一般用户
40586226,3,20,487.18,703,2,一般用户
6435793,1,9,680.35,1202,1,高价值核心用户
117517120,1,0,0.0,18,1,高价值核心用户
119622861,3,2,76.08,77,2,一般用户
119957219,2,1,10.0,674,2,一般用户
81406411,3,0,0.0,28,2,一般用户
85295844,1,0,0.0,132,1,高价值核心用户
97409607,1,0,0.0,152,1,高价值核心用户
100067745,2,4,295.66,420,2,一般用户
8686191,2,67,3390.53,827,5,一般用户
26612709,7,0,0.0,184,3,一般用户
44521455,1,0,0.0,153,1,高价值核心用户
55832398,1,11,1223.15,1734,1,高价值核心用户
124063835,1,0,0.0,2283,1,高价值核心用户
32495375,1,0,0.0,716,1,高价值核心用户
118915419,2,0,0.0,51,2,一般用户
122102339,1,123,5377.33,1315,5,一般用户
141504075,1,0,0.0,222,1,高价值核心用户
70813454,2,8,718.65,373,2,一般用户
17037975,1,2,133.69,250,1,高价值核心用户
88945335,1,21,2725.55,911,5,一般用户
18009500,1,1,122.14,753,1,高价值核心用户
77130692,1,6,447.79,80,1,高价值核心用户
35193012,1,3,456.49,234,1,高价值核心用户
85646603,1,1,226.34,441,1,高价值核心用户
41442365,1,6,321.52,237,1,高价值核心用户
25765258,1,21,371.92,598,1,高价值核心用户
37959671,2,1,116.71,328,2,一般用户
47410940,1,0,0.0,100,1,高价值核心用户
93795297,1,41,2098.58,1608,5,一般用户
128992470,2,1,128.62,295,2,一般用户
5483686,3,5,604.71,18,2,一般用户
57628198,1,0,0.0,695,1,高价值核心用户
94480146,1,17,1316.31,1029,1,高价值核心用户
105732108,3,0,0.0,344,2,一般用户
58207246,1,3,256.65,1056,1,高价值核心用户
138137472,1,5,346.95,136,1,高价值核心用户
38659327,5,2,97.32,174,3,一般用户
26766183,1,3,593.03,1687,1,高价值核心用户
19335772,1,59,2834.93,1083,5,一般用户
106946112,3,2,321.1,34,2,一般用户
107726623,1,6,590.75,999,1,高价值核心用户
40459733,1,1,116.71,1386,1,高价值核心用户
124323271,2,0,0.0,402,2,一般用户
59763374,1,11,538.03,288,1,高价值核心用户
64783805,1,2,108.76,410,1,高价值核心用户
125628938,2,0,0.0,17,2,一般用户
125871688,1,3,216.53,1165,1,高价值核心用户
67675774,8,0,0.0,81,3,一般用户
63427182,8,0,0.0,275,3,一般用户
68680724,1,0,0.0,229,1,高价值核心用户
98750356,1,71,3438.96,780,5,一般用户
69599332,1,33,1806.3,1973,1,高价值核心用户
19858379,1,10,878.89,484,1,高价值核心用户
110262333,1,7,590.16,441,1,高价值核心用户
65991159,1,0,0.0,223,1,高价值核心用户
69697214,1,0,0.0,1130,1,高价值核心用户
40822060,3,29,1141.27,208,2,一般用户
2742560,1,6,335.41,1179,1,高价值核心用户
112317649,1,101,4613.98,1236,5,一般用户
55576078,1,27,1107.51,327,1,高价值核心用户
128230647,1,47,3184.66,297,5,一般用户
20656785,1,0,0.0,361,1,高价值核心用户
131097518,1,1,10.0,394,1,高价值核心用户
58843715,2,1,120.79,603,2,一般用户
23687099,6,0,0.0,137,3,一般用户
70898242,2,0,0.0,180,2,一般用户
132203647,1,34,1907.58,1203,5,一般用户
32185277,2,10,779.82,809,2,一般用户
82302996,1,11,830.19,1286,1,高价值核心用户
62173755,1,44,3546.01,350,5,一般用户
33517755,1,14,1198.84,472,1,高价值核心用户
80331565,1,0,0.0,192,1,高价值核心用户
119680979,1,0,0.0,248,1,高价值核心用户
72990071,1,38,3000.19,925,5,一般用户
88504838,2,3,411.25,459,2,一般用户
12000472,2,0,0.0,49,2,一般用户
42864059,1,2,19.03,466,1,高价值核心用户
120983136,1,3,257.43,452,1,高价值核心用户
3694961,1,5,572.37,4551,1,高价值核心用户
97427779,1,43,2040.73,1032,5,一般用户
102157365,1,2,378.99,167,1,高价值核心用户
50914255,1,0,0.0,290,1,高价值核心用户
125048047,14,0,0.0,117,3,一般用户
119765198,2,1,142.38,184,2,一般用户
20774386,1,0,0.0,359,1,高价值核心用户
128268006,4,0,0.0,147,3,一般用户
87980818,5,0,0.0,56,3,一般用户
93340122,4,0,0.0,115,3,一般用户
53026057,6,0,0.0,91,3,一般用户
120668928,1,1,10.0,537,1,高价值核心用户
73422588,3,0,0.0,53,2,一般用户
132782427,1,0,0.0,743,1,高价值核心用户
53391754,1,0,0.0,124,1,高价值核心用户
74786519,17,0,0.0,88,3,一般用户
20849275,1,74,2675.63,3613,5,一般用户
76292653,1,76,3249.66,882,5,一般用户
53797092,1,6,432.52,1435,1,高价值核心用户
99784621,1,14,1330.75,302,1,高价值核心用户
101034576,4,0,0.0,97,3,一般用户
103980016,1,59,3055.5,428,5,一般用户
121167820,1,0,0.0,111,1,高价值核心用户
125908359,1,40,1604.61,469,1,高价值核心用户
133876177,1,0,0.0,254,1,高价值核心用户
105278727,1,43,977.25,1533,1,高价值核心用户
13527121,17,0,0.0,72,3,一般用户
77294719,2,0,0.0,69,2,一般用户
138452331,12,0,0.0,163,3,一般用户
78529474,7,0,0.0,13,3,一般用户
81281654,1,0,0.0,578,1,高价值核心用户
126406308,1,1,120.6,53,1,高价值核心用户
12725690,3,31,1731.97,209,2,一般用户
138712753,1,58,2716.26,848,5,一般用户
130625319,1,0,0.0,36,1,高价值核心用户
57295673,2,0,0.0,775,2,一般用户
131702468,1,1,34.35,1959,1,高价值核心用户
8311653,1,1,160.56,233,1,高价值核心用户
140801686,1,18,1131.87,145,1,高价值核心用户
96089433,3,6,1061.95,300,2,一般用户
106349878,14,0,0.0,111,3,一般用户
140972534,1,8,415.17,159,1,高价值核心用户
108378461,1,1,178.04,159,1,高价值核心用户
58129501,1,0,0.0,348,1,高价值核心用户
142151675,1,1,142.56,437,1,高价值核心用户
110208146,1,0,0.0,841,1,高价值核心用户
59473714,1,175,7867.08,520,0,一般用户
105871343,1,43,2158.19,731,5,一般用户
19589004,1,3,123.38,693,1,高价值核心用户
136576184,4,1,10.0,363,3,一般用户
62320046,1,0,0.0,479,1,高价值核心用户
11294250,4,0,0.0,13,3,一般用户
11427000,1,1,98.92,724,1,高价值核心用户
138188210,3,0,0.0,34,2,一般用户
25474939,5,42,2663.82,602,3,一般用户
1399592,3,13,990.46,202,2,一般用户
116369265,1,1,64.28,63,1,高价值核心用户
122183715,1,41,2061.6,1597,5,一般用户
21386838,1,50,2824.95,1197,5,一般用户
62581364,1,131,8176.29,1184,0,一般用户
15241291,1,0,0.0,422,1,高价值核心用户
37357777,1,10,710.29,4793,1,高价值核心用户
115520739,1,0,0.0,136,1,高价值核心用户
1535240,4,0,0.0,118,3,一般用户
115867129,1,5,270.26,143,1,高价值核心用户
25963511,1,107,2762.13,983,5,一般用户
19716129,1,9,1160.04,1182,1,高价值核心用户
116217792,2,57,1973.6,472,2,一般用户
25166903,2,0,0.0,227,2,一般用户
69159969,1,1,130.06,800,1,高价值核心用户
117184380,1,116,5479.94,770,5,一般用户
31888245,1,0,0.0,107,1,高价值核心用户
33682194,1,31,1674.93,1129,1,高价值核心用户
2686606,1,77,2545.59,1118,5,一般用户
122990070,1,1,32.82,707,1,高价值核心用户
118545642,1,0,0.0,914,1,高价值核心用户
22762528,1,0,0.0,115,1,高价值核心用户
27399563,1,4,390.89,907,1,高价值核心用户
74248390,2,1,152.97,51,2,一般用户
12906922,1,71,3324.55,1286,5,一般用户
76784040,1,6,735.8,911,1,高价值核心用户
28702825,26,6,100.91,50,3,一般用户
33940605,13,1,80.77,61,3,一般用户
34148166,1,38,2406.79,387,5,一般用户
37335665,2,0,0.0,126,2,一般用户
53235769,3,0,0.0,633,2,一般用户
122151307,1,6,462.11,1034,1,高价值核心用户
35399865,1,0,0.0,43,1,高价值核心用户
47065920,1,33,2345.72,374,5,一般用户
27858325,13,4,374.6,23,3,一般用户
28195796,1,3,177.06,345,1,高价值核心用户
60032019,2,4,592.11,230,2,一般用户
129984624,1,0,0.0,111,1,高价值核心用户
77020117,1,1,88.94,237,1,高价值核心用户
50331917,1,0,0.0,86,1,高价值核心用户
131767978,1,14,1496.24,314,1,高价值核心用户
61472535,1,116,3939.38,845,5,一般用户
32541073,1,2,164.58,465,1,高价值核心用户
53416987,1,3,151.55,1255,1,高价值核心用户
130528059,7,0,0.0,145,3,一般用户
78354040,2,9,346.9,146,2,一般用户
13915850,7,10,923.96,80,3,一般用户
141127578,1,1,171.59,311,1,高价值核心用户
13666087,1,2,160.77,1101,1,高价值核心用户
79161711,1,2,178.47,471,1,高价值核心用户
33549970,2,0,0.0,201,2,一般用户
35604404,1,0,0.0,47,1,高价值核心用户
25896264,1,16,1795.77,1462,1,高价值核心用户
35967863,1,120,3939.3,1095,5,一般用户
79302874,2,0,0.0,27,2,一般用户
87442587,1,2,98.94,611,1,高价值核心用户
62639453,1,1,10.0,529,1,高价值核心用户
41938273,1,42,1537.63,979,1,高价值核心用户
65327449,2,27,977.08,692,2,一般用户
15821703,1,77,2941.08,1088,5,一般用户
87902771,1,5,411.96,190,1,高价值核心用户
63902611,1,1,52.67,245,1,高价值核心用户
94084258,1,0,0.0,169,1,高价值核心用户
30692164,1,64,3097.58,982,5,一般用户
64708133,1,126,3328.97,1222,5,一般用户
94580090,1,0,0.0,1137,1,高价值核心用户
65387293,1,0,0.0,489,1,高价值核心用户
40786964,4,0,0.0,192,3,一般用户
43858783,1,1,111.74,168,1,高价值核心用户
5236221,1,0,0.0,441,1,高价值核心用户
47009589,1,0,0.0,200,1,高价值核心用户
6926678,1,91,4095.27,1172,5,一般用户
22281803,2,0,0.0,88,2,一般用户
29838929,1,2,46.61,353,1,高价值核心用户
55749305,2,62,1956.17,731,2,一般用户
52824803,3,0,0.0,35,2,一般用户
32903403,2,0,0.0,320,2,一般用户
53245132,4,1,65.65,677,3,一般用户
33251710,1,1,142.93,178,1,高价值核心用户
4283186,2,3,156.72,162,2,一般用户
65157695,1,0,0.0,17,1,高价值核心用户
65949028,1,174,6513.78,2260,0,一般用户
38181340,1,79,3758.36,2989,5,一般用户
47237907,1,0,0.0,737,1,高价值核心用户
56868935,1,3,253.75,162,1,高价值核心用户
72184942,3,88,1838.6,1306,2,一般用户
62090894,1,0,0.0,1347,1,高价值核心用户
6235300,2,0,0.0,145,2,一般用户
6500341,1,2,10.0,222,1,高价值核心用户
5141057,2,0,0.0,117,2,一般用户
54771046,1,1,103.91,631,1,高价值核心用户
65236751,1,1,65.24,782,1,高价值核心用户
72777949,2,2,224.86,335,2,一般用户
65149825,1,8,1054.82,412,1,高价值核心用户
63802255,1,5,398.66,203,1,高价值核心用户
74624581,1,1,10.0,224,1,高价值核心用户
66359448,3,0,0.0,350,2,一般用户
38479843,1,18,1190.66,257,1,高价值核心用户
84423663,1,26,1856.07,381,1,高价值核心用户
63977892,2,1,56.1,81,2,一般用户
70241210,1,79,3203.88,1199,5,一般用户
68428732,1,3,454.57,820,1,高价值核心用户
69255232,1,0,0.0,735,1,高价值核心用户
39876312,1,2,236.96,274,1,高价值核心用户
92780565,1,5,340.28,331,1,高价值核心用户
107174628,1,27,1047.23,507,1,高价值核心用户
97972413,2,1,26.45,187,2,一般用户
41440011,4,5,370.05,458,3,一般用户
79253885,1,3,156.15,2668,1,高价值核心用户
97933481,1,0,0.0,613,1,高价值核心用户
100605176,1,2,31.48,327,1,高价值核心用户
10833396,1,1,114.67,184,1,高价值核心用户
70606713,1,5,506.35,124,1,高价值核心用户
110327133,1,75,3276.42,517,5,一般用户
70012916,1,0,0.0,850,1,高价值核心用户
75167088,1,0,0.0,201,1,高价值核心用户
53135843,1,0,0.0,129,1,高价值核心用户
104800287,1,2,262.67,288,1,高价值核心用户
55060722,1,58,2785.82,384,5,一般用户
7572838,2,2,233.4,86,2,一般用户
76297222,1,0,0.0,50,1,高价值核心用户
76917566,12,1,78.45,86,3,一般用户
110710438,1,0,0.0,92,1,高价值核心用户
81479152,1,4,444.27,155,1,高价值核心用户
78722474,4,37,1095.08,195,3,一般用户
115362427,3,1,183.0,84,2,一般用户
11183599,9,0,0.0,28,3,一般用户
113972956,1,61,3445.13,373,5,一般用户
85939471,1,26,1891.02,285,1,高价值核心用户
117681959,1,11,1083.25,408,1,高价值核心用户
81748621,4,0,0.0,57,3,一般用户
57047656,1,3,226.49,167,1,高价值核心用户
83954147,1,1,119.49,2093,1,高价值核心用户
59736074,3,0,0.0,207,2,一般用户
87677681,4,4,287.98,295,3,一般用户
74148418,1,1,102.56,266,1,高价值核心用户
115590327,1,1,138.6,236,1,高价值核心用户
120845902,6,10,1044.02,188,3,一般用户
65340227,1,120,4323.34,930,5,一般用户
88246742,2,0,0.0,85,2,一般用户
127395876,4,5,344.34,529,3,一般用户
92348123,5,8,635.24,112,3,一般用户
119820357,7,0,0.0,39,3,一般用户
76786143,1,35,2185.9,343,5,一般用户
123842164,1,164,3552.04,5747,5,一般用户
99796276,1,5,146.84,351,1,高价值核心用户
111866209,12,0,0.0,21,3,一般用户
112971020,12,0,0.0,592,3,一般用户
88105291,7,0,0.0,48,3,一般用户
88916048,1,63,2635.16,950,5,一般用户
12796196,1,0,0.0,358,1,高价值核心用户
83813302,1,277,5921.07,8056,0,一般用户
68141920,1,0,0.0,240,1,高价值核心用户
129731705,1,26,900.53,1164,1,高价值核心用户
118814309,1,3,347.86,2573,1,高价值核心用户
73854016,2,1,57.58,139,2,一般用户
75195687,1,0,0.0,163,1,高价值核心用户
83583566,1,0,0.0,367,1,高价值核心用户
95528086,1,43,1521.75,3366,1,高价值核心用户
100522480,4,0,0.0,18,3,一般用户
89618850,1,24,1475.39,400,1,高价值核心用户
106397319,1,30,2493.57,326,5,一般用户
84914445,1,0,0.0,485,1,高价值核心用户
106937011,1,2,10.0,713,1,高价值核心用户
89727305,1,0,0.0,428,1,高价值核心用户
21226209,2,2,186.02,155,2,一般用户
24033530,1,50,2541.63,5201,5,一般用户
86823123,2,0,0.0,173,2,一般用户
91730194,1,0,0.0,368,1,高价值核心用户
87868887,1,4,152.54,796,1,高价值核心用户
110370435,1,0,0.0,49,1,高价值核心用户
118095983,1,14,700.69,546,1,高价值核心用户
93479181,1,42,2796.6,3755,5,一般用户
89959759,21,0,0.0,25,3,一般用户
93441452,1,0,0.0,321,1,高价值核心用户
122948572,1,25,2280.5,386,5,一般用户
119879079,1,47,2654.18,1285,5,一般用户
96168958,3,0,0.0,237,2,一般用户
102477155,1,72,3221.59,831,5,一般用户
124875172,1,2,115.98,486,1,高价值核心用户
127476105,1,0,0.0,181,1,高价值核心用户
132646666,2,99,1238.66,528,2,一般用户
121637419,1,11,1265.06,705,1,高价值核心用户
10319860,1,167,4133.46,1603,5,一般用户
140671079,4,8,764.38,331,3,一般用户
12202456,1,0,0.0,138,1,高价值核心用户
15600560,1,28,1998.43,569,5,一般用户
129157768,7,21,349.85,87,3,一般用户
32377098,1,107,3886.91,1285,5,一般用户
134032957,23,0,0.0,23,3,一般用户
136204332,2,0,0.0,82,2,一般用户
138243943,2,19,1038.7,539,2,一般用户
95237482,1,0,0.0,300,1,高价值核心用户
16921029,2,14,1651.41,757,2,一般用户
139691381,6,0,0.0,87,3,一般用户
95533953,1,0,0.0,217,1,高价值核心用户
124506198,2,0,0.0,94,2,一般用户
14210118,3,4,255.64,186,2,一般用户
96509906,1,13,1811.81,860,1,高价值核心用户
125135169,1,2,165.75,1724,1,高价值核心用户
1421162,3,4,283.78,78,2,一般用户
1588051,1,5,394.73,121,1,高价值核心用户
16676403,1,167,5441.91,3534,0,一般用户
115540691,1,3,296.64,1493,1,高价值核心用户
16943596,1,2,96.99,826,1,高价值核心用户
34127078,1,0,0.0,89,1,高价值核心用户
36936257,1,20,1125.62,281,1,高价值核心用户
37234220,1,0,0.0,20,1,高价值核心用户
41745316,1,0,0.0,780,1,高价值核心用户
19338929,4,0,0.0,243,3,一般用户
138162465,2,3,230.58,359,2,一般用户
9996155,1,2,123.66,274,1,高价值核心用户
100517846,2,0,0.0,88,2,一般用户
20782693,1,1,217.25,202,1,高价值核心用户
103065950,6,64,2760.67,485,3,一般用户
115754404,1,1,127.72,69,1,高价值核心用户
21625075,1,239,8227.59,1098,0,一般用户
11791459,2,24,2057.86,481,2,一般用户
139104982,1,25,2155.46,1898,5,一般用户
44663398,3,1,99.27,173,2,一般用户
103134579,1,0,0.0,910,1,高价值核心用户
45772052,1,59,1468.02,466,5,一般用户
121064234,1,18,1285.49,375,1,高价值核心用户
53538099,1,2,243.22,1259,1,高价值核心用户
122129011,1,72,3059.67,315,5,一般用户
2165371,3,0,0.0,129,2,一般用户
85515812,1,0,0.0,332,1,高价值核心用户
105417760,3,1,10.0,109,2,一般用户
21991406,1,0,0.0,120,1,高价值核心用户
26504830,2,0,0.0,36,2,一般用户
3141933,2,1,236.33,295,2,一般用户
106175697,1,12,660.25,548,1,高价值核心用户
123631012,17,0,0.0,49,3,一般用户
88493429,1,41,2458.4,347,5,一般用户
127131314,2,7,316.48,278,2,一般用户
4082863,2,41,2303.64,847,2,一般用户
128728507,1,0,0.0,56,1,高价值核心用户
138590345,3,0,0.0,60,2,一般用户
91623653,1,2,143.44,710,1,高价值核心用户
139871684,2,0,0.0,181,2,一般用户
107453308,5,0,0.0,189,3,一般用户
17328648,1,89,5404.63,1063,5,一般用户
27809186,4,57,2404.22,626,3,一般用户
53693834,6,0,0.0,28,3,一般用户
57080557,1,1,117.13,418,1,高价值核心用户
108527493,1,0,0.0,291,1,高价值核心用户
140825250,1,1,80.88,316,1,高价值核心用户
109562333,1,0,0.0,197,1,高价值核心用户
59480165,1,2,240.27,361,1,高价值核心用户
47109924,1,3,296.54,586,1,高价值核心用户
16641115,1,11,667.6,439,1,高价值核心用户
115218563,1,9,1177.6,664,1,高价值核心用户
59691950,1,17,1377.09,476,1,高价值核心用户
28739065,1,57,3204.55,1919,5,一般用户
26071320,1,11,533.3,154,1,高价值核心用户
48752418,1,169,3752.31,2709,5,一般用户
26337733,1,7,364.84,867,1,高价值核心用户
21184528,1,0,0.0,352,1,高价值核心用户
59698667,1,8,980.0,120,1,高价值核心用户
115562846,1,108,4497.76,357,5,一般用户
65790331,1,0,0.0,37,1,高价值核心用户
67942365,1,0,0.0,1429,1,高价值核心用户
97390150,1,36,2279.19,1418,5,一般用户
100753537,6,3,264.67,540,3,一般用户
117957849,1,0,0.0,202,1,高价值核心用户
24847553,1,0,0.0,97,1,高价值核心用户
28808272,2,1,124.62,474,2,一般用户
123257288,1,0,0.0,41,1,高价值核心用户
126784328,2,389,8826.79,2913,0,一般用户
28483040,2,1,177.73,200,2,一般用户
105913380,4,0,0.0,132,3,一般用户
31110873,6,7,791.63,803,3,一般用户
106551398,2,1,57.71,155,2,一般用户
33739957,1,0,0.0,33,1,高价值核心用户
3671520,3,3,237.25,597,2,一般用户
108952067,1,3,160.73,681,1,高价值核心用户
41575513,1,1,90.75,396,1,高价值核心用户
69285521,1,0,0.0,127,1,高价值核心用户
37627350,1,0,0.0,595,1,高价值核心用户
6997005,1,21,1481.37,577,1,高价值核心用户
11000891,18,0,0.0,108,3,一般用户
44013360,4,2,107.95,233,3,一般用户
110154099,4,0,0.0,85,3,一般用户
31463929,2,1,56.45,397,2,一般用户
113250631,1,42,1971.81,828,5,一般用户
45405795,1,1,295.18,162,1,高价值核心用户
4579794,1,20,838.42,1044,1,高价值核心用户
33894073,8,0,0.0,50,3,一般用户
38357931,1,4,305.35,1049,1,高价值核心用户
3965819,3,0,0.0,83,2,一般用户
42111305,2,50,1515.66,683,2,一般用户
72335968,2,12,1249.43,114,2,一般用户
80378029,1,51,3400.81,1650,5,一般用户
54586263,1,41,2279.05,931,5,一般用户
46086237,4,1,232.9,57,3,一般用户
118594705,1,0,0.0,59,1,高价值核心用户
47074069,1,12,813.57,181,1,高价值核心用户
119125010,1,0,0.0,32,1,高价值核心用户
125820294,3,0,0.0,59,2,一般用户
126883251,1,1,52.6,333,1,高价值核心用户
47294743,1,1,138.6,53,1,高价值核心用户
56920355,1,2,232.46,247,1,高价值核心用户
42447641,2,0,0.0,377,2,一般用户
45926523,1,270,6403.74,1162,0,一般用户
131573117,1,252,6100.9,5952,0,一般用户
58663495,1,27,348.21,273,1,高价值核心用户
58456864,1,2,341.25,1124,1,高价值核心用户
133488208,1,1,68.63,58,1,高价值核心用户
48619165,1,2,114.55,696,1,高价值核心用户
139654010,2,0,0.0,15,2,一般用户
17779392,1,0,0.0,121,1,高价值核心用户
59394022,2,1,10.0,377,2,一般用户
20030843,1,12,1004.65,316,1,高价值核心用户
60498346,2,0,0.0,98,2,一般用户
23740258,1,17,819.29,1195,1,高价值核心用户
6212208,1,1,116.71,701,1,高价值核心用户
53150140,1,133,5026.13,2333,5,一般用户
4960300,1,1,47.87,533,1,高价值核心用户
80955364,4,11,612.47,295,3,一般用户
93639504,1,1,116.71,381,1,高价值核心用户
59076519,1,7,711.01,921,1,高价值核心用户
52416277,1,26,1538.39,195,1,高价值核心用户
93945524,1,0,0.0,108,1,高价值核心用户
96454863,1,1,156.67,122,1,高价值核心用户
62879516,1,3,378.07,269,1,高价值核心用户
53621147,1,8,863.31,429,1,高价值核心用户
65272416,1,7,671.12,181,1,高价值核心用户
24057036,1,1,141.76,356,1,高价值核心用户
76121487,1,3,259.33,557,1,高价值核心用户
56830095,1,105,3207.82,2034,5,一般用户
59412514,2,2,347.31,384,2,一般用户
96254870,1,3,30.0,589,1,高价值核心用户
105696350,1,4,364.35,110,1,高价值核心用户
11142295,1,5,415.33,86,1,高价值核心用户
25831491,2,0,0.0,316,2,一般用户
11361547,1,114,4645.32,3761,5,一般用户
59648886,1,0,0.0,193,1,高价值核心用户
77254417,7,1,19.52,73,3,一般用户
81281336,2,0,0.0,180,2,一般用户
26900878,2,1,104.53,152,2,一般用户
62142957,1,2,217.25,2215,1,高价值核心用户
36313887,11,0,0.0,43,3,一般用户
4137745,1,44,2991.66,1541,5,一般用户
8750098,1,0,0.0,188,1,高价值核心用户
9184855,1,0,0.0,184,1,高价值核心用户
92973030,1,10,725.38,840,1,高价值核心用户
56960895,4,0,0.0,84,3,一般用户
69152695,1,1,218.23,507,1,高价值核心用户
94290427,1,0,0.0,178,1,高价值核心用户
57350677,1,11,1163.28,432,1,高价值核心用户
95221400,1,3,194.89,679,1,高价值核心用户
71258991,1,61,2646.16,397,5,一般用户
59951693,3,1,62.25,427,2,一般用户
71051585,1,62,3046.86,842,5,一般用户
45487249,1,20,850.86,270,1,高价值核心用户
77163935,1,179,8699.77,727,0,一般用户
65320445,1,0,0.0,379,1,高价值核心用户
45541267,1,0,0.0,52,1,高价值核心用户
49279997,3,0,0.0,199,2,一般用户
91214457,1,29,2006.37,560,5,一般用户
10076850,1,1,10.0,931,1,高价值核心用户
55694827,2,1,79.3,182,2,一般用户
8231529,1,20,2058.44,583,1,高价值核心用户
67819789,1,43,1309.13,955,1,高价值核心用户
58391417,1,1,84.61,285,1,高价值核心用户
77032998,2,1,79.29,297,2,一般用户
137413051,1,0,0.0,205,1,高价值核心用户
6142132,3,0,0.0,19,2,一般用户
6228124,1,1,105.43,298,1,高价值核心用户
78329358,4,372,4772.02,2545,0,一般用户
139261152,1,1,85.15,227,1,高价值核心用户
83058850,1,2,265.8,475,1,高价值核心用户
63489689,1,30,1924.07,613,5,一般用户
107787981,2,11,621.06,55,2,一般用户
16466178,1,1,117.13,321,1,高价值核心用户
117221482,1,227,8382.81,611,0,一般用户
83811107,5,4,183.85,17,3,一般用户
88660059,19,0,0.0,6,3,一般用户
9032548,3,2,277.11,249,2,一般用户
69347492,1,2,56.53,95,1,高价值核心用户
27622186,5,6,174.42,74,3,一般用户
70352132,1,0,0.0,285,1,高价值核心用户
30439175,6,0,0.0,107,3,一般用户
34859812,1,0,0.0,61,1,高价值核心用户
76014275,1,0,0.0,320,1,高价值核心用户
39141608,2,0,0.0,136,2,一般用户
121948387,1,1,94.24,303,1,高价值核心用户
73918597,1,41,2502.92,1122,5,一般用户
44500908,1,0,0.0,480,1,高价值核心用户
96789058,1,38,1894.59,930,5,一般用户
102244291,1,25,1452.26,366,1,高价值核心用户
132229788,1,1,226.34,348,1,高价值核心用户
82298309,16,0,0.0,24,3,一般用户
84560829,1,57,3461.5,1112,5,一般用户
44547812,1,0,0.0,15,1,高价值核心用户
46010057,1,2,103.39,256,1,高价值核心用户
113830171,1,2,149.77,713,1,高价值核心用户
103318450,3,7,504.57,240,2,一般用户
13237276,7,17,1291.36,406,3,一般用户
51223653,1,1,10.0,231,1,高价值核心用户
104635996,3,86,4939.34,369,5,一般用户
51455170,1,0,0.0,688,1,高价值核心用户
132884009,2,31,3238.72,238,5,一般用户
82926069,1,0,0.0,532,1,高价值核心用户
105038469,1,25,1758.5,142,1,高价值核心用户
88239724,1,2,62.32,54,1,高价值核心用户
117327134,1,229,6441.21,1355,0,一般用户
790713,1,65,2988.92,583,5,一般用户
93111704,1,1,10.0,593,1,高价值核心用户
135680385,2,0,0.0,124,2,一般用户
105770829,2,0,0.0,252,2,一般用户
138266735,1,2,136.25,281,1,高价值核心用户
109529376,1,2,69.86,461,1,高价值核心用户
52571164,2,22,1306.24,423,2,一般用户
8499333,2,23,1485.47,677,2,一般用户
139964980,7,2,205.65,48,3,一般用户
18244844,1,7,560.06,885,1,高价值核心用户
93860264,1,33,1822.04,498,1,高价值核心用户
81964332,1,147,2936.38,1902,5,一般用户
110509780,9,3,291.42,2385,3,一般用户
52588100,2,9,532.87,197,2,一般用户
66743304,4,2,131.74,65,3,一般用户
70118357,3,0,0.0,115,2,一般用户
85336332,1,17,1324.1,3271,1,高价值核心用户
74775623,1,2,196.04,800,1,高价值核心用户
93970634,1,2,145.39,1637,1,高价值核心用户
12283105,1,2,28.97,492,1,高价值核心用户
2622091,1,55,2894.11,872,5,一般用户
123036637,1,0,0.0,177,1,高价值核心用户
129141421,1,1,236.33,247,1,高价值核心用户
129873757,1,2,10.0,520,1,高价值核心用户
77881862,1,22,953.79,397,1,高价值核心用户
32303536,3,88,5971.35,337,5,一般用户
79617414,1,0,0.0,173,1,高价值核心用户
131308801,3,0,0.0,134,2,一般用户
93349361,2,12,304.73,355,2,一般用户
32417348,3,0,0.0,82,2,一般用户
87018990,2,19,1747.73,483,2,一般用户
131829621,2,0,0.0,294,2,一般用户
3709994,1,86,2826.87,713,5,一般用户
118065338,5,13,967.65,157,3,一般用户
9384380,1,25,1464.85,543,1,高价值核心用户
94917798,1,33,1185.18,1706,1,高价值核心用户
118996710,2,1,62.25,501,2,一般用户
137536017,1,0,0.0,242,1,高价值核心用户
89346491,1,0,0.0,417,1,高价值核心用户
138301582,1,41,2552.9,1586,5,一般用户
48509295,1,2,183.14,1355,1,高价值核心用户
119470128,4,0,0.0,122,3,一般用户
89380977,1,2,261.02,792,1,高价值核心用户
121528560,1,64,2719.57,3754,5,一般用户
89261071,3,0,0.0,35,2,一般用户
95194818,1,0,0.0,479,1,高价值核心用户
95244708,1,116,4471.12,1059,5,一般用户
138654093,1,0,0.0,74,1,高价值核心用户
139462332,1,15,1513.64,1362,1,高价值核心用户
59495705,2,31,1367.99,238,2,一般用户
9746937,1,61,3449.16,924,5,一般用户
98795231,2,5,857.38,1621,2,一般用户
103969154,1,1,139.35,572,1,高价值核心用户
64126748,1,2,183.99,209,1,高价值核心用户
64863066,24,0,0.0,135,3,一般用户
71446393,1,1,186.64,1169,1,高价值核心用户
95448497,6,0,0.0,88,3,一般用户
9652974,6,0,0.0,243,3,一般用户
105019487,2,0,0.0,164,2,一般用户
114517173,4,6,502.68,148,3,一般用户
97944240,1,0,0.0,402,1,高价值核心用户
116166066,1,24,1944.21,590,1,高价值核心用户
93021294,1,0,0.0,321,1,高价值核心用户
101899044,1,0,0.0,277,1,高价值核心用户
99248296,1,61,1788.88,999,5,一般用户
72638271,1,51,1845.79,1201,5,一般用户
126669454,3,51,3629.08,534,5,一般用户
21740397,1,16,1731.15,425,1,高价值核心用户
10218711,1,0,0.0,42,1,高价值核心用户
103504610,1,163,7069.56,2512,0,一般用户
128514431,1,0,0.0,303,1,高价值核心用户
22751272,1,1,81.23,921,1,高价值核心用户
123679342,1,7,421.26,199,1,高价值核心用户
124269975,1,9,923.72,1620,1,高价值核心用户
131302242,1,0,0.0,324,1,高价值核心用户
96169296,2,5,573.53,302,2,一般用户
101456770,1,11,1277.22,911,1,高价值核心用户
99467186,3,2,226.88,115,2,一般用户
1030408,1,0,0.0,743,1,高价值核心用户
13222751,1,2,347.61,110,1,高价值核心用户
74629216,1,1,170.69,293,1,高价值核心用户
135387051,2,3,396.46,68,2,一般用户
141534742,1,26,1862.47,623,1,高价值核心用户
77787471,1,1,81.23,16,1,高价值核心用户
80703687,1,0,0.0,690,1,高价值核心用户
28192835,18,0,0.0,30,3,一般用户
33770972,1,1,165.75,700,1,高价值核心用户
108728269,1,14,944.67,257,1,高价值核心用户
104797997,2,62,2274.11,320,5,一般用户
14568076,2,2,10.0,413,2,一般用户
108871998,1,0,0.0,64,1,高价值核心用户
122195291,1,3,190.9,400,1,高价值核心用户
10495708,2,0,0.0,180,2,一般用户
8197937,1,31,2301.89,1266,5,一般用户
12571684,1,57,3682.41,1687,5,一般用户
106145444,2,0,0.0,397,2,一般用户
26683337,5,0,0.0,68,3,一般用户
27032913,1,5,254.53,914,1,高价值核心用户
123442458,1,18,989.16,493,1,高价值核心用户
40246206,2,3,486.66,181,2,一般用户
42112755,3,0,0.0,180,2,一般用户
108995680,1,2,88.24,600,1,高价值核心用户
111509835,1,0,0.0,59,1,高价值核心用户
120347417,1,1,10.0,369,1,高价值核心用户
45773960,2,0,0.0,178,2,一般用户
12884654,1,15,801.04,155,1,高价值核心用户
46483165,1,2,313.15,790,1,高价值核心用户
138590516,1,104,4251.81,773,5,一般用户
11066851,1,0,0.0,408,1,高价值核心用户
124804034,3,1,62.44,738,2,一般用户
28106685,1,19,934.41,336,1,高价值核心用户
127020156,5,0,0.0,40,3,一般用户
132399646,23,0,0.0,47,3,一般用户
13311291,2,0,0.0,159,2,一般用户
111497529,1,4,333.47,168,1,高价值核心用户
133151533,1,0,0.0,1217,1,高价值核心用户
88090767,1,2,225.3,890,1,高价值核心用户
28370474,1,0,0.0,252,1,高价值核心用户
54492776,1,5,490.35,661,1,高价值核心用户
111886693,2,0,0.0,106,2,一般用户
28975138,1,9,585.52,2121,1,高价值核心用户
116162717,15,1,226.34,30,3,一般用户
119765398,6,1,10.0,130,3,一般用户
126796809,1,0,0.0,31,1,高价值核心用户
138862609,1,1,15.02,74,1,高价值核心用户
130354103,1,0,0.0,100,1,高价值核心用户
139435539,1,235,5584.32,6204,0,一般用户
120148968,1,35,1401.37,642,1,高价值核心用户
14017917,1,2,76.7,726,1,高价值核心用户
565533,1,0,0.0,465,1,高价值核心用户
91123846,1,1,10.0,707,1,高价值核心用户
121914104,2,0,0.0,157,2,一般用户
19984096,1,0,0.0,186,1,高价值核心用户
27235324,5,0,0.0,88,3,一般用户
128161862,1,6,410.77,684,1,高价值核心用户
60495861,1,91,2240.46,417,5,一般用户
141094962,1,9,642.87,466,1,高价值核心用户
32623505,1,1,159.78,712,1,高价值核心用户
68100903,1,21,1368.09,325,1,高价值核心用户
14664626,2,0,0.0,103,2,一般用户
15987177,1,115,3463.96,972,5,一般用户
72076185,1,0,0.0,142,1,高价值核心用户
74080846,1,22,675.0,152,1,高价值核心用户
39789593,1,0,0.0,423,1,高价值核心用户
99543620,2,10,612.1,365,2,一般用户
101970196,1,1,275.24,88,1,高价值核心用户
133001287,1,0,0.0,242,1,高价值核心用户
80422373,1,7,403.91,273,1,高价值核心用户
113309982,1,5,302.8,511,1,高价值核心用户
135517697,2,50,2515.59,233,5,一般用户
15461896,1,28,1464.7,278,1,高价值核心用户
8832025,1,14,328.64,348,1,高价值核心用户
46485348,1,3,85.18,402,1,高价值核心用户
116931309,1,30,1391.77,626,1,高价值核心用户
1857066,1,37,2410.97,926,5,一般用户
34578527,1,5,446.29,1541,1,高价值核心用户
48700638,1,68,1632.91,684,5,一般用户
21357495,1,116,7638.78,338,0,一般用户
21775179,10,4,599.35,49,3,一般用户
26957136,1,192,9467.48,926,0,一般用户
127219644,1,0,0.0,493,1,高价值核心用户
98466620,1,14,1592.13,654,1,高价值核心用户
120215742,1,381,12903.42,967,6,一般用户
49371675,1,33,1908.33,601,5,一般用户
19769406,1,3,343.07,655,1,高价值核心用户
137340803,1,7,325.97,1303,1,高价值核心用户
51176209,7,1,81.23,257,3,一般用户
29450456,1,12,737.64,193,1,高价值核心用户
3577313,7,20,1198.5,192,3,一般用户
5196815,1,1,10.0,164,1,高价值核心用户
2131753,2,1,120.6,877,2,一般用户
3395807,1,0,0.0,163,1,高价值核心用户
35817682,4,8,683.0,1235,3,一般用户
131193444,2,0,0.0,194,2,一般用户
5307517,2,0,0.0,280,2,一般用户
47069591,15,2,133.35,24,3,一般用户
49176199,2,1,92.32,97,2,一般用户
132737494,1,0,0.0,500,1,高价值核心用户
49847741,3,0,0.0,467,2,一般用户
54279484,1,1,94.24,423,1,高价值核心用户
138675523,3,0,0.0,34,2,一般用户
17922237,5,0,0.0,140,3,一般用户
50312387,1,16,1444.74,278,1,高价值核心用户
57299030,7,7,938.32,108,3,一般用户
25142712,1,57,1826.34,1087,5,一般用户
13797408,6,39,1762.7,356,3,一般用户
60535085,1,9,714.14,606,1,高价值核心用户
21987574,22,0,0.0,24,3,一般用户
30072819,1,3,106.79,425,1,高价值核心用户
36519979,3,10,1092.97,179,2,一般用户
54204970,2,3,167.46,138,2,一般用户
15225710,1,0,0.0,1372,1,高价值核心用户
3671315,1,21,1262.97,1841,1,高价值核心用户
5481789,2,1,117.13,342,2,一般用户
34604818,1,0,0.0,120,1,高价值核心用户
3712578,1,1,173.47,646,1,高价值核心用户
55037704,8,0,0.0,65,3,一般用户
67177972,1,4,300.96,313,1,高价值核心用户
57233563,2,2,161.82,70,2,一般用户
2887948,3,0,0.0,87,2,一般用户
60431657,4,0,0.0,83,3,一般用户
28967361,1,1,98.92,2605,1,高价值核心用户
65013453,1,102,4660.25,1392,5,一般用户
72884077,1,17,651.7,518,1,高价值核心用户
14144843,1,292,7275.58,1916,0,一般用户
4110055,1,0,0.0,327,1,高价值核心用户
17152310,1,64,4191.17,577,5,一般用户
73859889,1,16,525.8,673,1,高价值核心用户
45022376,2,12,556.3,182,2,一般用户
46010609,1,5,326.06,281,1,高价值核心用户
53308425,2,14,953.16,191,2,一般用户
22107955,7,0,0.0,38,3,一般用户
65120590,1,7,219.77,362,1,高价值核心用户
22841491,1,36,2976.82,451,5,一般用户
74534491,1,10,1009.42,1385,1,高价值核心用户
40978309,1,1,119.36,808,1,高价值核心用户
65682840,1,1,217.25,474,1,高价值核心用户
7202772,2,28,1319.23,663,2,一般用户
26194174,1,4,455.16,655,1,高价值核心用户
68421220,1,6,509.81,278,1,高价值核心用户
47065671,1,4,426.39,2071,1,高价值核心用户
85236155,1,1,56.45,615,1,高价值核心用户
7223825,1,8,363.47,245,1,高价值核心用户
16493838,2,3,188.49,236,2,一般用户
31471752,2,0,0.0,63,2,一般用户
32845489,1,0,0.0,324,1,高价值核心用户
72375246,4,0,0.0,133,3,一般用户
20733935,1,55,2847.12,1076,5,一般用户
76885686,1,1,217.25,377,1,高价值核心用户
94148058,1,1,150.71,562,1,高价值核心用户
80081386,6,5,502.73,346,3,一般用户
32334610,4,1,408.22,628,3,一般用户
32881965,15,1,43.04,25,3,一般用户
33956784,1,0,0.0,96,1,高价值核心用户
77212709,2,0,0.0,159,2,一般用户
34194469,1,2,244.1,403,1,高价值核心用户
83735095,1,2,135.29,2218,1,高价值核心用户
78890087,1,7,1113.02,499,1,高价值核心用户
35306096,1,96,3125.54,2491,5,一般用户
43072618,1,8,591.52,885,1,高价值核心用户
87526438,1,1,192.75,310,1,高价值核心用户
55501034,1,132,6645.32,829,0,一般用户
26768217,1,1,99.55,453,1,高价值核心用户
34014128,1,0,0.0,141,1,高价值核心用户
35758348,1,350,7819.45,2259,0,一般用户
93704320,1,33,3104.57,592,5,一般用户
102113778,1,0,0.0,131,1,高价值核心用户
98043049,1,1,38.17,552,1,高价值核心用户
109548579,1,146,4275.76,1146,5,一般用户
103274179,1,70,4087.12,401,5,一般用户
60802539,1,2,113.85,83,1,高价值核心用户
6163885,1,0,0.0,266,1,高价值核心用户
45598577,1,1,128.2,265,1,高价值核心用户
104155,3,14,485.67,223,2,一般用户
62360262,1,138,4668.18,3471,5,一般用户
46978329,3,22,665.78,149,2,一般用户
113396592,1,68,4273.21,836,5,一般用户
3927253,1,2,136.09,260,1,高价值核心用户
50146318,13,1,123.69,11,3,一般用户
56063372,1,162,6240.58,775,0,一般用户
39780652,1,7,726.06,888,1,高价值核心用户
109793878,1,82,5076.41,500,5,一般用户
59621698,1,2,408.67,394,1,高价值核心用户
85296442,2,1,107.97,564,2,一般用户
114773562,1,1,38.16,533,1,高价值核心用户
62871223,1,9,812.22,212,1,高价值核心用户
40122764,1,0,0.0,391,1,高价值核心用户
120930204,1,2,244.23,61,1,高价值核心用户
125293142,1,3,104.04,640,1,高价值核心用户
65578659,1,1,127.01,69,1,高价值核心用户
87942719,1,4,146.59,1571,1,高价值核心用户
66737372,1,1,126.55,788,1,高价值核心用户
116778753,2,0,0.0,23,2,一般用户
42085231,1,2,151.76,498,1,高价值核心用户
35997460,2,6,457.04,210,2,一般用户
118149559,1,0,0.0,71,1,高价值核心用户
120560904,1,4,265.44,567,1,高价值核心用户
43042442,1,29,1042.96,469,1,高价值核心用户
131281998,1,6,442.36,116,1,高价值核心用户
42208524,1,3,277.82,1236,1,高价值核心用户
132672202,5,0,0.0,20,3,一般用户
135124427,1,2,300.19,452,1,高价值核心用户
12568217,2,25,2062.87,485,2,一般用户
45149630,7,0,0.0,83,3,一般用户
45659906,1,1,51.86,786,1,高价值核心用户
70873173,5,33,1771.57,130,3,一般用户
73042603,1,10,609.38,1215,1,高价值核心用户
133665536,1,9,624.01,1747,1,高价值核心用户
140394724,1,4,264.47,600,1,高价值核心用户
54691351,1,1,139.74,132,1,高价值核心用户
88099922,5,0,0.0,182,3,一般用户
6345483,1,127,4806.64,3935,5,一般用户
15787529,11,0,0.0,6,3,一般用户
17276026,1,2,158.59,289,1,高价值核心用户
8913893,1,1,109.25,765,1,高价值核心用户
64376905,1,0,0.0,141,1,高价值核心用户
44808401,7,0,0.0,234,3,一般用户
1824572,1,35,1893.66,443,5,一般用户
66652324,9,0,0.0,65,3,一般用户
75394275,3,1,76.66,158,2,一般用户
53470960,3,6,125.09,212,2,一般用户
8917150,1,4,10.0,1973,1,高价值核心用户
65116572,1,0,0.0,71,1,高价值核心用户
2099277,3,0,0.0,230,2,一般用户
74452601,1,0,0.0,190,1,高价值核心用户
73066957,1,0,0.0,80,1,高价值核心用户
79824809,7,32,1726.93,560,3,一般用户
22305188,1,12,689.52,734,1,高价值核心用户
87799778,5,19,729.89,613,3,一般用户
89538622,1,6,320.9,143,1,高价值核心用户
92792849,1,17,1905.29,1264,1,高价值核心用户
135345840,1,206,7005.24,1184,0,一般用户
81769563,1,57,3707.49,405,5,一般用户
90433859,1,59,2217.81,397,5,一般用户
22369795,1,3,198.46,1530,1,高价值核心用户
89104233,2,0,0.0,24,2,一般用户
92243806,1,17,832.59,1092,1,高价值核心用户
92401471,7,0,0.0,43,3,一般用户
96135412,2,10,828.92,88,2,一般用户
96184377,10,4,249.02,25,3,一般用户
96894415,4,31,1769.25,296,3,一般用户
89302742,1,0,0.0,673,1,高价值核心用户
13553694,2,33,1030.74,125,2,一般用户
98154677,2,0,0.0,314,2,一般用户
135842891,3,1,10.0,409,2,一般用户
98245656,1,10,891.42,466,1,高价值核心用户
140452690,1,271,5821.67,2298,0,一般用户
96889712,1,0,0.0,428,1,高价值核心用户
109012414,1,80,6171.88,210,5,一般用户
98492728,2,2,95.15,382,2,一般用户
89886681,1,49,2808.17,1293,5,一般用户
111253705,1,0,0.0,174,1,高价值核心用户
116918377,4,5,415.63,409,3,一般用户
22962826,4,24,2229.42,2594,3,一般用户
97255009,1,120,5247.11,993,5,一般用户
100354400,1,1,115.17,65,1,高价值核心用户
102943049,7,0,0.0,14,3,一般用户
117222178,1,0,0.0,811,1,高价值核心用户
108149624,2,56,2113.21,623,2,一般用户
95548781,2,0,0.0,94,2,一般用户
102833698,1,0,0.0,78,1,高价值核心用户
107882320,1,81,4533.27,693,5,一般用户
108179658,1,3,125.92,222,1,高价值核心用户
96168102,1,0,0.0,135,1,高价值核心用户
96962284,16,0,0.0,78,3,一般用户
109689227,1,11,812.32,266,1,高价值核心用户
120206620,2,12,364.44,561,2,一般用户
65162644,1,0,0.0,726,1,高价值核心用户
113619626,1,0,0.0,215,1,高价值核心用户
114341373,2,253,3645.94,850,0,一般用户
14298533,4,22,1795.25,135,3,一般用户
12711593,1,0,0.0,69,1,高价值核心用户
119510763,2,1,115.85,50,2,一般用户
12139270,3,0,0.0,94,2,一般用户
132210450,1,42,2726.1,1006,5,一般用户
121952115,1,2,131.69,201,1,高价值核心用户
16066732,1,8,493.67,2137,1,高价值核心用户
123879519,6,10,571.91,64,3,一般用户
124259296,1,17,1223.57,1331,1,高价值核心用户
46043523,3,0,0.0,366,2,一般用户
115623839,1,9,361.55,174,1,高价值核心用户
65860183,2,7,296.34,32,2,一般用户
69396418,3,1,62.74,101,2,一般用户
119091459,2,1,165.75,69,2,一般用户
72543852,1,1,162.27,51,1,高价值核心用户
74218761,4,0,0.0,73,3,一般用户
120321894,1,172,6056.12,2527,0,一般用户
48814012,1,2,230.01,173,1,高价值核心用户
77020029,27,0,0.0,49,3,一般用户
80803649,1,0,0.0,134,1,高价值核心用户
52953942,4,3,136.15,289,3,一般用户
84465830,2,42,2193.31,600,2,一般用户
132916687,3,6,468.95,159,2,一般用户
17924218,1,8,550.74,1401,1,高价值核心用户
56756873,1,1,80.53,431,1,高价值核心用户
99662624,2,30,1189.65,568,2,一般用户
101287551,1,70,3202.1,1733,5,一般用户
85558599,1,0,0.0,1310,1,高价值核心用户
128177124,1,16,2262.57,147,5,一般用户
57664277,10,1,94.17,156,3,一般用户
13015077,6,0,0.0,49,3,一般用户
131595557,1,14,704.94,119,1,高价值核心用户
61189033,1,0,0.0,259,1,高价值核心用户
140780237,1,122,7320.48,2689,0,一般用户
62889051,1,63,1691.7,687,5,一般用户
1926899,1,26,1749.46,3048,1,高价值核心用户
18883390,1,45,2216.52,1384,5,一般用户
66440228,1,14,1076.98,152,1,高价值核心用户
86641829,1,0,0.0,14,1,高价值核心用户
87104389,4,5,175.75,808,3,一般用户
103499403,1,38,1401.33,585,1,高价值核心用户
80552424,1,172,8875.13,726,0,一般用户
120644916,10,0,0.0,12,3,一般用户
120873,1,99,2514.07,981,5,一般用户
106090167,1,157,5500.85,2666,0,一般用户
84566857,1,182,6996.9,2981,0,一般用户
87804477,1,0,0.0,43,1,高价值核心用户
89931825,1,82,3419.87,3140,5,一般用户
1275653,3,13,813.16,129,2,一般用户
128052603,1,0,0.0,101,1,高价值核心用户
20201571,1,4,266.74,304,1,高价值核心用户
130242045,1,0,0.0,96,1,高价值核心用户
130283517,2,22,1961.5,217,2,一般用户
28235067,1,0,0.0,1781,1,高价值核心用户
130576689,2,73,3364.2,2374,5,一般用户
18997016,1,52,1836.85,933,5,一般用户
27013196,2,7,783.97,289,2,一般用户
2489487,1,83,4077.84,545,5,一般用户
35474544,1,0,0.0,421,1,高价值核心用户
27906720,1,2,197.2,485,1,高价值核心用户
38487066,19,5,345.87,105,3,一般用户
38588481,1,81,3142.65,2600,5,一般用户
30368071,1,5,178.12,610,1,高价值核心用户
27662805,1,4,325.97,347,1,高价值核心用户
110258310,8,1,146.94,159,3,一般用户
96545886,1,1,98.52,827,1,高价值核心用户
103633934,1,76,4356.3,1498,5,一般用户
32033919,1,42,1930.9,449,5,一般用户
11208268,1,0,0.0,239,1,高价值核心用户
32752153,4,21,752.4,204,3,一般用户
38935686,1,34,1765.69,705,1,高价值核心用户
136649602,2,6,437.36,356,2,一般用户
118461733,1,55,1726.16,529,5,一般用户
35657002,4,11,545.92,195,3,一般用户
98179152,1,0,0.0,574,1,高价值核心用户
102550958,1,1,224.92,264,1,高价值核心用户
38526756,1,0,0.0,297,1,高价值核心用户
139756567,1,56,1935.48,700,5,一般用户
121083008,1,13,1238.04,1226,1,高价值核心用户
104937626,1,8,191.03,517,1,高价值核心用户
39526193,1,92,4395.78,3376,5,一般用户
43621565,1,45,2212.25,645,5,一般用户
105419801,1,169,5196.64,632,0,一般用户
141284597,3,13,989.62,106,2,一般用户
46011980,1,3,71.86,116,1,高价值核心用户
17465649,1,0,0.0,457,1,高价值核心用户
46023224,1,39,2182.98,1390,5,一般用户
105424913,16,1,71.0,86,3,一般用户
126808944,3,0,0.0,135,2,一般用户
106863941,1,153,5956.27,2979,0,一般用户
39903978,2,52,3983.09,358,5,一般用户
130796999,1,0,0.0,150,1,高价值核心用户
20390004,3,0,0.0,48,2,一般用户
22342118,1,4,641.45,746,1,高价值核心用户
131053983,1,2,345.38,275,1,高价值核心用户
104016986,1,0,0.0,404,1,高价值核心用户
43399261,4,4,443.92,875,3,一般用户
131318750,2,33,2252.03,526,2,一般用户
105630599,1,0,0.0,47,1,高价值核心用户
109553291,1,1,123.69,761,1,高价值核心用户
22901182,2,1,64.65,786,2,一般用户
131681471,1,1,81.27,79,1,高价值核心用户
133866163,1,0,0.0,352,1,高价值核心用户
46274658,1,1,118.2,1509,1,高价值核心用户
48099335,1,1,183.0,423,1,高价值核心用户
137982775,1,19,370.11,175,1,高价值核心用户
111926750,1,2,454.68,1161,1,高价值核心用户
14281644,2,26,1667.13,2172,2,一般用户
22992522,1,0,0.0,2439,1,高价值核心用户
54994098,1,0,0.0,438,1,高价值核心用户
56690952,1,102,5525.94,2812,5,一般用户
108870608,1,31,3170.11,569,5,一般用户
113050567,1,2,285.99,296,1,高价值核心用户
122372687,2,0,0.0,518,2,一般用户
50704206,2,1,202.21,75,2,一般用户
41539251,1,0,0.0,155,1,高价值核心用户
110047109,3,0,0.0,27,2,一般用户
56823809,1,62,3415.03,680,5,一般用户
117929882,1,30,1819.41,1029,1,高价值核心用户
46207221,7,0,0.0,43,3,一般用户
46313814,1,37,1449.12,747,1,高价值核心用户
126707482,1,126,7982.03,826,0,一般用户
14922404,15,0,0.0,49,3,一般用户
1525511,2,3,210.86,156,2,一般用户
16795906,3,0,0.0,407,2,一般用户
57408837,1,0,0.0,656,1,高价值核心用户
22995367,1,3,332.94,89,1,高价值核心用户
2364046,1,3,593.34,955,1,高价值核心用户
23668132,1,0,0.0,90,1,高价值核心用户
126968439,3,0,0.0,114,2,一般用户
2557196,1,1,152.97,173,1,高价值核心用户
12990018,3,2,250.85,356,2,一般用户
48952279,2,63,2956.13,471,5,一般用户
48851432,2,1,116.71,98,2,一般用户
124719016,1,34,1779.86,602,1,高价值核心用户
5091068,2,1,165.75,346,2,一般用户
57877811,2,82,2932.42,377,5,一般用户
130134707,4,1,188.26,226,3,一般用户
50062533,1,0,0.0,186,1,高价值核心用户
52797666,1,1,51.86,142,1,高价值核心用户
131826831,1,6,360.48,148,1,高价值核心用户
51771947,1,0,0.0,179,1,高价值核心用户
57450756,1,0,0.0,137,1,高价值核心用户
138856127,1,7,856.84,145,1,高价值核心用户
126143015,1,130,9863.41,1376,0,一般用户
59622953,1,84,2373.89,525,5,一般用户
31872335,2,82,3504.06,476,5,一般用户
61775192,1,0,0.0,20,1,高价值核心用户
16419618,1,0,0.0,30,1,高价值核心用户
2510646,15,0,0.0,19,3,一般用户
54007195,1,191,4818.22,1736,0,一般用户
28791007,2,0,0.0,63,2,一般用户
67033795,2,142,3448.99,1064,5,一般用户
31559991,5,1,107.77,11,3,一般用户
32686647,2,14,1194.29,376,2,一般用户
3880359,3,1,80.08,61,2,一般用户
32831611,1,4,295.81,535,1,高价值核心用户
68002440,1,19,1789.01,1135,1,高价值核心用户
39789041,1,35,2317.77,176,5,一般用户
44431225,3,9,595.06,85,2,一般用户
57607228,1,69,5128.57,1069,5,一般用户
5137598,1,0,0.0,597,1,高价值核心用户
48942128,8,1,98.92,391,3,一般用户
6884739,1,3,247.95,285,1,高价值核心用户
54554843,2,149,6440.98,755,0,一般用户
128671783,1,85,5106.42,2318,5,一般用户
7277182,1,0,0.0,379,1,高价值核心用户
59056293,1,3,312.11,254,1,高价值核心用户
74049444,1,59,3148.3,1834,5,一般用户
57824292,2,19,1175.67,969,2,一般用户
64557626,1,107,4955.58,796,5,一般用户
75170299,4,0,0.0,77,3,一般用户
7604354,3,0,0.0,132,2,一般用户
56541900,6,129,6756.99,964,0,一般用户
79076274,1,7,615.61,488,1,高价值核心用户
56466888,1,48,1374.43,358,1,高价值核心用户
82649107,1,65,4781.04,1599,5,一般用户
74675979,2,0,0.0,25,2,一般用户
76955668,1,0,0.0,111,1,高价值核心用户
79973073,1,91,3471.92,719,5,一般用户
80332039,1,1,248.18,993,1,高价值核心用户
58483297,1,13,853.42,234,1,高价值核心用户
61209536,1,6,387.5,110,1,高价值核心用户
61636536,1,0,0.0,92,1,高价值核心用户
722361,11,0,0.0,5,3,一般用户
74056904,3,0,0.0,114,2,一般用户
60032762,1,95,4541.08,3160,5,一般用户
74920552,1,0,0.0,507,1,高价值核心用户
81586383,1,124,5949.52,2338,0,一般用户
93998185,3,1,62.25,237,2,一般用户
78226298,1,4,226.8,23,1,高价值核心用户
81904568,1,3,816.48,770,1,高价值核心用户
81157363,1,1,165.75,378,1,高价值核心用户
132326665,1,3,291.1,1207,1,高价值核心用户
85016828,4,0,0.0,153,3,一般用户
81500257,1,128,6154.35,1790,0,一般用户
87525318,3,0,0.0,69,2,一般用户
87998227,1,191,4288.23,1488,0,一般用户
95350481,2,0,0.0,421,2,一般用户
111124413,1,57,3193.14,1117,5,一般用户
98218672,2,88,2546.8,570,5,一般用户
100097997,1,0,0.0,418,1,高价值核心用户
134621791,1,93,4905.2,1142,5,一般用户
101236357,1,0,0.0,38,1,高价值核心用户
101504942,2,0,0.0,147,2,一般用户
102139569,1,0,0.0,226,1,高价值核心用户
103370538,2,18,1117.86,413,2,一般用户
82950102,8,0,0.0,4,3,一般用户
83369179,1,0,0.0,221,1,高价值核心用户
8886191,1,101,4457.8,3394,5,一般用户
112329101,1,14,658.92,183,1,高价值核心用户
84267303,1,0,0.0,127,1,高价值核心用户
106469828,1,4,331.92,797,1,高价值核心用户
139795059,2,2,189.11,529,2,一般用户
114785776,5,0,0.0,40,3,一般用户
11827113,1,33,1306.19,920,1,高价值核心用户
92548514,1,0,0.0,626,1,高价值核心用户
83521932,1,1,119.49,561,1,高价值核心用户
14051446,1,5,407.97,555,1,高价值核心用户
94139294,1,0,0.0,152,1,高价值核心用户
119500931,1,4,453.9,614,1,高价值核心用户
60051601,1,54,2469.8,525,5,一般用户
97122756,1,84,6282.47,1273,0,一般用户
108903035,1,1,141.76,185,1,高价值核心用户
93812622,5,3,263.75,14,3,一般用户
108404535,1,63,4096.44,652,5,一般用户
109493411,1,57,2969.82,831,5,一般用户
141870015,13,0,0.0,32,3,一般用户
21669502,1,50,2936.64,550,5,一般用户
61162561,1,0,0.0,337,1,高价值核心用户
126456827,1,1,107.77,27,1,高价值核心用户
138749285,1,6,497.02,894,1,高价值核心用户
111612020,2,7,656.49,118,2,一般用户
66389432,1,1,104.82,41,1,高价值核心用户
67725088,2,15,831.51,163,2,一般用户
112499569,5,44,1808.2,506,3,一般用户
27169171,2,0,0.0,86,2,一般用户
70046644,3,8,1234.05,200,2,一般用户
2952532,1,83,3304.63,899,5,一般用户
97876581,1,9,816.96,266,1,高价值核心用户
116720981,1,3,491.46,2075,1,高价值核心用户
7197108,2,0,0.0,838,2,一般用户
112819908,1,1,50.62,310,1,高价值核心用户
141266970,1,0,0.0,145,1,高价值核心用户
99048955,4,8,631.56,134,3,一般用户
17387185,1,3,217.52,57,1,高价值核心用户
21115351,1,1,88.94,262,1,高价值核心用户
116218729,1,10,934.04,439,1,高价值核心用户
23937847,2,1,193.42,54,2,一般用户
24047653,2,0,0.0,163,2,一般用户
26960862,3,0,0.0,133,2,一般用户
30552706,1,42,2325.57,1178,5,一般用户
89866622,1,0,0.0,133,1,高价值核心用户
82008226,1,37,2895.75,953,5,一般用户
100757305,1,23,1978.39,556,1,高价值核心用户
3190957,1,0,0.0,317,1,高价值核心用户
117418421,1,2,226.09,548,1,高价值核心用户
31986029,1,0,0.0,79,1,高价值核心用户
36450170,1,54,2866.04,491,5,一般用户
101461439,2,0,0.0,478,2,一般用户
118495978,1,0,0.0,562,1,高价值核心用户
119149297,1,161,4347.19,2290,5,一般用户
82473850,1,0,0.0,438,1,高价值核心用户
39497489,1,8,465.22,519,1,高价值核心用户
99795650,1,47,1369.93,1762,1,高价值核心用户
101708064,1,1,104.77,443,1,高价值核心用户
103600156,1,0,0.0,915,1,高价值核心用户
33166824,1,22,2021.82,678,1,高价值核心用户
121501586,1,1,202.21,633,1,高价值核心用户
40230576,3,37,2218.7,137,2,一般用户
103728744,1,77,3275.79,1243,5,一般用户
44220176,1,1,59.86,88,1,高价值核心用户
47296218,1,0,0.0,449,1,高价值核心用户
38869693,1,0,0.0,331,1,高价值核心用户
92397827,2,0,0.0,196,2,一般用户
100692079,1,2,170.56,166,1,高价值核心用户
104456945,1,4,293.71,177,1,高价值核心用户
124941936,2,0,0.0,53,2,一般用户
104641941,3,1,154.9,329,2,一般用户
127089112,2,7,740.43,1846,2,一般用户
4913,1,49,2456.18,966,5,一般用户
43380742,1,0,0.0,164,1,高价值核心用户
106873777,1,1,10.0,330,1,高价值核心用户
49598175,8,0,0.0,25,3,一般用户
51492142,1,206,6373.52,5026,0,一般用户
108750800,7,0,0.0,176,3,一般用户
10815578,1,22,1972.28,530,1,高价值核心用户
109928088,1,0,0.0,3032,1,高价值核心用户
111486314,5,0,0.0,13,3,一般用户
121933909,1,0,0.0,258,1,高价值核心用户
57636921,1,157,3859.37,2044,5,一般用户
130314976,1,41,2164.87,993,5,一般用户
108290167,1,2,346.19,97,1,高价值核心用户
124086011,3,24,810.23,103,2,一般用户
131354626,2,0,0.0,17,2,一般用户
139473011,10,1,10.0,70,3,一般用户
116264632,1,12,476.37,787,1,高价值核心用户
15183813,2,0,0.0,179,2,一般用户
20509405,2,24,1324.03,728,2,一般用户
134077305,1,2,377.98,455,1,高价值核心用户
121055099,1,7,801.18,176,1,高价值核心用户
29985681,6,0,0.0,26,3,一般用户
35465890,2,57,2924.67,248,5,一般用户
133755018,1,0,0.0,213,1,高价值核心用户
128699245,1,24,1419.08,343,1,高价值核心用户
35709243,1,0,0.0,1885,1,高价值核心用户
135749481,2,0,0.0,352,2,一般用户
135488940,1,49,2622.26,965,5,一般用户
133710160,1,1,44.95,359,1,高价值核心用户
141927774,5,4,302.46,455,3,一般用户
142051625,1,24,843.95,1172,1,高价值核心用户
17362237,1,10,935.34,2346,1,高价值核心用户
62989173,1,0,0.0,416,1,高价值核心用户
13657444,1,6,179.3,165,1,高价值核心用户
110058496,1,68,2610.48,723,5,一般用户
140502795,1,0,0.0,290,1,高价值核心用户
20288940,3,22,1185.62,143,2,一般用户
63256758,1,1,217.25,2213,1,高价值核心用户
22776936,1,26,996.81,1047,1,高价值核心用户
141323792,1,1,95.15,274,1,高价值核心用户
141891337,1,2,259.58,1096,1,高价值核心用户
41671149,2,1,174.1,408,2,一般用户
111041306,4,0,0.0,155,3,一般用户
111691361,3,4,352.65,82,2,一般用户
113698622,3,2,262.22,152,2,一般用户
23085950,1,8,504.96,416,1,高价值核心用户
5412158,2,1,10.0,86,2,一般用户
119168750,6,0,0.0,60,3,一般用户
120927472,1,1,62.25,210,1,高价值核心用户
54172442,1,14,1692.78,798,1,高价值核心用户
52523285,1,0,0.0,353,1,高价值核心用户
25892297,2,14,526.07,196,2,一般用户
121752508,1,111,3401.92,1282,5,一般用户
26920547,1,104,4336.33,812,5,一般用户
54683876,3,0,0.0,218,2,一般用户
1485361,1,35,2375.1,440,5,一般用户
21465106,1,268,7664.95,2647,0,一般用户
54922233,1,177,5729.1,1418,0,一般用户
71376321,3,1,201.35,373,2,一般用户
59214580,1,24,2254.06,2022,5,一般用户
20093296,1,2,179.37,156,1,高价值核心用户
27833657,2,1,127.01,230,2,一般用户
32800923,1,25,1441.14,267,1,高价值核心用户
71419120,3,0,0.0,143,2,一般用户
74193816,1,26,1508.06,265,1,高价值核心用户
125227357,1,2,127.13,388,1,高价值核心用户
42453068,9,0,0.0,35,3,一般用户
44365875,3,8,943.31,1055,2,一般用户
75162717,1,1,69.67,440,1,高价值核心用户
33050706,1,8,743.85,432,1,高价值核心用户
127660246,1,0,0.0,120,1,高价值核心用户
59354562,1,14,1635.72,659,1,高价值核心用户
12892503,10,1,47.06,605,3,一般用户
75888387,1,93,2443.29,1320,5,一般用户
3607854,1,85,2925.93,1119,5,一般用户
63621977,1,0,0.0,207,1,高价值核心用户
74163297,1,189,6626.92,1322,0,一般用户
46312993,1,1,62.47,241,1,高价值核心用户
129525953,1,0,0.0,113,1,高价值核心用户
135539714,1,1,108.87,564,1,高价值核心用户
62809951,1,4,317.25,492,1,高价值核心用户
56708793,1,113,6216.42,2329,0,一般用户
25423470,3,0,0.0,98,2,一般用户
13887814,1,1,18.18,1069,1,高价值核心用户
64051525,1,0,0.0,105,1,高价值核心用户
3840121,1,6,493.18,1795,1,高价值核心用户
26142484,3,4,213.91,459,2,一般用户
7723951,1,11,1007.53,252,1,高价值核心用户
65409330,2,0,0.0,328,2,一般用户
78206223,1,16,1001.77,352,1,高价值核心用户
28086954,1,0,0.0,1463,1,高价值核心用户
66351154,1,1,170.97,515,1,高价值核心用户
8249269,1,263,7007.4,1784,0,一般用户
18853148,6,0,0.0,42,3,一般用户
21070014,1,362,4669.0,1167,0,一般用户
78044909,2,126,6842.27,1197,0,一般用户
68157578,1,28,2879.78,687,5,一般用户
60734132,1,0,0.0,646,1,高价值核心用户
41509515,3,1,173.94,238,2,一般用户
44614693,1,0,0.0,126,1,高价值核心用户
68302542,2,0,0.0,336,2,一般用户
44849978,3,11,273.5,257,2,一般用户
36308952,2,0,0.0,85,2,一般用户
32728520,1,8,421.4,116,1,高价值核心用户
44088250,5,0,0.0,74,3,一般用户
52372344,2,13,847.74,197,2,一般用户
63245692,2,2,207.32,1009,2,一般用户
62126989,1,0,0.0,384,1,高价值核心用户
69766999,1,0,0.0,245,1,高价值核心用户
32992894,2,0,0.0,139,2,一般用户
78877674,3,3,598.46,419,2,一般用户
35604043,1,0,0.0,242,1,高价值核心用户
56709846,3,0,0.0,145,2,一般用户
71048860,1,3,375.3,1551,1,高价值核心用户
59182141,1,1,42.78,331,1,高价值核心用户
85867746,1,14,821.8,228,1,高价值核心用户
62781637,1,26,1925.45,329,1,高价值核心用户
3631290,4,11,1011.27,166,3,一般用户
94003310,16,1,98.92,162,3,一般用户
914729,2,1,15.02,137,2,一般用户
39430343,1,1,72.06,474,1,高价值核心用户
64498534,1,0,0.0,26,1,高价值核心用户
65180528,1,20,1398.55,447,1,高价值核心用户
94616722,1,38,1507.41,919,1,高价值核心用户
59422637,1,15,1532.25,3093,1,高价值核心用户
93223961,1,63,4217.15,1090,5,一般用户
6723204,3,9,239.7,135,2,一般用户
75981766,1,6,217.9,365,1,高价值核心用户
66961542,1,8,752.1,195,1,高价值核心用户
72214388,1,22,1062.76,405,1,高价值核心用户
42170243,1,33,1625.66,573,1,高价值核心用户
81584249,1,100,3771.14,559,5,一般用户
71348773,2,0,0.0,59,2,一般用户
75370152,1,5,299.44,119,1,高价值核心用户
76314785,1,262,17284.91,993,6,一般用户
76359356,3,0,0.0,214,2,一般用户
77121207,7,0,0.0,29,3,一般用户
82259162,1,516,10349.03,3444,6,一般用户
87448522,1,0,0.0,782,1,高价值核心用户
42653201,2,57,1605.96,414,2,一般用户
46058933,1,0,0.0,19,1,高价值核心用户
49456764,1,24,1223.36,226,1,高价值核心用户
95948031,1,0,0.0,197,1,高价值核心用户
10020755,1,332,15922.91,1869,6,一般用户
50071113,3,0,0.0,179,2,一般用户
8823134,1,0,0.0,101,1,高价值核心用户
98827905,1,5,280.03,344,1,高价值核心用户
100870297,3,0,0.0,407,2,一般用户
79359253,1,1,165.75,514,1,高价值核心用户
90934700,2,0,0.0,233,2,一般用户
50743966,1,2,249.93,219,1,高价值核心用户
93834577,1,3,190.93,454,1,高价值核心用户
102974755,1,13,820.39,1508,1,高价值核心用户
72295163,1,108,5297.18,1029,5,一般用户
81933823,1,0,0.0,111,1,高价值核心用户
96892957,4,7,870.43,362,3,一般用户
6018416,2,71,3821.56,813,5,一般用户
91530370,3,11,796.99,156,2,一般用户
9900390,1,0,0.0,518,1,高价值核心用户
100326985,1,13,1574.36,3215,1,高价值核心用户
64387588,1,0,0.0,99,1,高价值核心用户
67908606,4,0,0.0,38,3,一般用户
73104510,3,0,0.0,82,2,一般用户
72016943,1,22,1438.99,375,1,高价值核心用户
97126088,1,3,270.21,743,1,高价值核心用户
102927615,1,0,0.0,69,1,高价值核心用户
7733967,4,1,68.63,93,3,一般用户
112125475,1,284,7324.89,1688,0,一般用户
84875269,1,7,144.4,112,1,高价值核心用户
106316627,1,3,268.37,58,1,高价值核心用户
112000366,3,0,0.0,194,2,一般用户
8499885,1,2,272.22,675,1,高价值核心用户
112706018,1,2,423.23,706,1,高价值核心用户
78704357,1,149,6843.63,2466,0,一般用户
115129419,1,4,605.02,571,1,高价值核心用户
85633095,1,0,0.0,2551,1,高价值核心用户
89888891,2,3,339.82,249,2,一般用户
1188241,1,1,62.44,433,1,高价值核心用户
119653720,1,26,2461.83,2249,5,一般用户
93311801,2,0,0.0,782,2,一般用户
123450171,1,7,605.24,3540,1,高价值核心用户
113127968,1,0,0.0,650,1,高价值核心用户
9413973,2,0,0.0,64,2,一般用户
94308406,1,55,3712.63,1033,5,一般用户
115949891,1,1,43.02,129,1,高价值核心用户
101719830,3,0,0.0,27,2,一般用户
116527079,1,21,1703.6,853,1,高价值核心用户
114352631,1,113,2965.58,1069,5,一般用户
80487881,2,0,0.0,438,2,一般用户
86388311,2,0,0.0,293,2,一般用户
81444684,1,47,2701.26,1222,5,一般用户
88526460,2,0,0.0,180,2,一般用户
117597296,1,5,453.53,601,1,高价值核心用户
115462596,2,1,83.82,126,2,一般用户
9899625,1,32,2407.98,256,5,一般用户
102946950,1,9,236.55,494,1,高价值核心用户
11551181,1,6,657.08,1166,1,高价值核心用户
122740449,1,0,0.0,30,1,高价值核心用户
122841371,9,0,0.0,59,3,一般用户
129039779,5,3,343.05,73,3,一般用户
135565094,1,5,378.23,198,1,高价值核心用户
103332966,1,0,0.0,104,1,高价值核心用户
127130413,1,11,1340.17,641,1,高价值核心用户
137044962,4,11,920.99,209,3,一般用户
10936698,1,4,218.94,1332,1,高价值核心用户
138891580,1,47,2002.17,1492,5,一般用户
82061064,7,0,0.0,4,3,一般用户
85025555,1,0,0.0,369,1,高价值核心用户
97169173,1,27,731.74,608,1,高价值核心用户
101257188,1,40,932.07,822,1,高价值核心用户
115628589,1,2,393.31,140,1,高价值核心用户
137853857,1,1,31.1,762,1,高价值核心用户
124303059,1,13,661.03,2085,1,高价值核心用户
91910769,2,12,485.23,444,2,一般用户
124210329,1,51,1413.25,1444,1,高价值核心用户
109623749,1,0,0.0,378,1,高价值核心用户
138244218,23,0,0.0,8,3,一般用户
139698902,1,0,0.0,170,1,高价值核心用户
102079739,1,0,0.0,605,1,高价值核心用户
97485804,1,1,123.69,447,1,高价值核心用户
104664128,1,41,1432.1,343,1,高价值核心用户
15145344,2,0,0.0,156,2,一般用户
16911051,1,26,2134.69,4182,5,一般用户
109927373,1,0,0.0,731,1,高价值核心用户
109613455,1,0,0.0,2300,1,高价值核心用户
16918270,1,2,322.59,135,1,高价值核心用户
17230300,1,0,0.0,408,1,高价值核心用户
10864414,2,32,1295.45,1536,2,一般用户
11177007,9,0,0.0,110,3,一般用户
111823061,1,1,183.0,921,1,高价值核心用户
217996,1,0,0.0,27,1,高价值核心用户
128851538,1,0,0.0,291,1,高价值核心用户
22984722,1,0,0.0,235,1,高价值核心用户
124992372,1,9,895.02,3564,1,高价值核心用户
26430445,5,0,0.0,113,3,一般用户
134014289,2,0,0.0,82,2,一般用户
43738222,1,102,5101.09,540,5,一般用户
14238614,2,0,0.0,67,2,一般用户
21038500,1,62,2122.73,950,5,一般用户
11408482,1,2,165.75,55,1,高价值核心用户
54345635,1,1,22.27,169,1,高价值核心用户
115499141,7,0,0.0,15,3,一般用户
119945707,1,7,733.24,475,1,高价值核心用户
55530513,2,0,0.0,480,2,一般用户
120520313,3,0,0.0,188,2,一般用户
110430105,2,2,221.08,37,2,一般用户
126054635,1,0,0.0,291,1,高价值核心用户
110532180,6,0,0.0,170,3,一般用户
111058819,5,65,1847.96,395,3,一般用户
23159781,1,59,3240.4,476,5,一般用户
13005359,1,0,0.0,71,1,高价值核心用户
128719503,1,0,0.0,77,1,高价值核心用户
131359754,1,1,165.0,273,1,高价值核心用户
13178504,5,0,0.0,165,3,一般用户
57921246,1,1,165.75,62,1,高价值核心用户
59076389,3,0,0.0,299,2,一般用户
132469710,1,39,2347.76,991,5,一般用户
122169205,1,1,128.03,241,1,高价值核心用户
136843034,2,0,0.0,7,2,一般用户
138720115,2,18,1243.57,146,2,一般用户
24903079,4,0,0.0,195,3,一般用户
16178402,1,2,106.55,158,1,高价值核心用户
59674270,1,2,202.9,612,1,高价值核心用户
29025946,1,0,0.0,82,1,高价值核心用户
22444189,1,2,317.17,1164,1,高价值核心用户
126592405,8,2,229.75,137,3,一般用户
29420856,1,1,34.35,595,1,高价值核心用户
127238930,2,0,0.0,65,2,一般用户
139637127,1,1,85.15,671,1,高价值核心用户
133849127,1,0,0.0,1307,1,高价值核心用户
6146353,1,0,0.0,520,1,高价值核心用户
3466367,1,70,5144.7,730,5,一般用户
16354041,1,1,104.66,250,1,高价值核心用户
26221045,15,0,0.0,20,3,一般用户
16860047,1,17,1164.08,308,1,高价值核心用户
65305165,1,10,620.51,1086,1,高价值核心用户
3324323,2,0,0.0,220,2,一般用户
33503479,1,0,0.0,287,1,高价值核心用户
18318788,1,78,3182.6,962,5,一般用户
126070926,2,0,0.0,361,2,一般用户
34798858,1,26,2065.63,698,5,一般用户
16895773,6,3,232.51,30,3,一般用户
17962946,2,0,0.0,17,2,一般用户
18245913,1,1,78.18,172,1,高价值核心用户
29718928,1,14,1181.88,148,1,高价值核心用户
397142,1,25,1804.13,458,1,高价值核心用户
30701881,2,2,181.04,271,2,一般用户
129516472,1,1,10.0,180,1,高价值核心用户
140040145,1,1,78.41,450,1,高价值核心用户
32922636,1,3,261.0,315,1,高价值核心用户
69152893,1,174,3561.93,1304,5,一般用户
137234632,24,0,0.0,95,3,一般用户
138399730,2,0,0.0,320,2,一般用户
46408460,1,10,797.85,114,1,高价值核心用户
37693647,6,0,0.0,10,3,一般用户
1985644,1,20,1212.68,381,1,高价值核心用户
38103038,3,0,0.0,167,2,一般用户
139792009,4,0,0.0,33,3,一般用户
48304965,2,3,381.63,149,2,一般用户
35669832,2,5,301.3,547,2,一般用户
25187340,1,0,0.0,332,1,高价值核心用户
140257001,1,27,1727.0,1593,1,高价值核心用户
53219515,1,14,1475.24,1059,1,高价值核心用户
40788357,1,0,0.0,90,1,高价值核心用户
43300693,1,3,157.86,1297,1,高价值核心用户
29020561,1,3,448.01,585,1,高价值核心用户
27787868,5,0,0.0,5,3,一般用户
33513319,13,36,910.48,177,3,一般用户
34598350,4,0,0.0,50,3,一般用户
52461307,14,1,222.67,9,3,一般用户
54365017,1,0,0.0,77,1,高价值核心用户
38538148,4,2,135.51,25,3,一般用户
5586064,1,43,1865.34,499,5,一般用户
39675115,1,1,202.21,541,1,高价值核心用户
3318666,1,754,11582.1,3764,6,一般用户
73110586,3,1,153.27,225,2,一般用户
40917728,2,2,204.2,421,2,一般用户
63082966,2,0,0.0,105,2,一般用户
75441631,1,0,0.0,244,1,高价值核心用户
53253442,1,1,139.13,225,1,高价值核心用户
63351357,1,0,0.0,328,1,高价值核心用户
76707547,3,24,1562.19,676,2,一般用户
55252215,1,1,10.0,962,1,高价值核心用户
42768689,4,0,0.0,83,3,一般用户
46143156,1,33,1862.91,563,5,一般用户
63805861,4,88,5048.29,573,5,一般用户
140423268,1,225,6843.82,2826,0,一般用户
43855246,1,67,4400.88,2855,5,一般用户
47090672,2,39,2252.45,339,2,一般用户
67268928,1,145,8170.53,2981,0,一般用户
77503143,1,0,0.0,664,1,高价值核心用户
51688276,1,0,0.0,798,1,高价值核心用户
6038861,1,1,134.03,206,1,高价值核心用户
74873040,3,0,0.0,466,2,一般用户
86696356,1,0,0.0,78,1,高价值核心用户
89868154,1,3,311.1,447,1,高价值核心用户
79032446,2,3,187.15,331,2,一般用户
51843348,1,0,0.0,94,1,高价值核心用户
53516043,5,2,61.86,89,3,一般用户
58538583,1,9,572.67,146,1,高价值核心用户
93893366,1,0,0.0,289,1,高价值核心用户
61269594,1,38,1970.3,1106,5,一般用户
80125653,1,90,2215.58,1382,5,一般用户
9686681,5,0,0.0,108,3,一般用户
105805037,1,4,263.26,880,1,高价值核心用户
52891027,3,0,0.0,1039,2,一般用户
63475455,1,0,0.0,672,1,高价值核心用户
33614374,1,4,368.44,288,1,高价值核心用户
109382445,3,0,0.0,18,2,一般用户
112570004,1,195,7333.2,1929,0,一般用户
14506759,1,88,5159.47,1139,5,一般用户
41079190,4,8,595.41,174,3,一般用户
8445368,1,0,0.0,227,1,高价值核心用户
64819934,2,0,0.0,60,2,一般用户
54450830,1,0,0.0,671,1,高价值核心用户
41103398,1,89,4144.65,811,5,一般用户
71696748,1,5,68.63,166,1,高价值核心用户
74820346,1,2,244.02,833,1,高价值核心用户
8452470,1,0,0.0,304,1,高价值核心用户
72166476,9,0,0.0,14,3,一般用户
81084835,1,47,2379.92,303,5,一般用户
9065398,4,1,10.0,107,3,一般用户
93774837,3,0,0.0,442,2,一般用户
81143356,2,0,0.0,262,2,一般用户
56498242,1,153,7857.81,1087,0,一般用户
75978611,1,8,615.82,161,1,高价值核心用户
44880226,1,6,395.59,928,1,高价值核心用户
81295365,1,48,2563.35,632,5,一般用户
95755909,1,38,1813.55,799,5,一般用户
108704609,1,22,1354.0,507,1,高价值核心用户
82705001,1,401,7537.52,1750,0,一般用户
20029510,1,0,0.0,184,1,高价值核心用户
21818576,1,0,0.0,630,1,高价值核心用户
109732215,1,0,0.0,727,1,高价值核心用户
113251,12,1,105.49,175,3,一般用户
84645009,1,0,0.0,237,1,高价值核心用户
60314888,1,0,0.0,782,1,高价值核心用户
114253675,1,0,0.0,386,1,高价值核心用户
68264472,1,91,2983.03,532,5,一般用户
26025143,1,0,0.0,72,1,高价值核心用户
31879400,1,2,84.61,317,1,高价值核心用户
85008352,3,1,43.39,919,2,一般用户
11027223,1,1,39.54,503,1,高价值核心用户
115121430,1,89,4502.04,1447,5,一般用户
34393089,1,15,1508.14,564,1,高价值核心用户
68784632,4,2,127.13,73,3,一般用户
70157276,1,4,370.75,1417,1,高价值核心用户
83062037,1,0,0.0,2373,1,高价值核心用户
62941911,7,0,0.0,80,3,一般用户
69459679,1,0,0.0,729,1,高价值核心用户
112345599,1,1,19.35,73,1,高价值核心用户
113461928,12,0,0.0,19,3,一般用户
123710751,2,5,232.54,45,2,一般用户
35773124,2,0,0.0,119,2,一般用户
138245425,5,0,0.0,98,3,一般用户
35799041,1,2,94.72,897,1,高价值核心用户
14053940,1,108,5971.65,1166,0,一般用户
96843841,1,31,1699.82,1700,1,高价值核心用户
70913065,1,256,7281.73,3770,0,一般用户
12135006,2,0,0.0,65,2,一般用户
12252570,5,1,75.26,252,3,一般用户
36561036,1,83,4248.85,2645,5,一般用户
70161728,2,1,116.71,354,2,一般用户
23118960,4,9,655.04,204,3,一般用户
123922959,2,0,0.0,45,2,一般用户
124382480,2,1,10.0,288,2,一般用户
27090424,1,15,1523.19,1197,1,高价值核心用户
86756157,1,72,2843.34,1702,5,一般用户
70277195,1,0,0.0,147,1,高价值核心用户
70817939,1,1,10.0,201,1,高价值核心用户
129572489,6,16,1027.93,273,3,一般用户
80281644,7,2,117.02,139,3,一般用户
80481913,1,5,613.0,1174,1,高价值核心用户
136009227,1,96,4787.28,1481,5,一般用户
95535997,3,12,1521.64,236,2,一般用户
104117045,1,2,145.01,157,1,高价值核心用户
28751106,3,0,0.0,266,2,一般用户
110201893,1,0,0.0,707,1,高价值核心用户
29760352,1,9,476.97,357,1,高价值核心用户
4225412,1,3,377.24,2682,1,高价值核心用户
87603845,1,14,941.13,1174,1,高价值核心用户
113516306,1,0,0.0,444,1,高价值核心用户
38968550,1,2,199.91,200,1,高价值核心用户
115374435,3,0,0.0,48,2,一般用户
82247926,1,3,293.14,229,1,高价值核心用户
116718992,1,0,0.0,681,1,高价值核心用户
40438806,3,35,1974.77,950,2,一般用户
8376762,8,0,0.0,12,3,一般用户
85169785,1,37,1707.98,513,1,高价值核心用户
136062420,1,49,1161.11,544,1,高价值核心用户
93234575,1,0,0.0,98,1,高价值核心用户
71941709,1,0,0.0,702,1,高价值核心用户
96183219,2,0,0.0,388,2,一般用户
118522478,1,1,139.52,468,1,高价值核心用户
13630759,2,4,246.23,565,2,一般用户
85506999,1,5,477.99,200,1,高价值核心用户
43586684,1,2,243.46,1050,1,高价值核心用户
9774692,1,323,8826.08,2809,0,一般用户
86614500,1,154,8855.63,1469,0,一般用户
127935117,13,2,241.16,18,3,一般用户
13658397,6,0,0.0,124,3,一般用户
1553407,1,1,116.71,87,1,高价值核心用户
16259607,2,19,1203.66,289,2,一般用户
137765713,7,0,0.0,50,3,一般用户
139443041,5,23,1838.83,224,3,一般用户
72018675,9,14,1185.52,224,3,一般用户
7248646,1,31,2310.53,513,5,一般用户
141993120,1,58,4174.22,1080,5,一般用户
17816597,1,6,447.95,1249,1,高价值核心用户
56472082,1,12,831.46,279,1,高价值核心用户
74927354,1,34,1807.77,385,1,高价值核心用户
56978241,1,0,0.0,332,1,高价值核心用户
88953531,1,13,854.29,143,1,高价值核心用户
45398630,2,0,0.0,45,2,一般用户
61121803,1,35,1895.98,896,5,一般用户
93417326,1,0,0.0,116,1,高价值核心用户
96778762,1,95,3931.66,590,5,一般用户
83619345,2,1,22.53,216,2,一般用户
58437782,1,46,1986.19,1425,5,一般用户
92402983,8,72,2472.79,265,3,一般用户
19805334,1,88,5041.27,1723,5,一般用户
94795739,1,9,1059.36,371,1,高价值核心用户
65995748,1,0,0.0,729,1,高价值核心用户
20747863,2,0,0.0,37,2,一般用户
21405321,4,4,494.52,52,3,一般用户
24698599,5,0,0.0,205,3,一般用户
95530909,1,0,0.0,104,1,高价值核心用户
25499177,2,91,6020.56,588,5,一般用户
86442990,1,19,935.4,417,1,高价值核心用户
105313845,1,0,0.0,875,1,高价值核心用户
62029939,1,19,823.68,193,1,高价值核心用户
71636940,1,6,650.18,309,1,高价值核心用户
98989087,4,5,265.76,121,3,一般用户
102629009,1,5,603.22,497,1,高价值核心用户
68150938,1,35,2916.18,1782,5,一般用户
9551296,1,2,130.6,813,1,高价值核心用户
102350790,1,178,8225.34,1057,0,一般用户
73135493,1,26,1692.47,1770,1,高价值核心用户
26145391,2,0,0.0,173,2,一般用户
29320594,1,71,1931.22,1422,5,一般用户
103412418,1,107,4670.92,952,5,一般用户
106679589,1,1,122.32,985,1,高价值核心用户
23847626,1,3,284.08,1313,1,高价值核心用户
105766349,2,0,0.0,137,2,一般用户
112133723,1,3,220.61,592,1,高价值核心用户
110061776,4,0,0.0,111,3,一般用户
117863267,1,4,379.33,730,1,高价值核心用户
111343807,1,0,0.0,13,1,高价值核心用户
126666346,9,0,0.0,106,3,一般用户
73778775,5,0,0.0,34,3,一般用户
24752182,1,76,3411.93,1304,5,一般用户
130688646,2,0,0.0,216,2,一般用户
75722191,1,19,1441.07,529,1,高价值核心用户
35048740,6,0,0.0,120,3,一般用户
11580122,1,20,1188.42,462,1,高价值核心用户
41211181,1,3,219.27,627,1,高价值核心用户
131303989,2,1,105.6,442,2,一般用户
76055683,1,0,0.0,251,1,高价值核心用户
76057733,1,1,96.79,18,1,高价值核心用户
120938470,12,1,10.0,49,3,一般用户
819791,4,3,279.69,17,3,一般用户
82326585,1,20,1443.7,260,1,高价值核心用户
77150532,1,1,57.56,1819,1,高价值核心用户
126025982,2,30,1114.42,509,2,一般用户
11790840,4,82,2959.57,504,3,一般用户
88076016,1,2,118.89,834,1,高价值核心用户
137213849,1,4,480.18,384,1,高价值核心用户
42681705,7,0,0.0,84,3,一般用户
47063673,4,9,653.82,198,3,一般用户
127779869,1,0,0.0,283,1,高价值核心用户
56186882,1,15,1399.39,447,1,高价值核心用户
12636431,1,11,496.86,337,1,高价值核心用户
13824734,1,3,150.06,737,1,高价值核心用户
12833799,1,127,4458.32,2782,5,一般用户
127025814,1,132,3166.97,863,5,一般用户
89083541,1,0,0.0,1412,1,高价值核心用户
61200152,1,3,385.25,251,1,高价值核心用户
25851938,1,1,120.79,40,1,高价值核心用户
28351817,3,0,0.0,261,2,一般用户
62364748,2,1,272.25,703,2,一般用户
3421308,14,0,0.0,1,3,一般用户
41487930,1,0,0.0,318,1,高价值核心用户
1533885,1,0,0.0,179,1,高价值核心用户
20517525,1,0,0.0,839,1,高价值核心用户
43294769,2,3,183.03,355,2,一般用户
13703604,7,2,139.34,118,3,一般用户
139641075,5,5,529.21,45,3,一般用户
77522552,1,36,2834.4,1317,5,一般用户
139725346,1,192,6331.31,1818,0,一般用户
63183196,3,1,47.87,48,2,一般用户
66686285,1,7,788.23,598,1,高价值核心用户
5250412,1,92,4423.34,919,5,一般用户
92454730,1,0,0.0,798,1,高价值核心用户
24105656,1,20,1042.19,473,1,高价值核心用户
78595880,1,140,7325.72,1064,0,一般用户
52660721,1,494,8116.35,3394,6,一般用户
95198382,1,15,1272.47,248,1,高价值核心用户
32681100,1,32,2414.55,483,5,一般用户
79807237,1,1,59.86,858,1,高价值核心用户
95725967,6,0,0.0,184,3,一般用户
33622339,1,8,586.54,176,1,高价值核心用户
79107813,1,50,2596.14,1181,5,一般用户
142048623,1,0,0.0,1137,1,高价值核心用户
83802493,1,97,4064.42,2920,5,一般用户
33700619,2,0,0.0,334,2,一般用户
133970038,1,8,689.57,46,1,高价值核心用户
39427521,2,129,4720.61,830,5,一般用户
134058935,1,12,793.58,431,1,高价值核心用户
92221962,1,0,0.0,142,1,高价值核心用户
100001878,1,0,0.0,1348,1,高价值核心用户
135916314,1,1,185.61,551,1,高价值核心用户
14512595,4,4,277.7,143,3,一般用户
40694580,3,0,0.0,29,2,一般用户
2010204,5,8,678.79,93,3,一般用户
4164359,4,1,408.22,709,3,一般用户
20463565,6,6,610.86,478,3,一般用户
8034995,2,0,0.0,185,2,一般用户
21400875,1,145,8757.21,885,0,一般用户
8397935,1,26,914.55,393,1,高价值核心用户
104849552,2,1,216.28,633,2,一般用户
20663978,1,16,1202.68,707,1,高价值核心用户
9465624,1,0,0.0,223,1,高价值核心用户
43953561,1,1,166.36,75,1,高价值核心用户
44048864,30,0,0.0,79,3,一般用户
25800692,1,1,177.73,230,1,高价值核心用户
48468739,1,1,192.69,597,1,高价值核心用户
5287432,14,0,0.0,57,3,一般用户
1074982,2,3,254.68,85,2,一般用户
5803579,3,0,0.0,28,2,一般用户
109944963,5,0,0.0,45,3,一般用户
58188922,1,2,257.16,848,1,高价值核心用户
90291184,2,0,0.0,129,2,一般用户
106281403,2,4,360.85,82,2,一般用户
30031297,1,3,117.13,308,1,高价值核心用户
27625049,1,128,5793.57,1444,0,一般用户
111459626,1,0,0.0,1036,1,高价值核心用户
116434661,1,0,0.0,50,1,高价值核心用户
126925524,1,3,227.25,733,1,高价值核心用户
84328573,1,0,0.0,224,1,高价值核心用户
35721757,1,21,787.0,856,1,高价值核心用户
85160711,1,0,0.0,365,1,高价值核心用户
50355045,4,1,299.44,96,3,一般用户
53027024,1,6,791.75,4437,1,高价值核心用户
91190765,1,19,1536.51,772,1,高价值核心用户
127521344,3,0,0.0,259,2,一般用户
62373202,1,2,94.04,912,1,高价值核心用户
40364641,1,18,1018.7,1772,1,高价值核心用户
130868549,6,0,0.0,50,3,一般用户
113395983,1,0,0.0,139,1,高价值核心用户
140759237,1,9,734.42,946,1,高价值核心用户
122301567,7,0,0.0,41,3,一般用户
125444720,2,0,0.0,90,2,一般用户
125455488,1,21,715.96,507,1,高价值核心用户
4120881,9,0,0.0,23,3,一般用户
43139118,1,32,1792.57,359,1,高价值核心用户
9163753,2,0,0.0,107,2,一般用户
142120051,1,36,3381.19,3714,5,一般用户
92698575,1,2,75.75,22,1,高价值核心用户
6452476,1,5,835.56,971,1,高价值核心用户
130701117,1,5,351.37,335,1,高价值核心用户
9723930,7,0,0.0,7,3,一般用户
432337,1,13,958.1,377,1,高价值核心用户
93967494,1,1,81.23,238,1,高价值核心用户
104321764,1,0,0.0,148,1,高价值核心用户
137764831,1,0,0.0,371,1,高价值核心用户
44503140,1,1,134.37,469,1,高价值核心用户
109698871,1,72,2892.78,498,5,一般用户
50905621,17,0,0.0,9,3,一般用户
52534043,1,0,0.0,1581,1,高价值核心用户
4499782,17,0,0.0,11,3,一般用户
45253676,1,3,334.75,457,1,高价值核心用户
1866742,1,4,434.31,836,1,高价值核心用户
111363768,2,0,0.0,481,2,一般用户
72767439,1,3,126.25,193,1,高价值核心用户
83699036,1,1,160.8,342,1,高价值核心用户
114598114,1,0,0.0,346,1,高价值核心用户
45285339,1,20,1289.32,313,1,高价值核心用户
92020710,1,5,337.13,325,1,高价值核心用户
4752206,1,7,1003.4,402,1,高价值核心用户
121306092,1,218,10722.73,3686,0,一般用户
2319819,1,3,276.49,1487,1,高价值核心用户
94096435,1,12,943.83,409,1,高价值核心用户
5460550,1,1,10.0,764,1,高价值核心用户
5616094,1,0,0.0,199,1,高价值核心用户
53051494,1,0,0.0,475,1,高价值核心用户
96408898,23,0,0.0,31,3,一般用户
96524948,1,3,152.52,505,1,高价值核心用户
59860644,2,24,1943.76,256,2,一般用户
59921221,1,0,0.0,661,1,高价值核心用户
64022179,4,2,62.47,256,3,一般用户
99430158,1,0,0.0,204,1,高价值核心用户
106300508,1,1,130.06,1413,1,高价值核心用户
56995817,7,2,124.64,99,3,一般用户
68165769,3,1,189.39,135,2,一般用户
6068352,1,0,0.0,173,1,高价值核心用户
68284108,1,0,0.0,189,1,高价值核心用户
69579136,1,0,0.0,2304,1,高价值核心用户
62994612,2,1,119.49,392,2,一般用户
26123580,1,59,2496.32,837,5,一般用户
69172388,1,1,76.4,313,1,高价值核心用户
69439796,8,0,0.0,599,3,一般用户
67892536,2,0,0.0,495,2,一般用户
142126535,3,0,0.0,432,2,一般用户
26869643,1,0,0.0,260,1,高价值核心用户
15303697,1,0,0.0,111,1,高价值核心用户
71251121,1,161,3787.4,3316,5,一般用户
115557934,1,119,5845.64,1270,0,一般用户
75350465,1,14,965.96,337,1,高价值核心用户
16407305,4,1,134.76,113,3,一般用户
28129419,4,0,0.0,229,3,一般用户
16740912,2,6,348.14,488,2,一般用户
87594845,1,9,717.46,1247,1,高价值核心用户
28972250,1,1,119.36,479,1,高价值核心用户
123874325,5,0,0.0,97,3,一般用户
140546553,5,92,4719.18,520,5,一般用户
75332266,11,0,0.0,83,3,一般用户
83546635,1,6,504.18,1919,1,高价值核心用户
29091169,1,0,0.0,116,1,高价值核心用户
20097010,1,27,1853.4,225,1,高价值核心用户
35639435,17,0,0.0,158,3,一般用户
22981352,1,4,189.5,610,1,高价值核心用户
42137404,1,0,0.0,67,1,高价值核心用户
140679789,3,0,0.0,19,2,一般用户
141226151,1,2,120.78,628,1,高价值核心用户
42694858,1,4,181.39,475,1,高价值核心用户
96317471,2,3,383.7,1170,2,一般用户
117044710,1,4,285.79,501,1,高价值核心用户
34426955,1,5,543.01,129,1,高价值核心用户
15327099,19,0,0.0,69,3,一般用户
41907729,1,22,1090.44,599,1,高价值核心用户
59654133,1,2,370.59,234,1,高价值核心用户
17175521,1,0,0.0,200,1,高价值核心用户
119645898,1,207,6434.4,947,0,一般用户
18072808,2,2,295.81,188,2,一般用户
60330578,12,17,880.54,635,3,一般用户
43865641,1,21,1230.95,524,1,高价值核心用户
18757834,1,34,909.16,617,1,高价值核心用户
89353720,1,0,0.0,59,1,高价值核心用户
90144052,2,3,130.06,98,2,一般用户
93809784,1,9,408.58,246,1,高价值核心用户
98390011,1,1,116.71,188,1,高价值核心用户
122021278,2,19,482.63,135,2,一般用户
98392652,1,187,5915.01,1076,0,一般用户
47735893,1,0,0.0,426,1,高价值核心用户
122150914,1,222,5173.24,2933,0,一般用户
19373594,1,10,823.02,481,1,高价值核心用户
74875775,1,0,0.0,297,1,高价值核心用户
63394949,1,0,0.0,370,1,高价值核心用户
53788912,1,1,47.67,1689,1,高价值核心用户
78480196,1,2,316.31,1028,1,高价值核心用户
28638001,1,29,1448.51,1638,1,高价值核心用户
68711920,1,3,128.93,97,1,高价值核心用户
90823156,1,0,0.0,191,1,高价值核心用户
97595922,1,14,1471.59,392,1,高价值核心用户
112771759,1,1,63.56,198,1,高价值核心用户
97479577,1,7,366.29,293,1,高价值核心用户
100086267,1,5,631.97,1359,1,高价值核心用户
113230398,1,1,191.43,705,1,高价值核心用户
95706559,1,0,0.0,42,1,高价值核心用户
106747333,1,0,0.0,211,1,高价值核心用户
110297620,2,8,1006.58,309,2,一般用户
78860938,1,2,211.35,708,1,高价值核心用户
112542930,5,1,134.37,71,3,一般用户
113551763,5,0,0.0,112,3,一般用户
113888901,4,0,0.0,23,3,一般用户
120717576,4,0,0.0,56,3,一般用户
121939330,1,2,175.5,1179,1,高价值核心用户
116288141,1,16,592.86,410,1,高价值核心用户
82271547,1,27,2050.82,264,5,一般用户
56205838,3,105,4987.3,530,5,一般用户
83988501,1,36,2563.32,467,5,一般用户
107102683,1,1,159.78,182,1,高价值核心用户
11758356,1,40,2891.22,1845,5,一般用户
107130996,1,0,0.0,95,1,高价值核心用户
62043708,1,2,227.9,604,1,高价值核心用户
109820331,1,1,126.15,128,1,高价值核心用户
287170,2,0,0.0,42,2,一般用户
39939822,1,0,0.0,271,1,高价值核心用户
110948075,1,30,1520.36,1787,1,高价值核心用户
124832591,1,27,1402.42,322,1,高价值核心用户
5315279,1,123,3830.87,6201,5,一般用户
67312926,1,4,130.06,396,1,高价值核心用户
122871697,5,0,0.0,77,3,一般用户
126970629,1,0,0.0,38,1,高价值核心用户
134424507,1,1,10.0,1385,1,高价值核心用户
97173907,5,0,0.0,167,3,一般用户
101016413,1,0,0.0,46,1,高价值核心用户
123082064,1,0,0.0,70,1,高价值核心用户
103664180,2,0,0.0,265,2,一般用户
129814737,2,0,0.0,208,2,一般用户
107416583,1,0,0.0,602,1,高价值核心用户
69447934,1,1,142.38,402,1,高价值核心用户
130540064,1,273,7963.33,3476,0,一般用户
109639486,1,3,322.65,563,1,高价值核心用户
69663083,1,0,0.0,41,1,高价值核心用户
72651215,1,43,2770.85,1485,5,一般用户
134437265,2,0,0.0,995,2,一般用户
12093186,2,0,0.0,17,2,一般用户
122472982,1,0,0.0,198,1,高价值核心用户
116481997,1,47,3148.74,1297,5,一般用户
139493879,1,30,1639.14,775,1,高价值核心用户
109856189,1,26,1315.06,412,1,高价值核心用户
114413180,1,62,3497.39,471,5,一般用户
17908580,1,62,2632.2,1506,5,一般用户
14759968,1,183,6705.03,1434,0,一般用户
116936810,1,70,3759.63,1074,5,一般用户
11650719,1,19,1103.25,679,1,高价值核心用户
75070176,1,0,0.0,1585,1,高价值核心用户
116760272,1,0,0.0,21,1,高价值核心用户
118770004,1,82,4895.79,588,5,一般用户
18452620,2,1,64.28,147,2,一般用户
119389169,1,2,122.26,343,1,高价值核心用户
1498131,5,2,136.15,47,3,一般用户
189833,1,248,11478.33,1696,0,一般用户
19414367,2,1,202.21,468,2,一般用户
119865308,1,6,657.13,207,1,高价值核心用户
122566052,5,1,10.0,36,3,一般用户
129344577,6,0,0.0,27,3,一般用户
132718416,1,28,1060.83,331,1,高价值核心用户
130897289,1,4,341.65,925,1,高价值核心用户
139401388,2,0,0.0,15,2,一般用户
21743048,1,507,15169.67,3921,6,一般用户
19723169,1,17,1401.81,377,1,高价值核心用户
76202623,5,6,783.27,63,3,一般用户
138713271,1,10,860.49,126,1,高价值核心用户
76896505,1,55,1456.8,353,1,高价值核心用户
139275985,25,1,134.37,113,3,一般用户
141116266,1,9,686.05,317,1,高价值核心用户
23236747,3,0,0.0,47,2,一般用户
34830417,4,8,604.51,470,3,一般用户
80052488,1,10,1153.17,981,1,高价值核心用户
132991979,8,0,0.0,175,3,一般用户
14866979,3,16,1953.82,302,2,一般用户
16908520,1,0,0.0,477,1,高价值核心用户
16920338,2,6,301.3,150,2,一般用户
38580934,1,2,81.99,762,1,高价值核心用户
18218608,4,1,42.85,50,3,一般用户
22607012,3,0,0.0,205,2,一般用户
20315845,2,0,0.0,117,2,一般用户
21346761,6,2,281.24,46,3,一般用户
23516965,1,0,0.0,351,1,高价值核心用户
25368702,4,12,360.45,221,3,一般用户
21365758,1,7,394.02,542,1,高价值核心用户
82299002,1,3,132.32,429,1,高价值核心用户
30683859,4,4,339.79,215,3,一般用户
41261027,6,19,678.58,239,3,一般用户
33896091,2,0,0.0,124,2,一般用户
42407685,6,0,0.0,177,3,一般用户
44041747,1,100,2794.54,406,5,一般用户
4917287,1,0,0.0,69,1,高价值核心用户
21605110,1,1,20.91,962,1,高价值核心用户
56201536,3,0,0.0,83,2,一般用户
5865371,1,13,1848.29,341,1,高价值核心用户
86103367,7,0,0.0,51,3,一般用户
60625397,1,169,6249.65,2663,0,一般用户
42819104,2,0,0.0,75,2,一般用户
8702919,1,212,6183.13,1553,0,一般用户
43245800,1,0,0.0,292,1,高价值核心用户
59831058,1,5,565.7,1392,1,高价值核心用户
483640,1,3,57.2,226,1,高价值核心用户
45544099,2,4,346.24,291,2,一般用户
59419662,1,0,0.0,184,1,高价值核心用户
46591450,11,1,10.0,128,3,一般用户
60753044,1,98,4822.09,870,5,一般用户
47439748,1,0,0.0,527,1,高价值核心用户
24573553,2,41,1745.54,471,2,一般用户
49461201,16,0,0.0,114,3,一般用户
23803693,1,0,0.0,72,1,高价值核心用户
49943190,1,0,0.0,615,1,高价值核心用户
30727820,1,5,420.74,252,1,高价值核心用户
62124329,4,26,1443.47,333,3,一般用户
27914256,12,0,0.0,22,3,一般用户
3378138,1,2,205.73,511,1,高价值核心用户
31815166,7,0,0.0,10,3,一般用户
37554907,1,98,4832.67,2322,5,一般用户
99856680,1,87,6045.62,413,5,一般用户
107301929,1,53,2119.27,507,5,一般用户
62603444,1,4,332.82,1095,1,高价值核心用户
65087297,1,139,5117.35,1839,0,一般用户
50698254,2,0,0.0,159,2,一般用户
39912392,2,0,0.0,24,2,一般用户
47333914,1,3,208.06,386,1,高价值核心用户
110128323,1,19,1129.46,208,1,高价值核心用户
50782707,2,2,227.2,71,2,一般用户
53711406,1,4,636.15,225,1,高价值核心用户
111616816,3,20,1219.21,104,2,一般用户
60964944,1,7,390.9,752,1,高价值核心用户
54669909,1,1,16.81,668,1,高价值核心用户
112539954,1,2,197.52,368,1,高价值核心用户
112907277,5,3,167.57,78,3,一般用户
11738621,13,41,1703.03,365,3,一般用户
65300962,1,3,230.62,572,1,高价值核心用户
64699430,2,23,1890.72,1514,2,一般用户
61409141,1,0,0.0,149,1,高价值核心用户
117643320,1,7,859.3,686,1,高价值核心用户
55265236,1,26,957.06,1232,1,高价值核心用户
64947869,5,0,0.0,622,3,一般用户
66367361,2,0,0.0,104,2,一般用户
118051332,1,6,439.21,210,1,高价值核心用户
68801930,2,0,0.0,94,2,一般用户
67309595,1,0,0.0,43,1,高价值核心用户
69877349,2,4,569.88,123,2,一般用户
69334364,9,0,0.0,237,3,一般用户
118781454,1,0,0.0,538,1,高价值核心用户
71702944,1,40,2450.03,1506,5,一般用户
39763083,1,29,1485.64,538,1,高价值核心用户
66412678,1,25,1702.22,1521,1,高价值核心用户
69731330,2,0,0.0,243,2,一般用户
70515959,2,1,127.08,104,2,一般用户
40211203,1,247,4470.01,2033,0,一般用户
121756245,1,71,3314.68,833,5,一般用户
7470488,1,9,809.68,438,1,高价值核心用户
62334433,7,2,199.46,115,3,一般用户
65143114,1,182,7293.86,2323,0,一般用户
65822835,7,4,316.33,172,3,一般用户
66816658,2,0,0.0,78,2,一般用户
8446375,6,1,74.29,55,3,一般用户
69953834,1,25,1506.87,1599,1,高价值核心用户
86062140,5,0,0.0,114,3,一般用户
90134900,1,1,179.84,535,1,高价值核心用户
75287920,1,1,98.92,962,1,高价值核心用户
126758793,1,0,0.0,141,1,高价值核心用户
128213972,1,123,3992.89,1005,5,一般用户
90194475,1,10,523.25,1713,1,高价值核心用户
67940169,1,1,195.6,152,1,高价值核心用户
68673764,4,10,744.83,134,3,一般用户
76939979,2,12,650.78,101,2,一般用户
83158116,3,14,571.76,1347,2,一般用户
76758868,1,0,0.0,37,1,高价值核心用户
4140926,2,34,1187.16,371,2,一般用户
77055357,1,374,10959.59,1586,6,一般用户
129922025,1,150,3004.07,1324,5,一般用户
72391765,1,59,2829.86,691,5,一般用户
41897121,3,0,0.0,8,2,一般用户
42526349,1,1,177.07,522,1,高价值核心用户
68271052,5,44,1343.47,228,3,一般用户
9138659,1,26,1433.22,865,1,高价值核心用户
73462715,1,103,3432.27,2188,5,一般用户
68342657,3,0,0.0,720,2,一般用户
42993694,5,3,317.91,109,3,一般用户
45317186,3,0,0.0,114,2,一般用户
5875750,1,0,0.0,802,1,高价值核心用户
97855966,1,84,3154.93,1680,5,一般用户
133157830,5,3,291.06,361,3,一般用户
819192,1,0,0.0,67,1,高价值核心用户
84281661,7,6,314.45,24,3,一般用户
88666055,1,27,1589.08,662,1,高价值核心用户
68485777,1,0,0.0,92,1,高价值核心用户
88930,1,30,997.95,581,1,高价值核心用户
101310254,1,0,0.0,195,1,高价值核心用户
14137229,3,18,1782.28,679,2,一般用户
80960440,1,2,20.0,206,1,高价值核心用户
83781429,2,1,10.0,261,2,一般用户
107680357,1,2,130.06,361,1,高价值核心用户
61457956,1,196,7303.72,2745,0,一般用户
89183161,1,55,2165.48,721,5,一般用户
93509038,1,34,1927.87,246,5,一般用户
108260948,1,1,120.79,654,1,高价值核心用户
142073213,1,1,139.74,361,1,高价值核心用户
98260769,16,0,0.0,37,3,一般用户
15089689,1,9,737.37,696,1,高价值核心用户
92658315,1,5,72.44,251,1,高价值核心用户
98980048,1,30,1681.26,309,1,高价值核心用户
9215982,1,20,1420.47,213,1,高价值核心用户
101734993,1,1,88.94,1312,1,高价值核心用户
104775475,1,11,628.92,1083,1,高价值核心用户
10990641,1,3,189.92,403,1,高价值核心用户
9480832,8,0,0.0,14,3,一般用户
96332918,1,0,0.0,44,1,高价值核心用户
20174399,1,22,2743.63,557,5,一般用户
110603493,1,0,0.0,438,1,高价值核心用户
98669047,1,7,787.65,364,1,高价值核心用户
111035741,2,6,1058.08,150,2,一般用户
113056510,1,13,495.73,598,1,高价值核心用户
85271128,2,13,575.71,784,2,一般用户
111322415,1,14,665.48,180,1,高价值核心用户
32621604,2,1,11.99,104,2,一般用户
112142417,1,246,8256.45,3208,0,一般用户
34064404,2,4,342.82,64,2,一般用户
37766845,1,0,0.0,392,1,高价值核心用户
12025952,5,0,0.0,132,3,一般用户
10184170,1,0,0.0,411,1,高价值核心用户
105425480,2,89,2275.67,668,5,一般用户
120622810,1,0,0.0,1134,1,高价值核心用户
38011304,2,0,0.0,210,2,一般用户
85354272,5,0,0.0,19,3,一般用户
85532545,1,58,2922.89,862,5,一般用户
104997704,1,0,0.0,68,1,高价值核心用户
39441936,4,1,29.51,32,3,一般用户
39775594,1,0,0.0,45,1,高价值核心用户
6346697,1,1,90.75,238,1,高价值核心用户
107583783,1,4,238.55,981,1,高价值核心用户
39883816,29,0,0.0,38,3,一般用户
40226923,1,7,979.69,1544,1,高价值核心用户
107830601,7,0,0.0,100,3,一般用户
109084676,1,41,1078.71,1124,1,高价值核心用户
66315804,6,1,10.0,65,3,一般用户
67128572,1,1,119.36,562,1,高价值核心用户
120841661,2,0,0.0,102,2,一般用户
120942715,1,33,2273.29,758,5,一般用户
85578027,1,173,5923.23,940,0,一般用户
72659380,6,0,0.0,43,3,一般用户
82483139,1,1,101.47,301,1,高价值核心用户
40781736,1,73,4425.77,914,5,一般用户
109823995,1,11,483.6,661,1,高价值核心用户
122694692,4,32,1792.06,326,3,一般用户
85120673,1,150,4593.93,1895,5,一般用户
110374516,1,266,10121.94,1893,0,一般用户
125316855,1,1,88.94,1408,1,高价值核心用户
88884665,1,1,132.56,298,1,高价值核心用户
110976685,1,12,463.48,3081,1,高价值核心用户
44324837,1,2,160.83,1017,1,高价值核心用户
92318081,1,23,1042.57,393,1,高价值核心用户
93127487,1,0,0.0,107,1,高价值核心用户
93897008,1,38,1622.09,851,1,高价值核心用户
116896377,5,6,204.85,274,3,一般用户
126317702,1,0,0.0,765,1,高价值核心用户
87684947,1,0,0.0,447,1,高价值核心用户
11726782,1,0,0.0,201,1,高价值核心用户
121240369,5,15,1563.43,483,3,一般用户
115159934,1,64,2094.29,1399,5,一般用户
45079225,2,6,387.76,327,2,一般用户
9219164,1,4,479.55,1778,1,高价值核心用户
94380011,1,0,0.0,295,1,高价值核心用户
46112521,1,4,272.25,390,1,高价值核心用户
127825359,1,2,119.19,725,1,高价值核心用户
126943639,1,0,0.0,453,1,高价值核心用户
95339766,2,90,3073.16,465,5,一般用户
50703618,1,1,10.0,445,1,高价值核心用户
114052885,3,1,204.14,335,2,一般用户
97232555,1,40,1681.85,216,1,高价值核心用户
131666031,2,0,0.0,135,2,一般用户
128500027,1,50,2451.42,1310,5,一般用户
53688011,1,1,106.85,360,1,高价值核心用户
135667654,11,2,329.28,87,3,一般用户
135845099,2,0,0.0,853,2,一般用户
114779189,2,31,1555.01,427,2,一般用户
57949136,1,6,417.12,2033,1,高价值核心用户
123464110,1,11,582.55,101,1,高价值核心用户
93133160,1,0,0.0,50,1,高价值核心用户
103275202,4,129,3721.04,626,5,一般用户
125617065,10,0,0.0,258,3,一般用户
135756066,1,31,2129.45,1547,5,一般用户
127973228,2,24,956.77,385,2,一般用户
108810522,1,1,10.0,553,1,高价值核心用户
92395241,1,6,730.48,62,1,高价值核心用户
137545874,2,8,541.98,133,2,一般用户
12986660,1,0,0.0,13,1,高价值核心用户
134010761,1,212,8102.28,2189,0,一般用户
128900202,1,0,0.0,54,1,高价值核心用户
132521601,1,0,0.0,111,1,高价值核心用户
20632602,1,41,1512.69,577,1,高价值核心用户
15243855,1,4,60.01,455,1,高价值核心用户
119841558,1,1,104.39,95,1,高价值核心用户
98756772,1,6,694.03,273,1,高价值核心用户
104816721,5,8,323.86,384,3,一般用户
120169983,9,0,0.0,23,3,一般用户
122266056,1,23,2415.58,889,5,一般用户
24314619,1,16,640.59,450,1,高价值核心用户
109938282,1,0,0.0,607,1,高价值核心用户
17719840,1,0,0.0,251,1,高价值核心用户
135861598,1,0,0.0,604,1,高价值核心用户
23130998,1,56,2767.23,472,5,一般用户
59114937,1,4,336.97,393,1,高价值核心用户
24336759,1,7,278.19,220,1,高价值核心用户
123062624,1,5,355.82,1070,1,高价值核心用户
31503308,1,2,191.31,1180,1,高价值核心用户
27171940,16,10,909.23,46,3,一般用户
32792857,1,0,0.0,239,1,高价值核心用户
61596634,1,24,1576.96,2376,1,高价值核心用户
110229753,1,0,0.0,1065,1,高价值核心用户
46610519,1,29,2024.68,601,5,一般用户
14804631,1,2,27.18,675,1,高价值核心用户
13538176,1,0,0.0,493,1,高价值核心用户
46877762,1,0,0.0,151,1,高价值核心用户
138323461,1,0,0.0,799,1,高价值核心用户
22884828,16,5,165.45,205,3,一般用户
119278510,1,208,8573.62,795,0,一般用户
52110227,1,5,241.77,962,1,高价值核心用户
23419403,1,27,1129.68,661,1,高价值核心用户
124291848,1,246,7425.38,3741,0,一般用户
32874098,1,3,425.33,838,1,高价值核心用户
126721630,2,0,0.0,448,2,一般用户
65116781,4,1,123.69,552,3,一般用户
15610247,1,0,0.0,645,1,高价值核心用户
30074000,13,0,0.0,22,3,一般用户
31883407,2,1,10.0,285,2,一般用户
131997583,1,2,197.73,219,1,高价值核心用户
39980859,1,78,4709.03,387,5,一般用户
32919395,1,42,1247.66,307,1,高价值核心用户
135377046,1,0,0.0,522,1,高价值核心用户
6371563,5,10,1074.05,297,3,一般用户
6931133,2,0,0.0,126,2,一般用户
41265943,1,0,0.0,176,1,高价值核心用户
43186720,1,47,446.73,719,1,高价值核心用户
73136910,1,44,2802.76,991,5,一般用户
15664477,27,0,0.0,9,3,一般用户
16601288,2,0,0.0,453,2,一般用户
42743566,1,477,18474.46,1608,6,一般用户
65667723,1,1,137.89,784,1,高价值核心用户
136952642,2,42,1127.68,341,2,一般用户
18017690,1,3,90.67,269,1,高价值核心用户
46840769,6,1,152.19,58,3,一般用户
56199602,1,40,786.82,412,1,高价值核心用户
156608,2,46,2266.15,309,2,一般用户
27842036,1,0,0.0,196,1,高价值核心用户
17655263,1,9,994.68,563,1,高价值核心用户
67797025,1,64,2726.1,282,5,一般用户
3714513,1,29,2206.52,489,5,一般用户
76073975,1,71,2451.67,1006,5,一般用户
57861697,3,14,774.47,160,2,一般用户
69246472,1,0,0.0,429,1,高价值核心用户
58479383,8,1,90.75,383,3,一般用户
44683766,1,13,524.53,475,1,高价值核心用户
37545822,3,0,0.0,425,2,一般用户
2073744,2,2,153.05,136,2,一般用户
22734359,1,12,806.42,238,1,高价值核心用户
60702257,5,0,0.0,16,3,一般用户
67386849,2,0,0.0,32,2,一般用户
70542990,2,0,0.0,15,2,一般用户
69050200,1,2,81.5,407,1,高价值核心用户
73626973,1,19,962.27,308,1,高价值核心用户
44711100,1,0,0.0,688,1,高价值核心用户
23591419,11,0,0.0,14,3,一般用户
25183118,1,4,387.27,597,1,高价值核心用户
754205,1,0,0.0,680,1,高价值核心用户
41107544,1,1,177.07,360,1,高价值核心用户
69144178,1,113,4304.01,1560,5,一般用户
87026738,1,1,94.99,718,1,高价值核心用户
4164164,1,18,729.16,177,1,高价值核心用户
46247152,2,72,3930.62,778,5,一般用户
25252443,1,1,192.69,212,1,高价值核心用户
126884557,1,10,581.47,102,1,高价值核心用户
77339861,1,47,3933.22,4569,5,一般用户
42049679,1,23,404.78,602,1,高价值核心用户
128197330,3,0,0.0,200,2,一般用户
25613360,1,0,0.0,492,1,高价值核心用户
128997569,6,2,165.02,543,3,一般用户
44109897,4,9,550.76,450,3,一般用户
49002030,1,0,0.0,199,1,高价值核心用户
26430580,1,0,0.0,622,1,高价值核心用户
95088933,1,1,130.06,1459,1,高价值核心用户
50347397,7,1,115.85,10,3,一般用户
50777514,1,18,1443.33,323,1,高价值核心用户
129303952,1,0,0.0,287,1,高价值核心用户
47874120,1,4,304.73,2355,1,高价值核心用户
54276328,2,2,152.31,336,2,一般用户
130894601,1,3,368.94,505,1,高价值核心用户
28844915,2,2,20.0,139,2,一般用户
75976369,2,0,0.0,213,2,一般用户
69678635,1,50,2421.21,412,5,一般用户
38949342,1,0,0.0,129,1,高价值核心用户
86985041,1,4,227.79,66,1,高价值核心用户
4077888,1,26,1022.46,429,1,高价值核心用户
138976435,1,1,56.45,130,1,高价值核心用户
80345747,1,1,10.0,378,1,高价值核心用户
139892587,3,8,380.56,61,2,一般用户
142412247,2,0,0.0,191,2,一般用户
99346682,1,48,3922.47,2986,5,一般用户
100817523,1,34,1250.6,656,1,高价值核心用户
16141923,1,0,0.0,608,1,高价值核心用户
43234037,5,21,811.42,203,3,一般用户
85506238,2,12,896.33,180,2,一般用户
46611643,3,7,439.29,207,2,一般用户
47043568,4,1,165.0,138,3,一般用户
98567826,4,0,0.0,129,3,一般用户
49935957,18,0,0.0,33,3,一般用户
52820979,1,0,0.0,72,1,高价值核心用户
19320995,1,2,89.44,91,1,高价值核心用户
110434555,7,1,180.28,44,3,一般用户
59766636,7,0,0.0,101,3,一般用户
116114060,5,12,936.06,1683,3,一般用户
20683555,2,1,130.06,204,2,一般用户
61628772,1,4,179.9,670,1,高价值核心用户
96571906,1,0,0.0,381,1,高价值核心用户
103750164,1,0,0.0,460,1,高价值核心用户
25371517,1,5,484.37,1350,1,高价值核心用户
58784511,1,2,20.0,170,1,高价值核心用户
60014035,1,1,74.29,32,1,高价值核心用户
60559051,1,55,2401.04,569,5,一般用户
6516360,1,2,261.19,337,1,高价值核心用户
106786729,1,0,0.0,144,1,高价值核心用户
107351947,1,26,1422.33,1154,1,高价值核心用户
65504626,1,47,2936.46,1315,5,一般用户
65544144,1,8,550.52,413,1,高价值核心用户
35527078,3,0,0.0,69,2,一般用户
50157359,10,2,285.47,28,3,一般用户
55192254,4,87,3492.47,2104,3,一般用户
7254306,1,0,0.0,407,1,高价值核心用户
118108228,3,19,1343.33,384,2,一般用户
11533001,1,9,406.43,237,1,高价值核心用户
7774023,1,11,932.16,1897,1,高价值核心用户
7365270,1,11,1258.52,165,1,高价值核心用户
118460273,1,0,0.0,109,1,高价值核心用户
117287549,1,392,11568.03,1173,6,一般用户
7606334,2,0,0.0,122,2,一般用户
120457819,1,39,2277.84,2124,5,一般用户
77044248,4,2,53.93,132,3,一般用户
77801990,1,15,963.17,253,1,高价值核心用户
72875200,2,6,423.41,256,2,一般用户
79824,1,0,0.0,284,1,高价值核心用户
7366396,1,4,346.8,688,1,高价值核心用户
120443445,1,0,0.0,887,1,高价值核心用户
80263315,1,3,187.95,809,1,高价值核心用户
88470992,1,0,0.0,799,1,高价值核心用户
76879190,1,36,1891.42,1230,5,一般用户
57160373,6,0,0.0,233,3,一般用户
82449509,3,0,0.0,159,2,一般用户
12051954,1,45,3144.83,906,5,一般用户
63174613,1,0,0.0,411,1,高价值核心用户
88623283,1,12,644.15,370,1,高价值核心用户
93207382,1,0,0.0,603,1,高价值核心用户
121036377,1,0,0.0,484,1,高价值核心用户
88967877,2,0,0.0,468,2,一般用户
64473744,1,0,0.0,65,1,高价值核心用户
66306934,1,14,1103.82,378,1,高价值核心用户
124561281,1,256,7961.58,2412,0,一般用户
78127630,1,2,125.57,27,1,高价值核心用户
90233877,1,119,5016.29,1250,5,一般用户
122036580,3,1,82.32,478,2,一般用户
7853740,1,1,133.32,935,1,高价值核心用户
95348615,1,56,2226.69,939,5,一般用户
67030902,14,0,0.0,22,3,一般用户
67594087,1,0,0.0,166,1,高价值核心用户
8009008,2,2,408.69,410,2,一般用户
123562843,1,1,52.05,98,1,高价值核心用户
124142179,1,9,893.71,491,1,高价值核心用户
85081309,1,40,1571.77,1664,1,高价值核心用户
81613966,1,2,234.93,487,1,高价值核心用户
96900675,12,0,0.0,68,3,一般用户
98720463,2,0,0.0,224,2,一般用户
90689083,1,119,4408.6,1034,5,一般用户
124230409,1,0,0.0,75,1,高价值核心用户
124912719,23,4,240.89,11,3,一般用户
126399162,1,813,12792.31,2338,6,一般用户
99735273,9,0,0.0,132,3,一般用户
8350359,1,64,3360.12,1500,5,一般用户
96384170,1,0,0.0,189,1,高价值核心用户
113469489,5,0,0.0,82,3,一般用户
116852827,1,25,1591.04,485,1,高价值核心用户
125253109,1,17,1360.59,1440,1,高价值核心用户
9180621,1,0,0.0,658,1,高价值核心用户
86785531,2,102,3576.34,1598,5,一般用户
117112100,3,0,0.0,8,2,一般用户
121979409,1,13,307.51,416,1,高价值核心用户
99272840,2,4,492.3,916,2,一般用户
104804964,2,0,0.0,160,2,一般用户
8382449,1,35,1127.12,1217,1,高价值核心用户
123228922,1,0,0.0,17,1,高价值核心用户
124261357,1,4,544.1,1171,1,高价值核心用户
110007607,1,187,5358.31,1532,0,一般用户
128039265,1,44,2930.29,435,5,一般用户
127097520,1,0,0.0,450,1,高价值核心用户
129843235,1,33,780.18,106,1,高价值核心用户
91729153,11,1,10.0,741,3,一般用户
12998932,1,3,605.13,483,1,高价值核心用户
130461388,2,0,0.0,18,2,一般用户
85188992,1,52,2480.2,1057,5,一般用户
13254648,1,95,4785.48,510,5,一般用户
124409414,1,11,1220.85,1583,1,高价值核心用户
133125036,1,9,508.26,493,1,高价值核心用户
112417191,3,1,187.12,87,2,一般用户
135927109,2,0,0.0,162,2,一般用户
92156910,1,0,0.0,415,1,高价值核心用户
117419378,1,0,0.0,742,1,高价值核心用户
15386874,1,4,246.94,862,1,高价值核心用户
137089292,13,0,0.0,27,3,一般用户
140627651,5,5,208.56,491,3,一般用户
99199943,1,66,2515.28,457,5,一般用户
101534361,7,47,1649.42,298,3,一般用户
16043768,2,4,368.3,223,2,一般用户
101857968,1,19,390.99,378,1,高价值核心用户
89819548,5,0,0.0,69,3,一般用户
21397909,2,29,1168.51,347,2,一般用户
119836118,1,0,0.0,39,1,高价值核心用户
90180023,1,72,3422.52,529,5,一般用户
120594014,2,79,2890.82,1322,5,一般用户
19581999,1,1,76.59,557,1,高价值核心用户
31663890,1,68,3469.19,2025,5,一般用户
128104640,1,1,113.97,184,1,高价值核心用户
103592049,1,0,0.0,260,1,高价值核心用户
129558614,1,172,9901.73,1382,0,一般用户
90798792,5,1,107.77,97,3,一般用户
91950158,2,1,113.71,54,2,一般用户
105836892,2,11,541.91,449,2,一般用户
92651729,1,2,140.9,227,1,高价值核心用户
20553214,1,0,0.0,433,1,高价值核心用户
9556056,4,0,0.0,432,3,一般用户
107391538,2,0,0.0,221,2,一般用户
109155337,1,238,8328.51,2016,0,一般用户
125889163,20,0,0.0,115,3,一般用户
21355438,6,2,164.58,703,3,一般用户
128576282,2,1,22.27,903,2,一般用户
98810118,1,0,0.0,235,1,高价值核心用户
102243707,1,0,0.0,60,1,高价值核心用户
102767670,1,0,0.0,21,1,高价值核心用户
106627467,2,2,247.14,460,2,一般用户
129903163,1,25,822.48,2281,1,高价值核心用户
109522308,1,9,638.52,242,1,高价值核心用户
23591123,4,121,6080.27,1918,0,一般用户
110074552,2,0,0.0,82,2,一般用户
119681430,1,415,14947.66,3227,6,一般用户
13099562,1,2,261.75,776,1,高价值核心用户
37208119,1,3,378.17,1077,1,高价值核心用户
135414688,3,0,0.0,132,2,一般用户
113025576,3,1,116.71,18,2,一般用户
113484173,2,1,115.6,291,2,一般用户
138505346,1,0,0.0,1737,1,高价值核心用户
28277274,2,1,95.98,384,2,一般用户
118056913,1,135,4375.71,1973,5,一般用户
38727575,2,1,10.0,178,2,一般用户
29669124,1,52,2878.38,1861,5,一般用户
130882473,7,0,0.0,4,3,一般用户
43150394,1,7,576.35,1466,1,高价值核心用户
37305183,1,10,550.26,794,1,高价值核心用户
40167124,1,1,10.0,551,1,高价值核心用户
25874658,3,1,10.0,37,2,一般用户
28389417,1,13,1310.01,616,1,高价值核心用户
123226008,1,34,3987.03,562,5,一般用户
30314033,1,2,217.2,313,1,高价值核心用户
45921788,1,1,98.52,838,1,高价值核心用户
122447104,2,4,366.21,475,2,一般用户
45754541,1,0,0.0,277,1,高价值核心用户
33739321,2,0,0.0,1144,2,一般用户
133003311,1,65,4522.92,791,5,一般用户
32812781,1,0,0.0,74,1,高价值核心用户
47792171,1,0,0.0,80,1,高价值核心用户
34305614,1,93,3567.8,3619,5,一般用户
49608592,2,3,109.35,222,2,一般用户
124073716,1,2,113.71,31,1,高价值核心用户
127071641,1,35,2575.99,550,5,一般用户
56653402,1,9,931.78,2356,1,高价值核心用户
69798791,1,13,606.87,162,1,高价值核心用户
72241985,1,0,0.0,86,1,高价值核心用户
34475118,1,12,667.62,362,1,高价值核心用户
81550710,2,13,689.43,475,2,一般用户
128967101,1,0,0.0,221,1,高价值核心用户
134636593,1,1,94.04,1140,1,高价值核心用户
130529975,1,8,1146.29,941,1,高价值核心用户
84307337,1,3,228.36,1600,1,高价值核心用户
36250912,4,43,2412.96,183,3,一般用户
37402030,1,84,5105.65,858,5,一般用户
134977820,2,0,0.0,51,2,一般用户
133314380,23,2,78.45,59,3,一般用户
46349725,1,0,0.0,192,1,高价值核心用户
136470861,1,0,0.0,580,1,高价值核心用户
133912341,1,0,0.0,52,1,高价值核心用户
136018515,2,0,0.0,432,2,一般用户
51085123,1,11,728.56,250,1,高价值核心用户
51311734,1,6,641.01,460,1,高价值核心用户
39631533,4,0,0.0,111,3,一般用户
136197283,1,0,0.0,112,1,高价值核心用户
142455899,5,44,2167.97,602,3,一般用户
136616127,1,135,3290.46,2708,5,一般用户
45051306,8,0,0.0,314,3,一般用户
9149930,1,56,2305.35,676,5,一般用户
59564210,1,0,0.0,1387,1,高价值核心用户
6064746,1,26,1510.86,438,1,高价值核心用户
47068102,7,0,0.0,14,3,一般用户
48962129,2,0,0.0,68,2,一般用户
49566088,1,0,0.0,131,1,高价值核心用户
51932351,1,1,144.32,256,1,高价值核心用户
17390678,3,0,0.0,69,2,一般用户
33649704,1,13,573.9,406,1,高价值核心用户
68709423,1,1,60.25,315,1,高价值核心用户
56373208,1,1,47.79,277,1,高价值核心用户
75844368,1,2,146.19,173,1,高价值核心用户
93745270,1,0,0.0,457,1,高价值核心用户
10970833,3,0,0.0,33,2,一般用户
116601793,1,0,0.0,360,1,高价值核心用户
61627054,1,78,1820.88,1808,5,一般用户
35095494,2,101,3324.46,1134,5,一般用户
76626935,1,0,0.0,68,1,高价值核心用户
82389748,1,0,0.0,734,1,高价值核心用户
117785317,1,20,1931.28,1004,1,高价值核心用户
61336461,1,88,4925.34,1572,5,一般用户
87503748,1,10,351.02,392,1,高价值核心用户
96865786,1,55,2906.68,1671,5,一般用户
118310551,2,26,1532.66,458,2,一般用户
137068806,3,63,2224.31,492,2,一般用户
43084101,1,0,0.0,285,1,高价值核心用户
119401585,1,1,10.0,1230,1,高价值核心用户
45021776,7,0,0.0,24,3,一般用户
45897708,1,59,2895.32,393,5,一般用户
64152450,2,62,2989.46,399,5,一般用户
137116717,4,0,0.0,54,3,一般用户
139780128,3,3,251.4,153,2,一般用户
14070819,2,0,0.0,163,2,一般用户
47241390,1,0,0.0,819,1,高价值核心用户
68249522,1,55,5088.15,1950,5,一般用户
61506078,1,2,77.05,751,1,高价值核心用户
141788152,1,148,3215.22,955,5,一般用户
123063109,1,3,307.35,81,1,高价值核心用户
126381859,3,121,6833.06,734,0,一般用户
47825067,4,3,561.64,137,3,一般用户
68558328,23,3,287.45,18,3,一般用户
141794752,2,135,5073.62,1051,0,一般用户
69562165,1,0,0.0,793,1,高价值核心用户
48292690,1,1,186.64,515,1,高价值核心用户
133296696,1,46,1984.01,584,5,一般用户
50196156,4,4,298.28,832,3,一般用户
73940945,15,0,0.0,6,3,一般用户
7427667,3,0,0.0,127,2,一般用户
98238017,1,40,2007.99,528,5,一般用户
106457937,1,1,10.0,283,1,高价值核心用户
75547524,1,6,626.06,276,1,高价值核心用户
68343951,1,0,0.0,748,1,高价值核心用户
135803085,1,28,1802.03,1352,1,高价值核心用户
112976136,1,47,2121.68,1599,5,一般用户
82479585,1,2,290.37,422,1,高价值核心用户
50372642,2,10,943.39,430,2,一般用户
15244919,1,6,667.91,50,1,高价值核心用户
2227874,1,62,2455.1,817,5,一般用户
68989686,8,2,334.1,19,3,一般用户
73758282,1,1,10.0,238,1,高价值核心用户
87338001,9,129,2579.48,439,3,一般用户
54962988,1,27,1555.15,228,1,高价值核心用户
68784328,1,38,2607.39,1148,5,一般用户
74561683,1,0,0.0,210,1,高价值核心用户
90539396,1,0,0.0,112,1,高价值核心用户
136327444,1,38,2533.69,407,5,一般用户
79927411,2,35,1479.36,857,2,一般用户
93059253,1,0,0.0,83,1,高价值核心用户
94616165,1,5,332.74,270,1,高价值核心用户
23362360,1,38,2309.94,642,5,一般用户
142144275,1,5,272.99,590,1,高价值核心用户
82838416,1,11,477.93,647,1,高价值核心用户
117484104,3,0,0.0,167,2,一般用户
99144500,1,26,980.49,412,1,高价值核心用户
1022699,2,0,0.0,616,2,一般用户
26908458,1,24,2581.67,392,5,一般用户
117606829,1,0,0.0,160,1,高价值核心用户
19208481,1,0,0.0,323,1,高价值核心用户
74285031,1,18,1280.99,2834,1,高价值核心用户
121395815,7,0,0.0,65,3,一般用户
123136413,6,0,0.0,24,3,一般用户
32145882,2,7,174.19,214,2,一般用户
128878698,1,85,3651.28,2088,5,一般用户
90782194,4,0,0.0,40,3,一般用户
21023173,1,3,227.25,788,1,高价值核心用户
92280073,1,14,735.62,478,1,高价值核心用户
39951811,1,73,3933.7,633,5,一般用户
102923008,4,165,6424.82,1090,0,一般用户
93284287,1,0,0.0,385,1,高价值核心用户
41291540,3,0,0.0,144,2,一般用户
97327115,1,0,0.0,651,1,高价值核心用户
45660059,1,2,91.23,885,1,高价值核心用户
26742658,2,0,0.0,283,2,一般用户
104777513,1,0,0.0,606,1,高价值核心用户
29489427,6,0,0.0,250,3,一般用户
97763004,9,0,0.0,244,3,一般用户
29703381,3,3,69.86,89,2,一般用户
31210346,2,0,0.0,253,2,一般用户
48255673,1,0,0.0,736,1,高价值核心用户
105616401,2,204,8840.88,2762,0,一般用户
3328558,1,84,5195.11,1202,5,一般用户
13836813,4,1,29.95,180,3,一般用户
48920955,1,2,130.06,709,1,高价值核心用户
138949663,1,0,0.0,145,1,高价值核心用户
25639546,1,2,275.41,306,1,高价值核心用户
28886691,1,0,0.0,91,1,高价值核心用户
30817416,1,0,0.0,888,1,高价值核心用户
5051617,1,37,1802.82,585,5,一般用户
82889783,6,0,0.0,19,3,一般用户
8427578,1,4,294.21,72,1,高价值核心用户
8801409,1,30,1468.12,1191,1,高价值核心用户
33596774,2,2,404.37,1873,2,一般用户
53438473,1,1,217.25,1149,1,高价值核心用户
36964346,1,5,613.53,770,1,高价值核心用户
8856141,1,3,389.94,183,1,高价值核心用户
40555711,5,5,419.95,36,3,一般用户
89726077,2,5,450.78,268,2,一般用户
40893979,1,0,0.0,4,1,高价值核心用户
41650796,1,0,0.0,261,1,高价值核心用户
54369998,6,0,0.0,201,3,一般用户
3508821,1,6,570.07,354,1,高价值核心用户
107034437,1,50,1918.62,864,5,一般用户
57406426,1,0,0.0,22,1,高价值核心用户
60534988,3,0,0.0,5,2,一般用户
60660094,3,0,0.0,78,2,一般用户
9784313,1,55,3170.85,311,5,一般用户
64310783,1,0,0.0,861,1,高价值核心用户
44448258,1,3,119.49,25,1,高价值核心用户
46351917,10,0,0.0,5,3,一般用户
55764582,1,5,568.29,165,1,高价值核心用户
36172877,3,33,1623.24,265,2,一般用户
97693604,1,0,0.0,269,1,高价值核心用户
103039905,8,1,107.77,83,3,一般用户
6049053,1,84,3763.11,1056,5,一般用户
98303971,17,0,0.0,31,3,一般用户
107315106,3,0,0.0,44,2,一般用户
109647745,1,68,3492.93,1026,5,一般用户
37923588,1,5,440.24,464,1,高价值核心用户
97335118,2,1,75.26,221,2,一般用户
103936681,3,25,2331.05,496,2,一般用户
6643814,1,0,0.0,207,1,高价值核心用户
72820368,1,30,2228.09,1728,5,一般用户
107201114,1,1,117.13,136,1,高价值核心用户
104613070,1,22,1293.0,390,1,高价值核心用户
44130547,1,0,0.0,532,1,高价值核心用户
109859583,1,25,995.94,1168,1,高价值核心用户
73288489,2,4,557.95,279,2,一般用户
109400391,2,0,0.0,511,2,一般用户
123829617,1,0,0.0,175,1,高价值核心用户
77306409,1,26,1017.03,1563,1,高价值核心用户
125823342,1,433,8953.06,1826,6,一般用户
50960524,2,0,0.0,342,2,一般用户
112955522,19,1,123.69,192,3,一般用户
112479773,1,1,130.06,237,1,高价值核心用户
11310078,1,0,0.0,117,1,高价值核心用户
6071666,1,0,0.0,377,1,高价值核心用户
114529391,1,61,1674.41,1132,5,一般用户
113305568,2,0,0.0,429,2,一般用户
8596951,1,582,11238.67,2895,6,一般用户
73407945,1,1,62.44,695,1,高价值核心用户
118710828,8,1,117.13,95,3,一般用户
126707666,1,0,0.0,593,1,高价值核心用户
127336259,1,12,725.36,318,1,高价值核心用户
73547790,1,0,0.0,23,1,高价值核心用户
73753883,4,0,0.0,93,3,一般用户
75874204,2,46,1461.95,252,2,一般用户
77320837,1,5,431.04,1035,1,高价值核心用户
130862398,1,1,275.18,80,1,高价值核心用户
134904941,1,99,4697.5,1516,5,一般用户
1534718,8,0,0.0,12,3,一般用户
15715406,13,8,492.54,62,3,一般用户
78574430,1,2,180.84,257,1,高价值核心用户
15791958,1,0,0.0,525,1,高价值核心用户
11879849,1,32,1648.5,502,1,高价值核心用户
80481728,1,20,1470.57,2400,1,高价值核心用户
19561580,29,0,0.0,5,3,一般用户
2120923,2,0,0.0,204,2,一般用户
807106,1,3,116.32,605,1,高价值核心用户
121736351,3,1,18.97,83,2,一般用户
26509398,1,3,160.32,743,1,高价值核心用户
13162008,17,0,0.0,105,3,一般用户
134473908,1,88,2734.8,1508,5,一般用户
28036057,1,20,1474.42,268,1,高价值核心用户
8581353,1,0,0.0,368,1,高价值核心用户
86728681,4,33,725.41,201,3,一般用户
31994149,6,0,0.0,18,3,一般用户
40734813,1,40,2250.98,397,5,一般用户
87466107,3,10,906.23,476,2,一般用户
29245673,2,0,0.0,2604,2,一般用户
9310791,1,0,0.0,184,1,高价值核心用户
41017872,1,7,603.72,1632,1,高价值核心用户
96720314,1,22,1761.25,2099,1,高价值核心用户
91081942,1,346,12522.88,1320,6,一般用户
134866422,3,0,0.0,137,2,一般用户
13818219,1,1,105.87,353,1,高价值核心用户
15381495,1,8,428.72,624,1,高价值核心用户
83000130,2,0,0.0,103,2,一般用户
84057565,5,1,94.17,39,3,一般用户
84601374,2,28,896.38,166,2,一般用户
86616463,2,21,1737.42,732,2,一般用户
17825390,1,21,1862.97,236,1,高价值核心用户
18004160,3,65,3616.58,1616,5,一般用户
97162031,5,1,48.39,192,3,一般用户
101910216,1,25,1832.28,432,1,高价值核心用户
49572212,5,0,0.0,12,3,一般用户
50759397,1,28,2412.97,1026,5,一般用户
9821001,3,1,123.69,47,2,一般用户
102897084,4,1,165.75,302,3,一般用户
86863108,1,159,3462.84,999,5,一般用户
117779747,1,26,915.63,386,1,高价值核心用户
106109243,1,42,2111.85,228,5,一般用户
11595413,1,2,50.12,1519,1,高价值核心用户
126046148,1,2,325.61,1881,1,高价值核心用户
35636139,5,6,155.82,52,3,一般用户
90024783,1,0,0.0,127,1,高价值核心用户
38711762,1,8,709.68,317,1,高价值核心用户
92614762,3,0,0.0,57,2,一般用户
93791234,1,6,619.77,472,1,高价值核心用户
50823792,1,4,480.85,472,1,高价值核心用户
21210575,3,1,120.3,125,2,一般用户
43645191,1,0,0.0,80,1,高价值核心用户
60643405,1,1,94.74,232,1,高价值核心用户
21375743,1,25,1844.91,943,1,高价值核心用户
95055358,5,2,90.76,33,3,一般用户
98507853,1,0,0.0,96,1,高价值核心用户
60802346,1,3,372.13,439,1,高价值核心用户
53476899,2,2,34.74,159,2,一般用户
136394248,1,11,742.75,257,1,高价值核心用户
53629148,2,19,989.05,126,2,一般用户
54144399,1,3,136.99,496,1,高价值核心用户
61718224,1,2,230.79,883,1,高价值核心用户
99628321,1,0,0.0,512,1,高价值核心用户
10027039,3,1,177.07,868,2,一般用户
137280366,1,0,0.0,334,1,高价值核心用户
137690090,1,0,0.0,210,1,高价值核心用户
26460336,1,23,1250.97,2284,1,高价值核心用户
140483725,3,182,3969.84,930,0,一般用户
61228049,1,49,3369.04,820,5,一般用户
100288957,1,122,6249.55,1380,0,一般用户
129072372,1,112,6857.31,771,0,一般用户
6582864,1,46,3129.05,346,5,一般用户
66395027,1,0,0.0,631,1,高价值核心用户
66145288,1,10,680.01,1670,1,高价值核心用户
140777465,1,7,398.69,780,1,高价值核心用户
130040744,1,28,2343.33,194,5,一般用户
132125936,1,6,490.19,858,1,高价值核心用户
66924694,1,11,829.04,587,1,高价值核心用户
20903813,1,127,6750.53,1586,0,一般用户
101532356,1,150,3760.65,836,5,一般用户
67898761,1,172,5474.39,1499,0,一般用户
135288694,1,1,76.66,310,1,高价值核心用户
69003368,1,2,117.13,476,1,高价值核心用户
101685919,1,1,113.71,158,1,高价值核心用户
28930771,1,0,0.0,197,1,高价值核心用户
109226434,1,128,2899.77,853,5,一般用户
32701795,5,0,0.0,67,3,一般用户
138559280,2,0,0.0,43,2,一般用户
14524213,2,0,0.0,82,2,一般用户
7018172,2,2,271.67,63,2,一般用户
33173119,1,0,0.0,391,1,高价值核心用户
75439923,1,3,291.2,448,1,高价值核心用户
16446142,2,1,28.13,218,2,一般用户
17458663,1,313,10556.05,1014,0,一般用户
31309091,1,4,440.93,1297,1,高价值核心用户
35272739,1,14,1151.2,2025,1,高价值核心用户
76143991,1,84,4598.18,680,5,一般用户
68747316,1,63,2091.12,1371,5,一般用户
112322814,2,11,784.17,196,2,一般用户
17817432,2,12,1699.28,251,2,一般用户
115923281,1,0,0.0,117,1,高价值核心用户
119432472,1,0,0.0,314,1,高价值核心用户
19037604,1,0,0.0,268,1,高价值核心用户
78129838,2,46,3371.44,827,5,一般用户
121273095,1,21,1486.05,424,1,高价值核心用户
19463984,2,21,1387.25,1037,2,一般用户
35465102,1,48,2127.72,640,5,一般用户
70745586,2,0,0.0,189,2,一般用户
126839170,2,0,0.0,184,2,一般用户
72775671,1,4,344.08,202,1,高价值核心用户
128823983,3,16,1274.74,201,2,一般用户
76887456,1,50,3036.97,903,5,一般用户
98338449,2,0,0.0,146,2,一般用户
100042340,1,0,0.0,516,1,高价值核心用户
40137551,1,62,3078.63,1058,5,一般用户
13684026,1,38,680.09,588,1,高价值核心用户
22791027,1,0,0.0,53,1,高价值核心用户
27380911,2,5,507.18,253,2,一般用户
35898338,4,2,265.28,27,3,一般用户
37167350,1,66,2452.88,344,5,一般用户
111901362,1,37,1834.72,423,5,一般用户
45101614,1,0,0.0,147,1,高价值核心用户
140230525,1,10,779.61,563,1,高价值核心用户
46327874,1,93,4523.67,381,5,一般用户
39912401,1,109,3218.41,1395,5,一般用户
77514819,2,2,327.27,195,2,一般用户
42031986,1,23,1758.71,933,1,高价值核心用户
82539272,5,1,176.03,36,3,一般用户
11612875,1,9,834.19,595,1,高价值核心用户
4921070,2,0,0.0,74,2,一般用户
86804290,1,0,0.0,1038,1,高价值核心用户
52683211,2,86,2473.32,456,5,一般用户
14735918,1,117,2367.81,1794,5,一般用户
118536510,1,29,1038.66,459,1,高价值核心用户
54368655,1,2,161.82,42,1,高价值核心用户
5440164,1,4,133.69,90,1,高价值核心用户
62359568,3,0,0.0,258,2,一般用户
47106355,1,0,0.0,277,1,高价值核心用户
12373370,1,93,4579.19,1025,5,一般用户
65068683,2,1,107.77,167,2,一般用户
53247630,3,0,0.0,61,2,一般用户
55884426,2,0,0.0,176,2,一般用户
88110636,1,208,5490.12,1740,0,一般用户
70573626,10,3,334.7,118,3,一般用户
72251098,4,0,0.0,177,3,一般用户
57062999,1,0,0.0,340,1,高价值核心用户
72611369,7,9,433.84,135,3,一般用户
40423397,1,1,10.0,325,1,高价值核心用户
73349802,1,107,6467.65,1412,0,一般用户
17336370,1,0,0.0,264,1,高价值核心用户
57357642,27,0,0.0,13,3,一般用户
61644490,1,35,2648.33,1481,5,一般用户
5028667,1,1,129.33,398,1,高价值核心用户
21633234,3,1,188.57,154,2,一般用户
125064940,1,1,94.05,585,1,高价值核心用户
22466822,14,0,0.0,70,3,一般用户
22802989,1,11,683.47,241,1,高价值核心用户
51099335,1,8,708.49,562,1,高价值核心用户
22859350,1,0,0.0,275,1,高价值核心用户
126498936,3,0,0.0,149,2,一般用户
56652874,1,0,0.0,51,1,高价值核心用户
130498110,1,33,1094.37,965,1,高价值核心用户
58089074,1,1,59.86,277,1,高价值核心用户
25275595,2,72,2212.96,1038,5,一般用户
76085459,1,1,119.45,259,1,高价值核心用户
60575815,1,57,3319.42,1909,5,一般用户
89426847,1,21,879.38,1348,1,高价值核心用户
79787742,1,1,78.97,640,1,高价值核心用户
63759289,1,1,37.21,575,1,高价值核心用户
34391377,1,26,2069.41,645,5,一般用户
64743108,1,6,523.47,301,1,高价值核心用户
79942814,5,0,0.0,49,3,一般用户
134882545,8,0,0.0,43,3,一般用户
86107124,7,13,1366.85,305,3,一般用户
140944295,1,2,47.73,270,1,高价值核心用户
65285764,1,1,107.77,250,1,高价值核心用户
88336278,1,3,355.69,335,1,高价值核心用户
142036510,1,61,3753.32,375,5,一般用户
67157384,1,0,0.0,447,1,高价值核心用户
43759361,21,3,328.26,40,3,一般用户
47109361,1,26,2070.83,1132,5,一般用户
91833401,7,0,0.0,7,3,一般用户
9664816,3,81,3554.08,437,5,一般用户
95359183,1,0,0.0,60,1,高价值核心用户
100112744,1,18,1000.2,557,1,高价值核心用户
18820857,1,6,82.88,143,1,高价值核心用户
72736504,13,0,0.0,18,3,一般用户
18910742,1,0,0.0,45,1,高价值核心用户
74923526,2,0,0.0,172,2,一般用户
26087047,4,0,0.0,128,3,一般用户
96790667,2,0,0.0,81,2,一般用户
75699486,11,0,0.0,6,3,一般用户
76777269,1,0,0.0,237,1,高价值核心用户
62969316,5,0,0.0,229,3,一般用户
28832473,1,0,0.0,179,1,高价值核心用户
101050024,2,5,306.24,198,2,一般用户
29246035,1,23,1688.82,561,1,高价值核心用户
99968428,1,0,0.0,496,1,高价值核心用户
105825623,2,0,0.0,49,2,一般用户
78947364,2,7,384.04,184,2,一般用户
106834015,1,17,955.54,628,1,高价值核心用户
65463789,3,0,0.0,35,2,一般用户
106498387,2,1,226.34,4083,2,一般用户
6596569,2,0,0.0,310,2,一般用户
81612967,2,14,1000.25,1177,2,一般用户
6734365,2,1,11.49,143,2,一般用户
72753801,2,1,155.86,2132,2,一般用户
32506286,1,1,85.28,324,1,高价值核心用户
48409126,3,45,1799.95,316,2,一般用户
117003325,1,17,1561.54,751,1,高价值核心用户
33388747,1,0,0.0,90,1,高价值核心用户
50343169,1,0,0.0,666,1,高价值核心用户
35205411,1,0,0.0,573,1,高价值核心用户
120371298,2,26,1509.24,251,2,一般用户
83052065,1,81,4547.93,541,5,一般用户
50597161,12,0,0.0,90,3,一般用户
35525691,1,0,0.0,73,1,高价值核心用户
51417755,1,0,0.0,79,1,高价值核心用户
37073011,1,0,0.0,126,1,高价值核心用户
120455996,3,20,62.44,277,2,一般用户
53154333,1,0,0.0,555,1,高价值核心用户
3791755,1,0,0.0,162,1,高价值核心用户
73491319,1,2,226.88,1158,1,高价值核心用户
41279667,1,0,0.0,565,1,高价值核心用户
85559921,1,0,0.0,73,1,高价值核心用户
135015170,1,1,10.0,196,1,高价值核心用户
86287331,1,11,910.69,447,1,高价值核心用户
58134314,1,2,228.46,2644,1,高价值核心用户
142358910,1,2,80.08,445,1,高价值核心用户
86323571,12,0,0.0,89,3,一般用户
8747297,1,4,380.79,63,1,高价值核心用户
46793743,1,70,3063.74,639,5,一般用户
9225110,1,23,1867.14,1350,1,高价值核心用户
18785289,1,8,978.57,1590,1,高价值核心用户
108546559,1,0,0.0,231,1,高价值核心用户
51426415,2,20,1494.02,892,2,一般用户
75892415,7,0,0.0,11,3,一般用户
77563495,2,0,0.0,185,2,一般用户
84993562,2,2,42.65,252,2,一般用户
108712668,1,69,3217.22,444,5,一般用户
88079688,1,44,2295.86,1965,5,一般用户
116489495,1,3,130.24,41,1,高价值核心用户
116752723,1,1,203.67,371,1,高价值核心用户
51969724,3,0,0.0,28,2,一般用户
55193222,2,0,0.0,59,2,一般用户
60408225,1,0,0.0,184,1,高价值核心用户
92767100,1,1,82.88,95,1,高价值核心用户
96389962,1,0,0.0,720,1,高价值核心用户
62918630,2,4,501.69,130,2,一般用户
11910007,1,383,13717.39,1838,6,一般用户
69462679,1,0,0.0,165,1,高价值核心用户
26050959,29,0,0.0,13,3,一般用户
28720302,1,22,1428.19,1760,1,高价值核心用户
7053874,2,0,0.0,218,2,一般用户
71888387,1,1,88.94,479,1,高价值核心用户
98796708,1,2,20.0,556,1,高价值核心用户
105875466,1,92,2657.75,509,5,一般用户
65698133,1,0,0.0,133,1,高价值核心用户
69383475,1,0,0.0,169,1,高价值核心用户
72234327,3,0,0.0,137,2,一般用户
7011544,1,21,768.5,635,1,高价值核心用户
79112468,1,291,7672.91,2823,0,一般用户
109856177,1,2,42.82,430,1,高价值核心用户
126576552,1,33,1238.74,667,1,高价值核心用户
72288359,3,4,459.28,1315,2,一般用户
89831149,1,66,4729.0,628,5,一般用户
120346962,1,39,2645.93,1365,5,一般用户
34453652,1,69,1966.91,1848,5,一般用户
9451374,1,122,3582.24,1582,5,一般用户
129583911,1,5,282.77,636,1,高价值核心用户
85061519,7,1,109.25,360,3,一般用户
131570651,2,0,0.0,776,2,一般用户
85822276,1,9,772.23,4248,1,高价值核心用户
86505281,1,3,277.53,315,1,高价值核心用户
125255404,2,0,0.0,718,2,一般用户
40711894,1,24,2518.29,621,5,一般用户
87579407,1,28,2726.39,673,5,一般用户
131965938,1,8,356.58,197,1,高价值核心用户
132614507,3,0,0.0,219,2,一般用户
134499562,7,0,0.0,153,3,一般用户
131534140,2,13,1149.18,988,2,一般用户
96636051,1,0,0.0,231,1,高价值核心用户
105627255,3,0,0.0,26,2,一般用户
136290703,3,13,837.49,155,2,一般用户
109097995,1,0,0.0,2928,1,高价值核心用户
91351115,1,9,612.92,1458,1,高价值核心用户
43856355,3,0,0.0,92,2,一般用户
13851650,2,0,0.0,242,2,一般用户
4780516,2,0,0.0,74,2,一般用户
48510598,5,1,160.56,224,3,一般用户
138735272,1,4,505.25,2446,1,高价值核心用户
51123305,1,117,5721.67,1443,0,一般用户
135312215,4,0,0.0,5,3,一般用户
137384149,1,25,1897.15,531,1,高价值核心用户
137760555,1,0,0.0,153,1,高价值核心用户
53406644,6,0,0.0,279,3,一般用户
93159609,1,25,1493.88,972,1,高价值核心用户
138164167,1,0,0.0,756,1,高价值核心用户
54522131,2,2,202.65,375,2,一般用户
110137127,1,1,57.17,176,1,高价值核心用户
59627027,1,1,150.71,576,1,高价值核心用户
140469244,2,0,0.0,68,2,一般用户
140628062,3,0,0.0,185,2,一般用户
141484663,1,2,50.12,326,1,高价值核心用户
110437894,2,0,0.0,59,2,一般用户
114305854,1,87,3000.44,1063,5,一般用户
16511689,1,1,10.0,256,1,高价值核心用户
16810079,1,8,1139.49,696,1,高价值核心用户
80415557,1,42,2680.54,984,5,一般用户
22149457,1,20,1317.55,365,1,高价值核心用户
95064712,1,120,2865.71,527,5,一般用户
10211498,1,5,519.63,2677,1,高价值核心用户
88009446,1,0,0.0,1962,1,高价值核心用户
27964882,1,0,0.0,194,1,高价值核心用户
17478980,1,2,356.61,631,1,高价值核心用户
29080791,1,0,0.0,184,1,高价值核心用户
123701491,1,1,21.93,134,1,高价值核心用户
3662776,1,22,2552.48,650,5,一般用户
124830295,4,0,0.0,900,3,一般用户
82144399,4,3,72.32,107,3,一般用户
82643414,2,0,0.0,95,2,一般用户
87146362,1,0,0.0,61,1,高价值核心用户
17677320,1,0,0.0,342,1,高价值核心用户
87397369,8,0,0.0,18,3,一般用户
88691490,1,74,2980.39,1205,5,一般用户
41158917,1,0,0.0,385,1,高价值核心用户
88330035,1,0,0.0,125,1,高价值核心用户
25544044,1,10,707.49,1439,1,高价值核心用户
94044468,1,3,249.41,568,1,高价值核心用户
129545728,2,0,0.0,33,2,一般用户
133723602,1,1,123.69,328,1,高价值核心用户
45180723,2,0,0.0,151,2,一般用户
48327589,1,3,319.59,895,1,高价值核心用户
88753779,14,2,185.38,55,3,一般用户
89258714,1,22,2303.23,940,5,一般用户
141609995,1,1,10.0,250,1,高价值核心用户
96352312,1,0,0.0,1609,1,高价值核心用户
14586553,1,71,1372.34,460,5,一般用户
2751701,1,20,415.7,679,1,高价值核心用户
1604248,1,3,497.24,503,1,高价值核心用户
103636959,1,0,0.0,131,1,高价值核心用户
91162737,3,3,331.57,363,2,一般用户
105288851,1,17,1247.16,304,1,高价值核心用户
51026496,1,0,0.0,290,1,高价值核心用户
97428494,1,4,23.56,517,1,高价值核心用户
20853257,2,14,528.04,1010,2,一般用户
108070698,1,24,1584.78,2662,1,高价值核心用户
52986601,3,12,295.11,259,2,一般用户
30835000,1,8,75.4,36,1,高价值核心用户
3763394,1,0,0.0,130,1,高价值核心用户
57175975,1,49,2598.54,789,5,一般用户
4088842,2,3,124.67,274,2,一般用户
97941668,1,0,0.0,40,1,高价值核心用户
98555860,1,13,1417.15,576,1,高价值核心用户
48809451,1,167,10469.04,909,0,一般用户
91239449,1,92,3819.21,1801,5,一般用户
105591402,1,0,0.0,492,1,高价值核心用户
99228290,2,0,0.0,401,2,一般用户
2097413,1,16,853.39,1123,1,高价值核心用户
58238111,1,60,2950.41,628,5,一般用户
110313549,22,1,130.06,122,3,一般用户
115757977,1,2,341.37,1166,1,高价值核心用户
51946048,2,1,214.31,167,2,一般用户
52749694,1,0,0.0,283,1,高价值核心用户
60239656,2,22,1330.4,586,2,一般用户
94645713,1,2,294.16,1657,1,高价值核心用户
105591337,1,3,266.07,110,1,高价值核心用户
10653322,2,3,561.61,85,2,一般用户
52842050,1,2,188.02,969,1,高价值核心用户
106645011,1,28,1651.43,1593,1,高价值核心用户
27284201,1,1,218.4,121,1,高价值核心用户
65629361,1,21,799.09,500,1,高价值核心用户
108879821,1,50,2983.08,655,5,一般用户
2845412,1,5,224.71,270,1,高价值核心用户
138643458,1,131,6611.66,1324,0,一般用户
53560831,2,19,1424.63,1440,2,一般用户
29717165,1,0,0.0,123,1,高价值核心用户
67085594,1,136,4458.03,1487,5,一般用户
30419421,1,4,331.22,304,1,高价值核心用户
112044266,1,1,43.84,1055,1,高价值核心用户
30839253,1,3,164.09,1852,1,高价值核心用户
107113176,1,3,168.15,531,1,高价值核心用户
140951912,1,6,992.03,647,1,高价值核心用户
115374204,1,5,667.9,1345,1,高价值核心用户
74593955,1,23,1493.94,1561,1,高价值核心用户
11346135,1,27,2218.98,364,5,一般用户
1673252,1,0,0.0,340,1,高价值核心用户
11689510,4,0,0.0,35,3,一般用户
54056,12,2,201.56,15,3,一般用户
62786039,2,0,0.0,123,2,一般用户
121036026,1,6,491.29,120,1,高价值核心用户
132156365,2,1,53.85,304,2,一般用户
742065,1,0,0.0,163,1,高价值核心用户
191366,5,18,1143.88,569,3,一般用户
74269202,2,20,1560.83,297,2,一般用户
135007277,3,0,0.0,62,2,一般用户
135589495,1,6,282.24,713,1,高价值核心用户
7881635,1,242,11481.96,929,0,一般用户
20123340,2,2,176.42,60,2,一般用户
31667005,4,14,1232.65,186,3,一般用户
23260181,1,93,3232.17,1315,5,一般用户
118802168,1,17,924.14,566,1,高价值核心用户
32755257,6,0,0.0,139,3,一般用户
33258136,6,0,0.0,350,3,一般用户
35126807,4,51,1030.65,248,3,一般用户
76937095,1,31,1277.72,358,1,高价值核心用户
18288442,1,20,1204.55,470,1,高价值核心用户
123433447,1,43,3347.56,472,5,一般用户
81964751,3,0,0.0,92,2,一般用户
41228489,1,21,941.51,282,1,高价值核心用户
84080163,1,1,116.71,1002,1,高价值核心用户
80563035,1,0,0.0,385,1,高价值核心用户
24805953,1,31,1760.05,838,1,高价值核心用户
49046459,6,0,0.0,162,3,一般用户
127946843,1,1,90.84,279,1,高价值核心用户
50157444,8,6,530.01,41,3,一般用户
6287853,1,0,0.0,19,1,高价值核心用户
24062806,1,62,1885.94,2890,5,一般用户
64187025,1,1,27.36,1101,1,高价值核心用户
81925863,1,2,154.37,513,1,高价值核心用户
139471492,4,1,10.0,1529,3,一般用户
84902483,1,0,0.0,288,1,高价值核心用户
88548564,5,56,1029.56,465,3,一般用户
26333439,1,83,2887.03,381,5,一般用户
90561434,1,71,4229.1,1361,5,一般用户
90241071,4,4,294.03,234,3,一般用户
140723279,1,87,4115.57,866,5,一般用户
26604313,13,12,1122.07,76,3,一般用户
39825915,1,60,2566.65,539,5,一般用户
90684505,1,0,0.0,157,1,高价值核心用户
64906157,1,0,0.0,241,1,高价值核心用户
91824018,1,8,752.62,424,1,高价值核心用户
71422331,1,1,119.36,500,1,高价值核心用户
40348089,2,4,428.6,142,2,一般用户
41349842,1,0,0.0,104,1,高价值核心用户
93675262,1,133,6709.1,2189,0,一般用户
44725106,1,12,796.2,336,1,高价值核心用户
16269352,19,3,214.2,19,3,一般用户
22878009,1,0,0.0,498,1,高价值核心用户
74142122,1,2,267.18,57,1,高价值核心用户
45133531,2,25,1175.66,211,2,一般用户
83275852,3,2,49.27,1007,2,一般用户
92271824,1,1,42.78,237,1,高价值核心用户
49273084,1,1,81.23,149,1,高价值核心用户
27820493,1,1,131.48,668,1,高价值核心用户
26573714,2,0,0.0,320,2,一般用户
55274592,1,0,0.0,270,1,高价值核心用户
99963140,1,0,0.0,1163,1,高价值核心用户
100570607,2,0,0.0,157,2,一般用户
68592058,1,3,282.47,146,1,高价值核心用户
101626587,1,0,0.0,31,1,高价值核心用户
29661255,3,9,707.81,171,2,一般用户
72928045,1,27,1285.58,311,1,高价值核心用户
115581614,8,1,94.17,3,3,一般用户
116014140,1,0,0.0,1258,1,高价值核心用户
32044541,1,22,1208.96,274,1,高价值核心用户
34806909,1,0,0.0,89,1,高价值核心用户
73275893,1,1,10.0,288,1,高价值核心用户
36863326,1,13,793.15,220,1,高价值核心用户
42851945,1,0,0.0,409,1,高价值核心用户
99288945,1,0,0.0,201,1,高价值核心用户
100497308,1,1,126.09,340,1,高价值核心用户
94241607,1,7,624.6,247,1,高价值核心用户
73798342,1,203,5795.53,990,0,一般用户
37737164,1,11,749.86,125,1,高价值核心用户
41564229,2,55,2193.15,363,2,一般用户
96723364,1,1,98.92,373,1,高价值核心用户
43238774,1,122,5430.96,569,0,一般用户
104541497,2,12,1295.47,711,2,一般用户
42723928,2,0,0.0,254,2,一般用户
43971939,2,1,142.38,66,2,一般用户
45649071,1,101,3772.12,5816,5,一般用户
117992339,1,0,0.0,454,1,高价值核心用户
47293396,1,24,1787.1,2272,1,高价值核心用户
108890194,1,6,786.93,389,1,高价值核心用户
7397337,1,176,5885.96,2271,0,一般用户
125309659,1,0,0.0,746,1,高价值核心用户
100127501,19,0,0.0,3,3,一般用户
96495511,3,2,52.78,467,2,一般用户
114810344,1,2,46.6,470,1,高价值核心用户
11106706,1,1,119.36,169,1,高价值核心用户
116849663,1,2,69.86,151,1,高价值核心用户
119113372,1,0,0.0,371,1,高价值核心用户
127429787,1,5,274.5,993,1,高价值核心用户
118506832,1,18,864.07,218,1,高价值核心用户
119590306,1,47,1138.22,386,1,高价值核心用户
120377968,1,26,962.17,839,1,高价值核心用户
125601528,2,0,0.0,53,2,一般用户
129676722,1,40,2056.93,323,5,一般用户
129046432,4,2,373.29,168,3,一般用户
131595891,1,0,0.0,502,1,高价值核心用户
132455644,1,9,800.07,189,1,高价值核心用户
77683512,1,75,3265.91,712,5,一般用户
50033888,3,0,0.0,46,2,一般用户
57097264,1,15,1626.73,1112,1,高价值核心用户
120839939,3,4,316.82,810,2,一般用户
134377639,1,0,0.0,675,1,高价值核心用户
132727149,10,2,95.15,10,3,一般用户
133994360,1,40,1636.68,471,1,高价值核心用户
82575380,1,117,4095.84,4465,5,一般用户
12222620,1,11,1300.66,624,1,高价值核心用户
135897410,5,11,410.31,185,3,一般用户
135060562,1,0,0.0,262,1,高价值核心用户
136249926,2,0,0.0,161,2,一般用户
58011702,1,7,815.21,86,1,高价值核心用户
139068649,5,10,373.43,223,3,一般用户
59906101,3,0,0.0,31,2,一般用户
63164461,2,0,0.0,435,2,一般用户
135981623,1,0,0.0,716,1,高价值核心用户
30853624,1,61,2547.34,572,5,一般用户
122474803,1,0,0.0,270,1,高价值核心用户
63848985,1,1,10.0,361,1,高价值核心用户
36005648,5,0,0.0,23,3,一般用户
36564172,1,9,1051.54,554,1,高价值核心用户
130688344,1,1,62.74,97,1,高价值核心用户
137670106,1,2,99.94,117,1,高价值核心用户
135455673,3,25,1329.98,918,2,一般用户
15796497,1,24,2073.94,557,5,一般用户
64030719,1,6,571.61,340,1,高价值核心用户
36724667,1,2,213.84,647,1,高价值核心用户
65257068,1,30,1434.6,759,1,高价值核心用户
2139347,1,0,0.0,109,1,高价值核心用户
25541349,5,0,0.0,39,3,一般用户
32019585,5,9,462.26,312,3,一般用户
39283381,1,55,3813.34,976,5,一般用户
136788174,1,188,5116.37,1533,0,一般用户
32054639,1,8,220.88,687,1,高价值核心用户
66588610,1,0,0.0,88,1,高价值核心用户
68381564,7,1,217.25,245,3,一般用户
69654504,1,1,215.3,257,1,高价值核心用户
47248096,1,0,0.0,172,1,高价值核心用户
47416853,1,15,1026.8,702,1,高价值核心用户
75288002,1,20,1884.2,554,1,高价值核心用户
43592945,1,13,927.64,1612,1,高价值核心用户
49458175,2,0,0.0,266,2,一般用户
8337357,1,0,0.0,416,1,高价值核心用户
50169478,1,99,3315.83,593,5,一般用户
84308150,3,117,2251.08,851,2,一般用户
53708814,1,3,430.29,1276,1,高价值核心用户
79681819,9,6,553.58,27,3,一般用户
801018,1,1,130.06,466,1,高价值核心用户
13693896,1,0,0.0,74,1,高价值核心用户
13843429,1,1,28.22,288,1,高价值核心用户
52137505,1,3,287.93,250,1,高价值核心用户
139059745,1,20,1384.96,939,1,高价值核心用户
86870442,6,0,0.0,75,3,一般用户
6062947,1,1,115.72,166,1,高价值核心用户
87413989,1,50,3162.25,1631,5,一般用户
6437749,1,2,115.58,818,1,高价值核心用户
86282836,3,7,651.51,183,2,一般用户
89160493,1,1,143.4,232,1,高价值核心用户
54168401,1,4,551.71,2324,1,高价值核心用户
49512453,1,50,2327.51,802,5,一般用户
89962630,2,8,765.24,2340,2,一般用户
16382658,4,1,165.75,181,3,一般用户
67202688,1,3,224.09,2088,1,高价值核心用户
49787656,1,69,3385.67,584,5,一般用户
2045844,1,0,0.0,87,1,高价值核心用户
20626105,7,0,0.0,50,3,一般用户
21505975,1,5,410.87,326,1,高价值核心用户
5798831,1,0,0.0,157,1,高价值核心用户
62393322,1,47,2868.24,608,5,一般用户
23916542,1,0,0.0,150,1,高价值核心用户
26012948,2,26,1425.97,265,2,一般用户
87610115,1,13,848.28,779,1,高价值核心用户
64784548,1,0,0.0,121,1,高价值核心用户
31449327,2,97,3209.58,669,5,一般用户
56946643,4,0,0.0,130,3,一般用户
68100671,2,14,787.08,262,2,一般用户
58008140,1,11,945.19,356,1,高价值核心用户
93702639,1,11,1359.12,531,1,高价值核心用户
71929773,1,1,20.13,4216,1,高价值核心用户
92796025,4,43,2394.54,405,3,一般用户
58199565,1,19,832.85,480,1,高价值核心用户
35860790,1,79,4459.2,832,5,一般用户
70370583,1,4,146.55,278,1,高价值核心用户
59705015,3,3,453.34,328,2,一般用户
75586844,16,0,0.0,75,3,一般用户
75749135,1,1,275.18,537,1,高价值核心用户
61570016,1,26,1778.26,1054,1,高价值核心用户
37780288,1,230,9759.75,1888,0,一般用户
95407138,3,2,167.5,401,2,一般用户
105548494,3,0,0.0,142,2,一般用户
83423107,1,12,1154.04,921,1,高价值核心用户
114633181,1,0,0.0,724,1,高价值核心用户
63960502,1,0,0.0,431,1,高价值核心用户
117902605,1,3,390.93,3145,1,高价值核心用户
9528671,1,63,4174.91,1058,5,一般用户
85604732,10,0,0.0,56,3,一般用户
100192152,1,1,38.47,1189,1,高价值核心用户
67473135,1,0,0.0,289,1,高价值核心用户
74405788,1,0,0.0,265,1,高价值核心用户
87820307,1,5,501.72,455,1,高价值核心用户
88122205,1,13,1270.88,91,1,高价值核心用户
100816273,1,15,566.27,2274,1,高价值核心用户
94003742,2,2,70.99,143,2,一般用户
3945782,1,15,1584.18,436,1,高价值核心用户
96171399,2,10,636.63,325,2,一般用户
4839961,6,16,953.95,485,3,一般用户
72656044,17,5,286.19,17,3,一般用户
78264855,5,0,0.0,28,3,一般用户
78467491,1,153,4537.71,880,5,一般用户
49871598,1,3,196.74,515,1,高价值核心用户
97824991,1,53,2819.72,530,5,一般用户
101466976,1,27,1629.82,777,1,高价值核心用户
51666038,1,16,1183.52,408,1,高价值核心用户
98935781,28,1,76.08,8,3,一般用户
103498808,2,1,280.19,322,2,一般用户
116277143,1,4,525.92,338,1,高价值核心用户
52395429,1,9,589.8,594,1,高价值核心用户
95112222,1,1,57.14,886,1,高价值核心用户
122330781,1,0,0.0,279,1,高价值核心用户
118562385,1,0,0.0,146,1,高价值核心用户
10480848,1,0,0.0,634,1,高价值核心用户
126551577,1,0,0.0,250,1,高价值核心用户
103963543,1,0,0.0,150,1,高价值核心用户
132675359,2,0,0.0,837,2,一般用户
105724574,1,0,0.0,5,1,高价值核心用户
110037242,1,113,4442.19,1407,5,一般用户
126498373,1,1,117.13,408,1,高价值核心用户
52505405,1,1,10.0,1475,1,高价值核心用户
129265493,2,4,20.0,203,2,一般用户
109921488,1,0,0.0,411,1,高价值核心用户
132692996,3,0,0.0,288,2,一般用户
131275408,1,0,0.0,2438,1,高价值核心用户
98892553,1,2,317.83,212,1,高价值核心用户
109103,7,32,2281.44,193,3,一般用户
19019975,1,0,0.0,178,1,高价值核心用户
115899915,1,9,498.02,647,1,高价值核心用户
112217162,3,0,0.0,34,2,一般用户
122822446,1,130,4467.46,2317,5,一般用户
19665682,1,2,285.04,832,1,高价值核心用户
59127538,1,11,360.01,489,1,高价值核心用户
118836508,23,0,0.0,39,3,一般用户
120426603,6,0,0.0,108,3,一般用户
130946866,3,0,0.0,337,2,一般用户
110659116,1,5,579.05,377,1,高价值核心用户
59138148,27,23,938.25,77,3,一般用户
30511142,1,0,0.0,400,1,高价值核心用户
136085033,1,10,526.9,444,1,高价值核心用户
63223782,1,1,105.16,132,1,高价值核心用户
65381253,1,3,380.3,468,1,高价值核心用户
114653102,1,11,615.02,265,1,高价值核心用户
33729290,1,0,0.0,71,1,高价值核心用户
115078779,1,98,4503.45,1064,5,一般用户
33859718,9,0,0.0,62,3,一般用户
3731463,1,1,22.04,1417,1,高价值核心用户
23367131,1,238,6818.65,2532,0,一般用户
6861624,1,4,378.11,742,1,高价值核心用户
132917171,1,0,0.0,311,1,高价值核心用户
123553065,2,2,326.13,134,2,一般用户
135687750,1,1,408.22,466,1,高价值核心用户
123562447,1,2,138.78,1318,1,高价值核心用户
74155886,1,0,0.0,64,1,高价值核心用户
121215883,1,42,2795.67,397,5,一般用户
7560153,2,25,927.36,279,2,一般用户
18949814,1,0,0.0,88,1,高价值核心用户
29160893,1,1,10.0,503,1,高价值核心用户
82320644,1,60,2644.33,3227,5,一般用户
124070707,3,0,0.0,135,2,一般用户
124935727,1,1,107.77,224,1,高价值核心用户
130346118,1,16,1646.72,522,1,高价值核心用户
38219792,1,1,107.85,237,1,高价值核心用户
4102766,7,0,0.0,31,3,一般用户
4979200,1,28,1272.12,540,1,高价值核心用户
131504487,1,3,366.11,767,1,高价值核心用户
28085061,1,52,1808.16,446,5,一般用户
44189601,2,0,0.0,467,2,一般用户
131881789,1,3,518.3,765,1,高价值核心用户
50900446,1,24,2291.19,315,5,一般用户
50627823,3,2,10.0,167,2,一般用户
28734621,1,3,222.46,975,1,高价值核心用户
50927089,1,2,147.19,467,1,高价值核心用户
57695809,1,1,104.53,318,1,高价值核心用户
137314781,1,18,861.43,565,1,高价值核心用户
13522124,4,2,143.63,157,3,一般用户
59462013,2,4,357.24,431,2,一般用户
137675507,1,79,4335.51,974,5,一般用户
5478302,1,1,202.21,2016,1,高价值核心用户
69251001,1,37,3489.21,2020,5,一般用户
140372438,6,1,88.94,66,3,一般用户
1409005,1,2,171.12,608,1,高价值核心用户
31612475,1,0,0.0,644,1,高价值核心用户
142061900,2,0,0.0,60,2,一般用户
20497713,1,73,3190.35,994,5,一般用户
36246846,2,46,1795.0,247,2,一般用户
16790119,11,0,0.0,189,3,一般用户
36738292,1,40,1953.1,1152,5,一般用户
16891199,11,0,0.0,91,3,一般用户
20909974,1,67,1970.38,641,5,一般用户
24217106,1,81,3327.68,1301,5,一般用户
8325510,1,80,2641.68,3615,5,一般用户
30025100,1,0,0.0,1434,1,高价值核心用户
37338448,1,0,0.0,858,1,高价值核心用户
56790163,1,4,334.42,1063,1,高价值核心用户
76252012,1,36,2539.95,1245,5,一般用户
37690066,1,1,10.0,133,1,高价值核心用户
25480257,1,0,0.0,102,1,高价值核心用户
41929479,6,102,3343.94,625,3,一般用户
27565397,1,1,10.0,911,1,高价值核心用户
32684812,2,3,210.87,674,2,一般用户
61809502,1,87,7742.99,380,0,一般用户
77260277,3,0,0.0,284,2,一般用户
43288343,1,45,2905.17,579,5,一般用户
85922732,1,0,0.0,703,1,高价值核心用户
632347,1,70,5262.56,1183,5,一般用户
29776188,1,36,1612.62,904,1,高价值核心用户
35722058,1,2,433.42,170,1,高价值核心用户
37409400,1,115,3856.76,1077,5,一般用户
49622041,3,24,1110.24,323,2,一般用户
88120786,1,233,7124.17,2823,0,一般用户
54330697,1,0,0.0,99,1,高价值核心用户
65680419,2,0,0.0,205,2,一般用户
58089987,1,1,217.81,775,1,高价值核心用户
34477360,1,1,10.0,172,1,高价值核心用户
74028981,1,1,192.69,692,1,高价值核心用户
36166284,1,11,1012.13,1068,1,高价值核心用户
91222505,1,209,6243.55,2188,0,一般用户
39112469,1,0,0.0,230,1,高价值核心用户
76985951,2,0,0.0,160,2,一般用户
48505064,1,0,0.0,72,1,高价值核心用户
51724638,7,0,0.0,124,3,一般用户
58874603,1,5,549.67,258,1,高价值核心用户
81322348,1,132,2887.86,1938,5,一般用户
36306202,1,58,3692.16,534,5,一般用户
52622361,1,0,0.0,270,1,高价值核心用户
69192727,5,0,0.0,196,3,一般用户
70727085,1,4,397.8,111,1,高价值核心用户
52757653,3,0,0.0,98,2,一般用户
56575580,1,2,114.42,1647,1,高价值核心用户
48186482,1,30,2082.72,394,5,一般用户
80057429,1,3,313.32,221,1,高价值核心用户
85953088,12,2,164.35,57,3,一般用户
96786739,3,41,1527.96,224,2,一般用户
50346435,1,0,0.0,952,1,高价值核心用户
87983348,1,1,272.25,3061,1,高价值核心用户
100159569,1,3,494.06,595,1,高价值核心用户
99393465,1,1,217.25,1930,1,高价值核心用户
111842678,1,15,673.03,460,1,高价值核心用户
95237027,1,12,935.07,1892,1,高价值核心用户
108154737,1,0,0.0,721,1,高价值核心用户
81611585,1,65,4420.82,3415,5,一般用户
112673625,3,1,217.25,816,2,一般用户
63853211,2,2,332.23,271,2,一般用户
58156669,1,8,575.48,247,1,高价值核心用户
118427343,3,0,0.0,147,2,一般用户
71035154,1,16,1161.93,1890,1,高价值核心用户
63398160,2,201,7512.36,1104,0,一般用户
125879991,5,1,217.25,210,3,一般用户
126690366,1,17,815.86,1098,1,高价值核心用户
113693068,1,61,3914.62,2249,5,一般用户
97600962,2,7,368.32,366,2,一般用户
64105175,2,7,437.73,105,2,一般用户
128733919,1,0,0.0,276,1,高价值核心用户
67508764,5,0,0.0,126,3,一般用户
73746330,1,0,0.0,433,1,高价值核心用户
13014253,1,43,1504.64,498,1,高价值核心用户
98908158,1,53,3112.8,611,5,一般用户
102758797,1,1,151.78,904,1,高价值核心用户
75632937,1,20,1868.94,246,1,高价值核心用户
73034210,1,75,4825.64,1501,5,一般用户
137107726,4,0,0.0,367,3,一般用户
81855599,1,1,103.16,49,1,高价值核心用户
8400761,27,0,0.0,7,3,一般用户
84756365,3,15,718.3,345,2,一般用户
93461805,3,0,0.0,255,2,一般用户
120416898,1,33,1905.94,226,5,一般用户
141388703,2,26,2165.3,684,2,一般用户
96310581,1,0,0.0,271,1,高价值核心用户
103036341,1,0,0.0,135,1,高价值核心用户
12369583,1,4,289.57,502,1,高价值核心用户
107683230,6,149,3945.41,1614,5,一般用户
96789054,1,39,3359.81,1393,5,一般用户
16263185,1,0,0.0,938,1,高价值核心用户
124822888,1,5,168.19,128,1,高价值核心用户
124982206,1,24,1446.81,612,1,高价值核心用户
73202533,1,0,0.0,235,1,高价值核心用户
76558003,4,1,234.71,261,3,一般用户
2083985,1,4,114.66,110,1,高价值核心用户
85497599,3,1,10.0,403,2,一般用户
22254224,2,0,0.0,103,2,一般用户
127719617,1,1,151.82,55,1,高价值核心用户
25173367,6,1,120.6,135,3,一般用户
128867621,3,4,403.95,300,2,一般用户
31331524,1,2,186.03,523,1,高价值核心用户
107756063,1,0,0.0,189,1,高价值核心用户
131565054,1,1,10.0,177,1,高价值核心用户
90916467,7,0,0.0,99,3,一般用户
92718956,6,0,0.0,139,3,一般用户
108784707,3,0,0.0,100,2,一般用户
138265467,3,0,0.0,36,2,一般用户
114115623,1,4,316.65,497,1,高价值核心用户
92747771,1,0,0.0,152,1,高价值核心用户
138856687,1,0,0.0,957,1,高价值核心用户
37573814,1,0,0.0,550,1,高价值核心用户
115164360,3,0,0.0,226,2,一般用户
98664722,1,1,38.17,206,1,高价值核心用户
100644641,1,22,906.26,154,1,高价值核心用户
96524285,2,0,0.0,37,2,一般用户
101503683,10,1,22.64,46,3,一般用户
101828853,2,0,0.0,1291,2,一般用户
106672791,1,0,0.0,410,1,高价值核心用户
118193939,1,1,10.0,355,1,高价值核心用户
40364499,1,43,1932.08,1619,5,一般用户
122372539,1,1,32.54,238,1,高价值核心用户
10755564,1,0,0.0,376,1,高价值核心用户
139090437,3,16,1937.54,557,2,一般用户
130070214,1,0,0.0,156,1,高价值核心用户
114419322,6,1,98.52,75,3,一般用户
118525064,1,4,320.98,1877,1,高价值核心用户
130594670,1,1,166.86,717,1,高价值核心用户
103472750,1,2,227.25,1391,1,高价值核心用户
18031985,1,3,372.19,299,1,高价值核心用户
27808271,1,2,334.38,855,1,高价值核心用户
15503033,1,1,98.48,1183,1,高价值核心用户
40431183,1,0,0.0,742,1,高价值核心用户
109179391,1,0,0.0,308,1,高价值核心用户
31208829,11,3,183.86,45,3,一般用户
3191339,2,1,62.47,89,2,一般用户
34195604,1,19,1894.04,995,1,高价值核心用户
44632141,1,0,0.0,28,1,高价值核心用户
111752966,4,23,1550.69,159,3,一般用户
47071587,2,0,0.0,180,2,一般用户
11845036,22,7,218.0,53,3,一般用户
2079867,1,77,3712.33,777,5,一般用户
121593952,1,5,537.47,493,1,高价值核心用户
47961060,1,0,0.0,319,1,高价值核心用户
131040203,1,1,408.22,603,1,高价值核心用户
5358079,1,131,2845.76,963,5,一般用户
122885474,1,0,0.0,251,1,高价值核心用户
34994624,1,1,103.88,187,1,高价值核心用户
13006367,5,0,0.0,295,3,一般用户
131696808,3,0,0.0,180,2,一般用户
37880189,1,1,98.92,890,1,高价值核心用户
227293,1,2,214.26,421,1,高价值核心用户
132590261,2,34,1079.03,377,2,一般用户
134479240,1,3,243.78,675,1,高价值核心用户
64597982,1,232,10640.57,711,0,一般用户
2352151,1,69,2678.79,409,5,一般用户
133723007,2,19,1061.44,409,2,一般用户
25509021,1,75,3863.45,1604,5,一般用户
43587789,1,2,214.21,122,1,高价值核心用户
65484241,1,1,120.04,106,1,高价值核心用户
49610523,1,7,168.06,335,1,高价值核心用户
13447112,13,0,0.0,92,3,一般用户
135144517,1,28,2221.92,1108,5,一般用户
68288874,1,1,45.83,669,1,高价值核心用户
134806923,2,2,91.27,573,2,一般用户
52580712,1,2,223.44,1332,1,高价值核心用户
138981037,1,1,98.92,334,1,高价值核心用户
71223370,1,1,209.49,384,1,高价值核心用户
140563378,17,3,139.06,246,3,一般用户
13943503,1,0,0.0,109,1,高价值核心用户
140730073,1,10,1223.39,121,1,高价值核心用户
16788618,1,40,2520.03,407,5,一般用户
16124295,2,2,320.16,588,2,一般用户
79876720,2,4,452.38,227,2,一般用户
80274951,2,1,60.99,345,2,一般用户
56498516,2,80,2600.59,954,5,一般用户
26570624,12,0,0.0,116,3,一般用户
17048049,1,0,0.0,1320,1,高价值核心用户
35941637,1,0,0.0,479,1,高价值核心用户
27803245,1,4,335.27,1165,1,高价值核心用户
86180555,3,0,0.0,36,2,一般用户
36912686,2,0,0.0,133,2,一般用户
3830694,1,12,1173.94,582,1,高价值核心用户
59547613,1,4,415.61,261,1,高价值核心用户
21552855,3,0,0.0,78,2,一般用户
62394339,1,41,2556.0,802,5,一般用户
22508323,1,0,0.0,407,1,高价值核心用户
51926941,1,77,3448.21,2837,5,一般用户
33116829,1,14,1110.33,1413,1,高价值核心用户
33039526,1,3,274.58,656,1,高价值核心用户
70664874,5,2,248.18,425,3,一般用户
71437297,1,13,788.92,359,1,高价值核心用户
42225359,9,4,293.34,11,3,一般用户
48315003,1,1,213.64,82,1,高价值核心用户
52523404,1,0,0.0,232,1,高价值核心用户
73136013,1,2,298.29,178,1,高价值核心用户
97156558,1,1,141.06,575,1,高价值核心用户
100853561,3,0,0.0,1152,2,一般用户
75225256,1,1,180.08,2094,1,高价值核心用户
52548753,1,33,1930.89,806,5,一般用户
3423779,5,1,258.96,74,3,一般用户
34761884,1,4,327.12,481,1,高价值核心用户
52763242,1,46,2322.57,626,5,一般用户
43250746,1,460,7173.56,2320,6,一般用户
104688634,1,15,738.61,295,1,高价值核心用户
53364820,1,0,0.0,280,1,高价值核心用户
113445602,5,22,459.82,475,3,一般用户
54133893,1,20,1109.2,1292,1,高价值核心用户
58778870,1,14,1302.23,321,1,高价值核心用户
114497121,1,3,376.74,117,1,高价值核心用户
59144894,1,2,216.25,220,1,高价值核心用户
116695180,1,3,457.18,523,1,高价值核心用户
83919959,7,0,0.0,61,3,一般用户
84406897,3,20,966.71,91,2,一般用户
59270559,1,22,1304.1,365,1,高价值核心用户
85051939,1,3,200.01,645,1,高价值核心用户
119652192,1,330,14251.19,2556,6,一般用户
59781337,1,2,171.54,3281,1,高价值核心用户
55136020,1,0,0.0,293,1,高价值核心用户
49007368,1,4,444.28,144,1,高价值核心用户
86674738,1,0,0.0,413,1,高价值核心用户
5159022,1,0,0.0,892,1,高价值核心用户
63382326,7,0,0.0,11,3,一般用户
63729308,1,0,0.0,193,1,高价值核心用户
65200157,1,2,172.27,108,1,高价值核心用户
89006471,6,23,1836.63,106,3,一般用户
67155716,1,119,5897.7,730,0,一般用户
89917648,1,2,354.05,306,1,高价值核心用户
89918216,1,11,1037.56,358,1,高价值核心用户
5179507,4,0,0.0,103,3,一般用户
63705984,1,6,297.86,144,1,高价值核心用户
64056262,6,0,0.0,114,3,一般用户
68255573,4,1,47.89,48,3,一般用户
70689524,1,0,0.0,75,1,高价值核心用户
65010632,1,0,0.0,177,1,高价值核心用户
71712016,6,0,0.0,178,3,一般用户
68573775,11,0,0.0,164,3,一般用户
94428036,1,1,10.0,1368,1,高价值核心用户
72062153,4,1,271.52,64,3,一般用户
78354424,1,1,99.27,91,1,高价值核心用户
7267531,2,1,98.33,487,2,一般用户
82465279,5,0,0.0,34,3,一般用户
867381,1,125,6377.74,2718,0,一般用户
120337889,1,5,321.55,482,1,高价值核心用户
72890914,5,0,0.0,218,3,一般用户
60826253,1,0,0.0,178,1,高价值核心用户
75022392,6,0,0.0,398,3,一般用户
6516985,2,1,139.35,137,2,一般用户
123006501,1,8,504.79,301,1,高价值核心用户
75160982,2,0,0.0,137,2,一般用户
77904805,2,3,369.36,66,2,一般用户
79788089,2,18,1014.05,483,2,一般用户
124196795,2,0,0.0,137,2,一般用户
79243315,2,0,0.0,253,2,一般用户
126004091,1,43,2140.11,295,5,一般用户
96356617,1,19,981.14,541,1,高价值核心用户
80458696,1,4,414.36,1371,1,高价值核心用户
134042583,3,3,104.93,221,2,一般用户
83307780,1,0,0.0,613,1,高价值核心用户
137443248,3,0,0.0,69,2,一般用户
21923340,1,0,0.0,99,1,高价值核心用户
22183500,1,129,5436.33,812,0,一般用户
86530795,2,113,4997.27,546,5,一般用户
90251602,1,49,2603.32,794,5,一般用户
25678919,1,2,104.24,2666,1,高价值核心用户
93687523,1,228,6594.01,1888,0,一般用户
80528162,1,43,1401.98,1352,1,高价值核心用户
94432660,1,0,0.0,274,1,高价值核心用户
99241118,2,16,1053.49,283,2,一般用户
100211157,1,26,2177.1,499,5,一般用户
80945120,1,0,0.0,341,1,高价值核心用户
90442425,1,40,1468.45,528,1,高价值核心用户
101884100,2,0,0.0,163,2,一般用户
102011432,1,32,2970.77,2090,5,一般用户
108212684,1,245,8188.99,4004,0,一般用户
83346211,1,5,511.0,1133,1,高价值核心用户
94257737,3,0,0.0,295,2,一般用户
26034408,2,10,726.88,538,2,一般用户
95055106,2,1,95.56,208,2,一般用户
29405414,1,2,216.07,136,1,高价值核心用户
33816024,1,37,2525.15,290,5,一般用户
35739934,1,29,2368.03,634,5,一般用户
96872131,1,3,316.62,385,1,高价值核心用户
101437780,1,3,371.43,2337,1,高价值核心用户
85057275,1,15,1639.23,378,1,高价值核心用户
88855760,1,1,182.36,318,1,高价值核心用户
44138845,1,6,604.12,455,1,高价值核心用户
89646454,2,0,0.0,279,2,一般用户
47153697,1,113,4983.74,1281,5,一般用户
93755017,1,0,0.0,73,1,高价值核心用户
104003037,1,38,1468.91,2783,1,高价值核心用户
93791092,1,0,0.0,689,1,高价值核心用户
99433181,1,100,5094.24,1529,5,一般用户
100874047,7,4,173.48,130,3,一般用户
104229897,1,0,0.0,588,1,高价值核心用户
49949443,2,17,783.05,119,2,一般用户
102868553,2,0,0.0,46,2,一般用户
55864105,1,0,0.0,38,1,高价值核心用户
105181025,1,29,1151.04,576,1,高价值核心用户
72132223,16,1,10.0,134,3,一般用户
106029601,1,2,107.97,137,1,高价值核心用户
78221884,1,0,0.0,22,1,高价值核心用户
8406569,2,46,1494.27,343,2,一般用户
106605165,1,0,0.0,153,1,高价值核心用户
107653308,1,11,575.05,550,1,高价值核心用户
89063931,7,1,10.0,74,3,一般用户
10980798,1,80,4312.92,652,5,一般用户
96818946,1,10,329.52,212,1,高价值核心用户
109421576,1,0,0.0,38,1,高价值核心用户
10825402,2,127,5176.06,610,5,一般用户
109678791,3,0,0.0,83,2,一般用户
113367173,3,0,0.0,153,2,一般用户
113512295,1,1,10.0,35,1,高价值核心用户
11682531,1,100,3597.36,1760,5,一般用户
109476383,3,1,10.0,160,2,一般用户
111238404,2,0,0.0,489,2,一般用户
9890683,2,0,0.0,182,2,一般用户
102456563,1,22,2183.17,814,5,一般用户
111244765,21,0,0.0,21,3,一般用户
113319009,1,1,10.0,371,1,高价值核心用户
112846816,4,2,98.94,185,3,一般用户
120651840,1,1,76.08,250,1,高价值核心用户
123751545,1,1,408.22,128,1,高价值核心用户
116187349,1,1,149.23,231,1,高价值核心用户
126557328,21,0,0.0,10,3,一般用户
130567891,1,2,249.91,1633,1,高价值核心用户
109048285,1,77,3274.66,576,5,一般用户
119990802,1,82,3922.69,1467,5,一般用户
10765825,1,5,512.2,786,1,高价值核心用户
117293466,1,1,154.9,604,1,高价值核心用户
110483148,2,3,267.67,705,2,一般用户
108748058,1,0,0.0,1506,1,高价值核心用户
119157607,2,3,320.27,239,2,一般用户
112632735,1,1,10.0,116,1,高价值核心用户
124128236,2,0,0.0,133,2,一般用户
127552225,1,13,1281.11,528,1,高价值核心用户
129189293,1,1,101.0,293,1,高价值核心用户
12730285,1,3,263.94,414,1,高价值核心用户
130806899,1,3,373.25,1754,1,高价值核心用户
132057506,1,32,3626.35,1224,5,一般用户
128372503,1,0,0.0,181,1,高价值核心用户
12997160,3,1,130.06,88,2,一般用户
130572539,1,19,1685.93,485,1,高价值核心用户
129915492,7,1,187.12,52,3,一般用户
131566572,1,1,217.25,393,1,高价值核心用户
136507295,9,0,0.0,88,3,一般用户
137563818,2,0,0.0,164,2,一般用户
138635225,1,3,387.84,965,1,高价值核心用户
141083736,1,0,0.0,492,1,高价值核心用户
108770715,1,5,356.07,1721,1,高价值核心用户
133428730,4,0,0.0,120,3,一般用户
23827809,1,0,0.0,290,1,高价值核心用户
141290489,4,2,149.35,258,3,一般用户
2400099,1,10,997.06,506,1,高价值核心用户
133946364,1,0,0.0,988,1,高价值核心用户
139333186,2,30,2111.47,406,2,一般用户
16533610,1,0,0.0,342,1,高价值核心用户
21195090,1,2,290.49,435,1,高价值核心用户
33984927,1,149,4599.22,3136,5,一般用户
140906142,1,65,3137.46,1042,5,一般用户
134658118,1,2,33.75,261,1,高价值核心用户
28462928,1,73,3276.86,1057,5,一般用户
135076585,1,5,264.67,149,1,高价值核心用户
17733990,1,0,0.0,92,1,高价值核心用户
21676430,1,25,2302.84,658,5,一般用户
111246826,2,0,0.0,241,2,一般用户
141324182,1,4,237.1,253,1,高价值核心用户
113888835,1,1,139.74,114,1,高价值核心用户
116435616,5,63,2358.86,286,3,一般用户
21905234,16,2,178.37,18,3,一般用户
24356634,1,27,1427.86,959,1,高价值核心用户
118700439,2,1,80.08,353,2,一般用户
28467700,1,18,1517.02,622,1,高价值核心用户
22422703,1,12,1111.05,266,1,高价值核心用户
124161111,1,1,98.92,512,1,高价值核心用户
30764977,1,33,867.9,228,1,高价值核心用户
29217415,12,1,14.39,271,3,一般用户
37671999,1,141,4463.78,4338,5,一般用户
130125431,3,3,350.43,141,2,一般用户
27115433,1,14,958.21,443,1,高价值核心用户
131240843,1,0,0.0,728,1,高价值核心用户
31538214,6,0,0.0,50,3,一般用户
32699108,1,30,2282.98,647,5,一般用户
30226785,1,31,1837.35,576,1,高价值核心用户
35921923,1,1,10.0,467,1,高价值核心用户
131637785,1,2,247.06,1597,1,高价值核心用户
47763414,16,1,166.86,23,3,一般用户
56161120,1,4,470.49,450,1,高价值核心用户
35948167,1,19,1541.83,975,1,高价值核心用户
64266338,2,20,1285.35,315,2,一般用户
36481168,4,4,92.24,32,3,一般用户
39096760,7,4,554.02,90,3,一般用户
39690010,1,2,170.95,293,1,高价值核心用户
65327272,1,0,0.0,477,1,高价值核心用户
40833290,1,1,272.25,546,1,高价值核心用户
67942355,1,1,109.08,483,1,高价值核心用户
41718632,1,3,298.06,318,1,高价值核心用户
41021470,2,38,1972.23,324,2,一般用户
43284343,1,98,2575.75,1241,5,一般用户
6799716,1,0,0.0,148,1,高价值核心用户
136794879,1,118,4945.6,644,5,一般用户
418175,1,0,0.0,564,1,高价值核心用户
78522957,2,19,1089.83,493,2,一般用户
42599112,1,189,3968.76,1842,0,一般用户
88503688,1,44,2166.11,2268,5,一般用户
141578499,1,4,323.06,728,1,高价值核心用户
46468680,1,1,109.25,490,1,高价值核心用户
24683808,1,4,391.08,103,1,高价值核心用户
33182580,2,18,933.52,120,2,一般用户
49904939,1,5,547.06,353,1,高价值核心用户
34997471,1,11,527.87,210,1,高价值核心用户
40798219,1,3,248.91,186,1,高价值核心用户
50660286,2,2,105.15,302,2,一般用户
44492877,1,6,438.99,144,1,高价值核心用户
5201714,1,8,906.58,937,1,高价值核心用户
55055762,1,57,3409.86,1380,5,一般用户
43991184,1,0,0.0,103,1,高价值核心用户
42089925,1,92,3245.47,1169,5,一般用户
47047755,2,0,0.0,135,2,一般用户
50864448,5,1,145.04,9,3,一般用户
51435164,1,2,165.75,3768,1,高价值核心用户
52448630,5,1,134.37,429,3,一般用户
92545351,1,0,0.0,150,1,高价值核心用户
101560598,1,1,119.36,350,1,高价值核心用户
58173672,7,1,62.44,16,3,一般用户
66331755,1,13,1264.01,834,1,高价值核心用户
54769390,1,16,722.51,208,1,高价值核心用户
104639948,1,0,0.0,80,1,高价值核心用户
44397875,5,0,0.0,22,3,一般用户
53788959,5,0,0.0,26,3,一般用户
63625417,1,788,11499.61,2828,6,一般用户
105788199,2,27,2537.45,616,2,一般用户
55603065,1,7,460.43,266,1,高价值核心用户
56053530,1,79,4215.26,1909,5,一般用户
67053820,1,1,271.52,1010,1,高价值核心用户
114726208,1,3,145.67,1420,1,高价值核心用户
68412184,1,3,236.48,1596,1,高价值核心用户
52592137,3,1,62.32,91,2,一般用户
55192915,1,8,592.97,940,1,高价值核心用户
117829483,5,0,0.0,409,3,一般用户
61536684,1,6,624.25,478,1,高价值核心用户
66544067,1,0,0.0,229,1,高价值核心用户
118051628,1,1,10.0,1383,1,高价值核心用户
56265199,1,62,3364.15,628,5,一般用户
73851874,1,0,0.0,487,1,高价值核心用户
6419226,1,1,98.33,100,1,高价值核心用户
64566338,10,0,0.0,378,3,一般用户
56797391,1,1,62.78,859,1,高价值核心用户
77258315,1,59,2417.65,828,5,一般用户
70380387,1,61,2602.44,609,5,一般用户
70138205,1,1,119.07,194,1,高价值核心用户
73525853,2,2,410.87,438,2,一般用户
118661338,1,0,0.0,99,1,高价值核心用户
124962693,1,8,589.82,1228,1,高价值核心用户
71090781,1,1,135.16,229,1,高价值核心用户
74952849,2,504,12769.68,4039,6,一般用户
81607879,1,0,0.0,67,1,高价值核心用户
83334493,1,9,407.55,366,1,高价值核心用户
57140122,2,0,0.0,110,2,一般用户
85566132,1,519,10039.13,1412,6,一般用户
61974693,1,0,0.0,115,1,高价值核心用户
6812814,4,1,133.92,122,3,一般用户
84037292,9,1,209.35,51,3,一般用户
70233601,1,46,1495.02,405,1,高价值核心用户
8413012,1,0,0.0,71,1,高价值核心用户
85178050,1,70,3354.14,463,5,一般用户
89391097,18,0,0.0,34,3,一般用户
130082553,1,0,0.0,160,1,高价值核心用户
9056309,1,0,0.0,406,1,高价值核心用户
7713477,1,1,149.78,391,1,高价值核心用户
132815324,1,0,0.0,134,1,高价值核心用户
140661231,1,26,1532.9,1151,1,高价值核心用户
88901750,1,108,3552.05,961,5,一般用户
77500052,1,5,394.09,412,1,高价值核心用户
92550603,1,93,3972.47,498,5,一般用户
8045744,1,84,2969.32,1141,5,一般用户
98621566,1,2,174.5,16,1,高价值核心用户
99059817,1,0,0.0,674,1,高价值核心用户
18375619,1,1,142.38,467,1,高价值核心用户
89854830,1,0,0.0,289,1,高价值核心用户
9238232,19,2,228.61,16,3,一般用户
95057565,3,0,0.0,131,2,一般用户
26401619,1,45,2585.55,985,5,一般用户
81919787,2,0,0.0,158,2,一般用户
82438723,1,8,547.13,1218,1,高价值核心用户
98264814,1,0,0.0,129,1,高价值核心用户
100633536,1,28,935.88,546,1,高价值核心用户
77886379,12,0,0.0,16,3,一般用户
86010915,1,1,105.14,246,1,高价值核心用户
101791582,1,162,2908.7,523,5,一般用户
27973180,4,2,323.92,197,3,一般用户
87224584,1,0,0.0,708,1,高价值核心用户
33424560,1,59,3136.99,1319,5,一般用户
8971089,10,4,293.71,70,3,一般用户
98507442,2,2,117.13,402,2,一般用户
10164041,1,0,0.0,87,1,高价值核心用户
104994810,1,0,0.0,1216,1,高价值核心用户
102418389,1,103,4618.35,1716,5,一般用户
94864441,1,1,10.0,261,1,高价值核心用户
95869367,3,28,1035.83,556,2,一般用户
94542574,6,19,722.14,104,3,一般用户
98942227,1,2,258.12,239,1,高价值核心用户
103439105,1,212,4370.25,2944,0,一般用户
99651145,1,0,0.0,706,1,高价值核心用户
117063879,7,0,0.0,121,3,一般用户
122823587,1,148,3417.55,1441,5,一般用户
3569244,1,1,47.95,780,1,高价值核心用户
106335674,1,1,10.0,213,1,高价值核心用户
107936760,1,5,378.88,188,1,高价值核心用户
111786935,2,4,614.81,1304,2,一般用户
110734521,1,105,4120.11,414,5,一般用户
36703106,1,1,88.94,648,1,高价值核心用户
114054067,1,1,165.75,879,1,高价值核心用户
36904941,2,5,352.21,211,2,一般用户
126485355,2,2,124.71,99,2,一般用户
127641352,1,0,0.0,85,1,高价值核心用户
43624984,3,0,0.0,672,2,一般用户
112284483,1,13,862.55,256,1,高价值核心用户
127641845,1,14,1307.57,1294,1,高价值核心用户
124052343,1,31,1259.66,564,1,高价值核心用户
116566595,2,0,0.0,38,2,一般用户
120378933,1,26,886.31,1490,1,高价值核心用户
44817147,1,2,101.84,854,1,高价值核心用户
124799559,1,0,0.0,138,1,高价值核心用户
127806965,2,0,0.0,118,2,一般用户
10746742,1,0,0.0,93,1,高价值核心用户
111173414,1,1,102.38,898,1,高价值核心用户
13079368,1,2,175.0,788,1,高价值核心用户
47399128,6,0,0.0,54,3,一般用户
48793683,1,150,8687.97,4561,0,一般用户
135154572,1,3,168.27,120,1,高价值核心用户
136220191,1,10,1261.63,1122,1,高价值核心用户
113398892,1,9,344.59,305,1,高价值核心用户
132308943,1,29,2896.19,1087,5,一般用户
115343862,1,180,7080.38,1970,0,一般用户
128009906,1,30,1991.83,925,5,一般用户
13869219,1,235,6497.68,1355,0,一般用户
129316424,1,1,52.61,449,1,高价值核心用户
135016636,1,28,815.31,273,1,高价值核心用户
142450275,1,67,2410.51,3205,5,一般用户
129533061,1,0,0.0,72,1,高价值核心用户
133559789,2,19,1180.11,124,2,一般用户
142060721,1,27,2169.79,1027,5,一般用户
142133884,1,10,396.94,111,1,高价值核心用户
15706809,4,1,123.18,142,3,一般用户
116851361,3,72,3063.16,876,5,一般用户
23828185,1,1,89.77,79,1,高价值核心用户
29689901,1,2,307.51,1633,1,高价值核心用户
117547978,1,30,2027.25,168,5,一般用户
1760140,3,0,0.0,185,2,一般用户
120818681,3,9,627.05,153,2,一般用户
1335738,1,1,153.64,205,1,高价值核心用户
18869716,2,0,0.0,292,2,一般用户
134369588,1,5,290.06,659,1,高价值核心用户
20302058,1,0,0.0,106,1,高价值核心用户
2272401,1,1,10.0,83,1,高价值核心用户
23838725,3,12,914.29,174,2,一般用户
48897519,1,139,5161.97,958,0,一般用户
27129711,1,21,832.71,519,1,高价值核心用户
138765963,7,0,0.0,119,3,一般用户
139199517,1,0,0.0,109,1,高价值核心用户
33356728,1,100,5836.35,1110,5,一般用户
20047712,1,1,108.06,187,1,高价值核心用户
21660809,3,0,0.0,330,2,一般用户
27422586,1,3,304.2,314,1,高价值核心用户
36164872,1,0,0.0,176,1,高价值核心用户
14355777,1,1,96.18,464,1,高价值核心用户
28257786,4,1,165.75,837,3,一般用户
43032378,1,192,7147.88,1552,0,一般用户
53472380,9,0,0.0,44,3,一般用户
55605483,1,174,8293.39,1796,0,一般用户
17254770,3,0,0.0,9,2,一般用户
24610294,5,1,217.25,123,3,一般用户
36417444,1,0,0.0,393,1,高价值核心用户
25776026,3,0,0.0,167,2,一般用户
29032154,1,19,1451.49,194,1,高价值核心用户
32386327,31,0,0.0,1,3,一般用户
38269947,3,35,2589.89,283,2,一般用户
3864501,1,23,755.36,101,1,高价值核心用户
47038183,1,43,2269.35,1370,5,一般用户
29550258,1,0,0.0,52,1,高价值核心用户
29583836,1,0,0.0,600,1,高价值核心用户
41584192,1,143,5739.08,1419,0,一般用户
49896332,1,0,0.0,358,1,高价值核心用户
33366958,1,9,293.34,325,1,高价值核心用户
34576265,3,28,872.83,227,2,一般用户
52825214,3,10,747.82,423,2,一般用户
39445216,2,14,1659.98,680,2,一般用户
56119326,1,1,10.0,263,1,高价值核心用户
60899990,4,5,249.79,122,3,一般用户
6438366,12,2,196.14,75,3,一般用户
53517495,1,0,0.0,330,1,高价值核心用户
66976532,1,6,331.28,87,1,高价值核心用户
61966309,1,1,127.72,364,1,高价值核心用户
72552037,4,0,0.0,387,3,一般用户
43468469,1,13,1104.32,1332,1,高价值核心用户
68583482,2,5,515.08,377,2,一般用户
40729803,5,10,1093.34,179,3,一般用户
42719621,1,0,0.0,207,1,高价值核心用户
76352172,1,1,100.82,726,1,高价值核心用户
83279248,1,8,635.32,420,1,高价值核心用户
44981629,1,1,154.56,224,1,高价值核心用户
70822231,3,0,0.0,52,2,一般用户
78397392,4,0,0.0,33,3,一般用户
79472459,1,54,1461.03,940,1,高价值核心用户
83687317,1,67,2822.06,655,5,一般用户
46468716,3,2,369.3,168,2,一般用户
60351038,1,16,1171.2,392,1,高价值核心用户
77072530,1,1,168.22,217,1,高价值核心用户
84809260,3,0,0.0,227,2,一般用户
61887588,1,55,3160.44,519,5,一般用户
45519798,1,0,0.0,104,1,高价值核心用户
92130636,3,27,1769.6,501,2,一般用户
5860001,1,119,4113.66,1462,5,一般用户
99750042,1,64,2421.19,1496,5,一般用户
100530696,1,0,0.0,693,1,高价值核心用户
81470571,2,1,107.77,278,2,一般用户
64881151,1,164,6254.78,1065,0,一般用户
92795144,3,6,451.05,171,2,一般用户
81654342,2,16,1597.39,411,2,一般用户
100650188,1,2,49.46,108,1,高价值核心用户
9886065,1,154,4938.94,1100,0,一般用户
100917596,1,0,0.0,1153,1,高价值核心用户
83607024,1,0,0.0,341,1,高价值核心用户
88568494,1,13,943.27,485,1,高价值核心用户
67155648,3,0,0.0,566,2,一般用户
59567091,1,12,1249.88,4565,1,高价值核心用户
90721251,1,3,321.91,760,1,高价值核心用户
100968525,1,0,0.0,434,1,高价值核心用户
69521301,1,189,6330.89,1704,0,一般用户
97834299,3,0,0.0,117,2,一般用户
107269703,4,13,882.01,88,3,一般用户
1081595,2,0,0.0,130,2,一般用户
101682609,1,15,1093.37,208,1,高价值核心用户
111195634,1,2,86.21,275,1,高价值核心用户
10292215,1,0,0.0,137,1,高价值核心用户
109772113,5,18,843.29,192,3,一般用户
117835170,1,2,143.11,54,1,高价值核心用户
9194303,1,10,721.72,591,1,高价值核心用户
121185603,1,2,183.55,594,1,高价值核心用户
111974132,1,0,0.0,275,1,高价值核心用户
114934780,3,0,0.0,71,2,一般用户
114995751,1,137,5021.03,1205,5,一般用户
70978759,1,49,1915.94,1158,5,一般用户
121970896,1,21,1585.04,523,1,高价值核心用户
95607230,20,0,0.0,28,3,一般用户
132048401,1,1,130.06,973,1,高价值核心用户
120330409,1,5,817.83,540,1,高价值核心用户
79244251,1,1,150.37,55,1,高价值核心用户
81666196,5,0,0.0,128,3,一般用户
1206079,2,0,0.0,198,2,一般用户
85052259,1,15,1680.38,1280,1,高价值核心用户
135454126,1,3,198.86,1010,1,高价值核心用户
125871904,1,4,441.27,1118,1,高价值核心用户
13948161,1,5,595.17,594,1,高价值核心用户
126735858,1,0,0.0,114,1,高价值核心用户
128246403,1,5,538.49,1331,1,高价值核心用户
89710336,1,1,88.94,942,1,高价值核心用户
140869856,1,37,3070.24,424,5,一般用户
61534398,3,0,0.0,22,2,一般用户
62575215,2,0,0.0,519,2,一般用户
141840594,1,5,198.66,1449,1,高价值核心用户
78309060,2,8,494.56,267,2,一般用户
79243483,1,5,521.98,555,1,高价值核心用户
90479167,1,17,940.09,231,1,高价值核心用户
91301440,1,7,620.7,844,1,高价值核心用户
128814993,1,0,0.0,136,1,高价值核心用户
80583776,1,22,820.85,567,1,高价值核心用户
129535209,1,1,181.81,72,1,高价值核心用户
134020041,1,0,0.0,78,1,高价值核心用户
134120527,2,4,285.15,411,2,一般用户
23167916,1,0,0.0,165,1,高价值核心用户
27237010,1,1,97.13,171,1,高价值核心用户
92658788,1,3,275.33,107,1,高价值核心用户
82833924,2,0,0.0,208,2,一般用户
134512473,3,0,0.0,549,2,一般用户
30198310,2,1,33.68,152,2,一般用户
3578206,1,97,3646.03,2690,5,一般用户
89256212,1,24,1602.87,372,1,高价值核心用户
99791909,1,2,20.0,652,1,高价值核心用户
101833065,1,0,0.0,121,1,高价值核心用户
10535263,2,1,130.06,521,2,一般用户
135050406,1,1,42.78,341,1,高价值核心用户
10705215,1,34,930.33,2097,1,高价值核心用户
91508901,1,19,1247.61,784,1,高价值核心用户
100701928,1,1,165.75,604,1,高价值核心用户
140144743,1,0,0.0,624,1,高价值核心用户
101689479,2,3,394.97,259,2,一般用户
14515063,1,2,344.4,1231,1,高价值核心用户
109099701,1,7,465.93,269,1,高价值核心用户
113718238,21,0,0.0,14,3,一般用户
116251035,2,0,0.0,18,2,一般用户
117932070,2,1,68.63,47,2,一般用户
118635428,1,34,1719.24,1467,1,高价值核心用户
14705382,1,14,1441.62,447,1,高价值核心用户
109211848,1,1,190.13,53,1,高价值核心用户
117257401,1,10,1007.99,196,1,高价值核心用户
122742392,1,10,1136.31,725,1,高价值核心用户
38782215,1,118,3157.66,1248,5,一般用户
16499024,1,1,94.17,231,1,高价值核心用户
16590671,1,7,498.06,878,1,高价值核心用户
12214179,1,7,660.95,1703,1,高价值核心用户
123952685,1,32,2185.66,726,5,一般用户
23593325,1,1,177.73,889,1,高价值核心用户
41818010,1,5,290.49,186,1,高价值核心用户
131612590,1,0,0.0,149,1,高价值核心用户
42930798,1,0,0.0,1616,1,高价值核心用户
133152667,1,0,0.0,2477,1,高价值核心用户
27933232,1,1,104.66,335,1,高价值核心用户
133788184,1,2,202.69,310,1,高价值核心用户
29429701,1,0,0.0,744,1,高价值核心用户
135582975,1,29,1570.57,814,1,高价值核心用户
47152738,5,1,61.67,473,3,一般用户
3375066,1,0,0.0,141,1,高价值核心用户
3519280,1,19,826.14,763,1,高价值核心用户
1593616,2,1,123.69,217,2,一般用户
47630700,2,0,0.0,170,2,一般用户
521437,2,7,596.09,235,2,一般用户
17340020,1,11,803.95,647,1,高价值核心用户
54299599,2,35,1582.7,824,2,一般用户
13784674,1,9,648.23,129,1,高价值核心用户
17840949,6,44,2186.03,300,3,一般用户
36574688,1,28,2671.48,2542,5,一般用户
17809628,1,3,279.43,489,1,高价值核心用户
19911284,1,347,15010.01,2391,6,一般用户
54914362,1,1,116.71,81,1,高价值核心用户
19338057,1,9,697.96,285,1,高价值核心用户
62118780,7,0,0.0,41,3,一般用户
64207025,2,0,0.0,76,2,一般用户
64471307,1,115,2737.89,791,5,一般用户
1944583,12,1,81.94,367,3,一般用户
23376907,1,23,944.36,323,1,高价值核心用户
24888768,7,2,162.23,49,3,一般用户
29611751,1,0,0.0,708,1,高价值核心用户
66621061,1,1,130.06,119,1,高价值核心用户
68259655,4,24,1296.77,398,3,一般用户
70889190,1,95,5917.64,2457,5,一般用户
34232226,1,32,1061.95,438,1,高价值核心用户
3695398,1,121,3458.81,882,5,一般用户
36673681,1,67,4523.77,428,5,一般用户
22125304,1,29,2261.14,1577,5,一般用户
52987418,4,0,0.0,7,3,一般用户
59575247,7,1,165.75,414,3,一般用户
37600724,2,10,449.89,176,2,一般用户
60615660,1,1,165.75,832,1,高价值核心用户
413178,4,1,97.66,433,3,一般用户
77084854,4,0,0.0,24,3,一般用户
79505279,1,8,955.7,305,1,高价值核心用户
89610223,1,15,467.94,304,1,高价值核心用户
65430374,1,0,0.0,275,1,高价值核心用户
41320562,11,1,141.06,861,3,一般用户
90378059,1,9,884.91,347,1,高价值核心用户
23757860,1,40,2685.78,695,5,一般用户
65882631,1,1,154.9,85,1,高价值核心用户
66688297,1,42,3155.4,904,5,一般用户
93940120,2,0,0.0,159,2,一般用户
94755503,3,4,157.43,95,2,一般用户
97917139,5,1,97.8,20,3,一般用户
110731834,10,0,0.0,27,3,一般用户
41599542,5,8,190.42,156,3,一般用户
112487640,1,40,2357.6,541,5,一般用户
24471517,1,1,180.28,118,1,高价值核心用户
50443823,1,0,0.0,602,1,高价值核心用户
27423844,1,0,0.0,1314,1,高价值核心用户
71208218,1,32,986.7,481,1,高价值核心用户
113875234,1,21,1810.39,502,1,高价值核心用户
61811087,3,0,0.0,230,2,一般用户
7144740,1,179,6624.35,1418,0,一般用户
64505114,3,0,0.0,44,2,一般用户
68646634,2,0,0.0,91,2,一般用户
71201867,1,2,360.79,1020,1,高价值核心用户
121262971,2,0,0.0,151,2,一般用户
3066501,13,47,4000.63,204,3,一般用户
122231018,1,110,3336.17,773,5,一般用户
39831836,1,0,0.0,294,1,高价值核心用户
48767456,1,116,5833.02,1807,0,一般用户
72526488,1,0,0.0,350,1,高价值核心用户
76995710,2,0,0.0,70,2,一般用户
72527976,24,0,0.0,1,3,一般用户
76253363,1,568,6925.04,2468,6,一般用户
12662961,1,3,389.42,43,1,高价值核心用户
83082415,4,0,0.0,26,3,一般用户
130876256,11,2,18.97,28,3,一般用户
137042532,15,2,120.85,21,3,一般用户
137725903,2,3,147.72,158,2,一般用户
138543797,2,1,62.74,238,2,一般用户
13872334,1,9,559.8,660,1,高价值核心用户
97733928,1,5,296.26,464,1,高价值核心用户
100839116,13,0,0.0,40,3,一般用户
101449182,1,0,0.0,167,1,高价值核心用户
102442034,1,0,0.0,104,1,高价值核心用户
103696022,1,15,1126.52,151,1,高价值核心用户
52302535,1,197,7144.26,841,0,一般用户
105863986,1,0,0.0,807,1,高价值核心用户
23860674,1,5,218.99,429,1,高价值核心用户
80089562,2,10,807.26,1409,2,一般用户
27626311,1,20,1890.47,1648,1,高价值核心用户
116349225,1,7,708.83,715,1,高价值核心用户
53920496,1,0,0.0,87,1,高价值核心用户
54073830,4,1,204.26,52,3,一般用户
54117782,7,1,85.15,261,3,一般用户
55836212,1,0,0.0,446,1,高价值核心用户
117970006,1,1,127.08,765,1,高价值核心用户
56210078,1,3,257.04,767,1,高价值核心用户
82362614,1,0,0.0,213,1,高价值核心用户
28867140,16,0,0.0,35,3,一般用户
40815020,3,1,108.51,423,2,一般用户
83599484,1,7,604.59,196,1,高价值核心用户
118168018,1,12,1135.14,304,1,高价值核心用户
56997547,1,24,1603.44,400,1,高价值核心用户
83666727,7,0,0.0,320,3,一般用户
44317470,3,2,369.77,47,2,一般用户
47727944,3,1,10.0,214,2,一般用户
121777817,1,2,156.36,1587,1,高价值核心用户
51435191,1,10,1187.85,509,1,高价值核心用户
87990594,1,19,1322.97,440,1,高价值核心用户
74335554,2,1,39.49,227,2,一般用户
78571658,5,14,1760.9,2916,3,一般用户
90474934,4,1,127.34,155,3,一般用户
52957351,1,2,320.96,1671,1,高价值核心用户
91183078,6,0,0.0,95,3,一般用户
93007379,3,2,92.32,561,2,一般用户
9380791,7,0,0.0,32,3,一般用户
95992025,1,1,116.71,137,1,高价值核心用户
123958666,2,0,0.0,114,2,一般用户
125157200,1,25,1017.68,165,1,高价值核心用户
96042414,3,0,0.0,774,2,一般用户
130011402,1,0,0.0,1032,1,高价值核心用户
53396017,7,19,322.27,229,3,一般用户
58280056,1,0,0.0,336,1,高价值核心用户
60069670,6,9,412.45,73,3,一般用户
61219560,1,52,2246.19,712,5,一般用户
130540609,3,0,0.0,47,2,一般用户
135347247,1,1,10.0,2445,1,高价值核心用户
79362621,4,0,0.0,97,3,一般用户
80894940,1,1,146.12,63,1,高价值核心用户
61754447,1,0,0.0,649,1,高价值核心用户
85004126,1,4,244.66,166,1,高价值核心用户
85164456,1,310,7482.37,1597,0,一般用户
99383284,1,1,177.73,165,1,高价值核心用户
100014060,1,2,316.17,502,1,高价值核心用户
69696698,1,63,2124.85,1096,5,一般用户
102649446,3,1,10.0,239,2,一般用户
103291357,1,0,0.0,389,1,高价值核心用户
103585097,1,4,483.58,689,1,高价值核心用户
76755997,1,8,924.0,183,1,高价值核心用户
137154848,9,1,176.32,171,3,一般用户
88865653,1,36,2503.35,1043,5,一般用户
85862488,1,9,389.62,1592,1,高价值核心用户
13874122,1,1,151.82,837,1,高价值核心用户
105460457,1,163,4265.87,1147,5,一般用户
139896291,1,0,0.0,322,1,高价值核心用户
141003659,1,0,0.0,608,1,高价值核心用户
91056578,1,0,0.0,253,1,高价值核心用户
95126179,2,74,3571.36,504,5,一般用户
108129951,1,3,305.83,1397,1,高价值核心用户
15473588,1,3,273.78,522,1,高价值核心用户
90532631,1,0,0.0,36,1,高价值核心用户
91595746,3,9,665.6,115,2,一般用户
94828459,1,0,0.0,52,1,高价值核心用户
100109755,1,23,1245.33,572,1,高价值核心用户
92999201,1,33,2313.14,422,5,一般用户
93221058,1,24,1703.45,817,1,高价值核心用户
19145056,2,77,3314.03,665,5,一般用户
100111500,1,0,0.0,63,1,高价值核心用户
101388354,10,0,0.0,157,3,一般用户
108673661,1,0,0.0,651,1,高价值核心用户
105089571,1,35,1354.61,336,1,高价值核心用户
25952339,3,0,0.0,328,2,一般用户
106821106,4,0,0.0,52,3,一般用户
109714912,2,66,3156.88,878,5,一般用户
109919014,31,0,0.0,85,3,一般用户
97221179,1,209,6046.84,1114,0,一般用户
110561108,3,1,94.99,572,2,一般用户
45986000,4,7,803.12,28,3,一般用户
49452583,1,2,194.96,1155,1,高价值核心用户
113410981,2,5,540.98,132,2,一般用户
111236021,1,2,140.06,242,1,高价值核心用户
113674227,1,16,1848.79,503,1,高价值核心用户
117551753,2,0,0.0,54,2,一般用户
123066341,1,232,9294.43,666,0,一般用户
53527205,17,0,0.0,17,3,一般用户
53687535,1,18,1220.99,947,1,高价值核心用户
11589162,1,1,124.9,393,1,高价值核心用户
124716557,5,1,165.75,144,3,一般用户
116421782,2,43,1441.77,460,2,一般用户
12850436,3,1,103.88,275,2,一般用户
97181356,1,3,108.94,1408,1,高价值核心用户
100559064,15,2,20.03,90,3,一般用户
104200605,1,6,667.07,115,1,高价值核心用户
130844739,1,4,289.13,1433,1,高价值核心用户
104884471,1,3,183.68,209,1,高价值核心用户
54465497,11,0,0.0,70,3,一般用户
66538937,5,9,375.28,210,3,一般用户
105632814,3,0,0.0,74,2,一般用户
11774110,1,1,107.77,438,1,高价值核心用户
112503956,1,3,303.47,456,1,高价值核心用户
71406451,1,140,3064.48,1980,5,一般用户
122920831,1,0,0.0,201,1,高价值核心用户
117888464,1,3,323.96,474,1,高价值核心用户
126385619,1,0,0.0,136,1,高价值核心用户
13096088,1,2,379.22,424,1,高价值核心用户
117956367,2,0,0.0,350,2,一般用户
131310532,1,5,237.25,237,1,高价值核心用户
131096833,1,9,861.72,112,1,高价值核心用户
131112654,1,46,3227.79,528,5,一般用户
130499060,1,5,471.38,2537,1,高价值核心用户
138108608,3,4,622.35,114,2,一般用户
138161959,1,7,740.6,200,1,高价值核心用户
139174569,1,1,25.64,340,1,高价值核心用户
138153893,1,1,85.15,346,1,高价值核心用户
77528409,2,2,356.01,646,2,一般用户
17635361,1,21,2394.26,1132,5,一般用户
142306250,2,2,135.62,624,2,一般用户
78462766,1,47,2372.0,297,5,一般用户
79702699,1,81,1931.52,496,5,一般用户
16112876,1,2,213.36,361,1,高价值核心用户
8205078,1,6,690.01,2124,1,高价值核心用户
20148247,2,78,4721.43,460,5,一般用户
16423734,1,2,198.06,1200,1,高价值核心用户
25375727,2,3,366.28,201,2,一般用户
136916020,1,0,0.0,252,1,高价值核心用户
26842247,2,0,0.0,172,2,一般用户
14621752,3,7,942.3,527,2,一般用户
29511444,1,43,2611.37,1154,5,一般用户
14759347,1,0,0.0,451,1,高价值核心用户
20307844,4,0,0.0,221,3,一般用户
24580657,1,28,1005.7,665,1,高价值核心用户
84560900,17,0,0.0,39,3,一般用户
86328155,12,2,10.0,20,3,一般用户
87409081,1,15,797.08,183,1,高价值核心用户
21984163,10,0,0.0,105,3,一般用户
22082857,1,0,0.0,291,1,高价值核心用户
87876065,1,2,225.3,320,1,高价值核心用户
32473312,1,8,875.85,130,1,高价值核心用户
4231989,1,1,47.06,490,1,高价值核心用户
28969349,2,3,187.6,143,2,一般用户
88143584,1,3,435.85,569,1,高价值核心用户
24869620,13,1,98.0,14,3,一般用户
26764288,1,3,486.65,257,1,高价值核心用户
2950136,1,83,5025.96,586,5,一般用户
47128004,1,53,2039.51,370,5,一般用户
31979461,1,129,5785.16,343,0,一般用户
3792677,1,0,0.0,378,1,高价值核心用户
32562124,1,0,0.0,126,1,高价值核心用户
88513390,5,49,3488.96,1569,3,一般用户
55889877,1,1,106.55,646,1,高价值核心用户
33315048,1,24,603.44,674,1,高价值核心用户
45206837,1,12,1010.45,160,1,高价值核心用户
47679514,7,1,99.27,183,3,一般用户
53916276,1,63,5812.69,1735,5,一般用户
56367782,2,1,154.9,543,2,一般用户
36247777,1,1,178.04,138,1,高价值核心用户
36593288,1,304,5035.31,3707,0,一般用户
57475934,2,3,197.11,351,2,一般用户
69037610,2,24,1752.15,456,2,一般用户
91424888,6,0,0.0,286,3,一般用户
74232355,1,150,8363.51,951,0,一般用户
92681347,1,1,18.97,630,1,高价值核心用户
95011439,1,0,0.0,297,1,高价值核心用户
56970308,23,0,0.0,91,3,一般用户
77844326,1,0,0.0,129,1,高价值核心用户
5778458,1,81,3951.83,871,5,一般用户
83823786,2,0,0.0,84,2,一般用户
83975368,2,1,10.0,16,2,一般用户
85053429,1,1,98.92,696,1,高价值核心用户
60890401,1,1,127.72,210,1,高价值核心用户
90690816,2,63,1802.45,1530,2,一般用户
39379065,1,5,704.76,685,1,高价值核心用户
61975328,2,0,0.0,396,2,一般用户
96838576,2,45,2037.02,1027,2,一般用户
100154665,1,0,0.0,194,1,高价值核心用户
51703365,1,0,0.0,284,1,高价值核心用户
113285889,1,0,0.0,685,1,高价值核心用户
92139213,5,16,1130.48,101,3,一般用户
53568053,1,21,1973.89,1387,1,高价值核心用户
96234838,1,29,1525.81,486,1,高价值核心用户
114211505,1,5,899.41,1192,1,高价值核心用户
99877834,3,0,0.0,269,2,一般用户
11010595,4,0,0.0,40,3,一般用户
110278377,1,2,300.34,1116,1,高价值核心用户
66592633,1,2,152.41,728,1,高价值核心用户
119092054,3,0,0.0,176,2,一般用户
12012359,1,1,80.08,262,1,高价值核心用户
113278851,1,19,683.81,340,1,高价值核心用户
125313573,2,0,0.0,291,2,一般用户
67168345,1,83,3689.76,2178,5,一般用户
116936170,1,0,0.0,517,1,高价值核心用户
16330947,1,0,0.0,251,1,高价值核心用户
1834928,1,1,141.76,779,1,高价值核心用户
12055347,5,469,13446.49,2742,6,一般用户
19277570,2,107,3473.16,1904,5,一般用户
70876649,1,50,1981.64,3376,5,一般用户
122913404,3,5,458.38,46,2,一般用户
127316852,1,0,0.0,153,1,高价值核心用户
13154544,9,0,0.0,58,3,一般用户
133541311,1,7,437.94,268,1,高价值核心用户
137120980,1,0,0.0,214,1,高价值核心用户
137996912,1,0,0.0,858,1,高价值核心用户
23218973,3,4,419.56,168,2,一般用户
24690079,1,111,4433.03,771,5,一般用户
17286111,5,3,395.42,196,3,一般用户
305685,2,8,496.73,74,2,一般用户
32349430,4,0,0.0,110,3,一般用户
36339188,1,5,444.38,1405,1,高价值核心用户
25778057,1,1,10.43,1104,1,高价值核心用户
7363107,3,0,0.0,188,2,一般用户
27499498,1,134,5158.06,866,0,一般用户
75187413,3,1,98.92,363,2,一般用户
37648682,2,149,3916.24,3061,5,一般用户
80112220,1,119,4863.45,574,5,一般用户
29876306,2,2,162.11,270,2,一般用户
80775941,1,97,4213.26,4196,5,一般用户
40358819,1,1,143.11,77,1,高价值核心用户
4445837,2,1,117.13,247,2,一般用户
46716857,2,2,142.3,24,2,一般用户
56481977,1,1,217.25,911,1,高价值核心用户
59317386,16,0,0.0,69,3,一般用户
70753307,7,0,0.0,35,3,一般用户
70891589,1,37,3363.89,2050,5,一般用户
42248597,1,0,0.0,102,1,高价值核心用户
42879294,1,0,0.0,464,1,高价值核心用户
44154986,1,82,3322.63,1340,5,一般用户
7094594,1,0,0.0,656,1,高价值核心用户
83934219,7,36,2483.58,444,3,一般用户
85053285,1,5,98.45,352,1,高价值核心用户
82335494,3,32,2042.66,1036,2,一般用户
86075690,7,16,695.19,178,3,一般用户
55219760,1,11,540.41,119,1,高价值核心用户
87385056,1,1,408.22,643,1,高价值核心用户
58559704,1,49,1740.31,614,5,一般用户
59660896,1,1,165.08,1159,1,高价值核心用户
91557809,1,347,17303.45,830,6,一般用户
83055904,1,0,0.0,60,1,高价值核心用户
83449637,2,0,0.0,191,2,一般用户
9639120,1,24,1467.75,2669,1,高价值核心用户
63176270,1,7,654.27,1861,1,高价值核心用户
97874651,1,4,208.95,159,1,高价值核心用户
102929664,1,0,0.0,119,1,高价值核心用户
10539406,3,29,848.26,1260,2,一般用户
108039936,1,1,10.0,1012,1,高价值核心用户
67849399,1,146,6338.16,2713,0,一般用户
108427185,1,0,0.0,518,1,高价值核心用户
11966763,1,35,1478.04,981,1,高价值核心用户
122459019,1,82,4488.85,782,5,一般用户
68210335,1,10,831.59,386,1,高价值核心用户
123746892,15,0,0.0,19,3,一般用户
127795742,2,53,2558.01,631,5,一般用户
69240582,1,0,0.0,100,1,高价值核心用户
73525659,2,4,348.24,344,2,一般用户
129258298,1,0,0.0,28,1,高价值核心用户
74648625,3,0,0.0,83,2,一般用户
132203237,1,107,5110.89,2169,5,一般用户
85064035,1,0,0.0,23,1,高价值核心用户
92004075,2,3,110.04,137,2,一般用户
132700623,5,2,59.86,308,3,一般用户
136957532,3,1,176.32,77,2,一般用户
137092015,1,1,66.93,58,1,高价值核心用户
14012650,1,4,595.05,817,1,高价值核心用户
19321866,12,0,0.0,29,3,一般用户
21906850,2,1,165.0,240,2,一般用户
24811681,1,22,859.22,376,1,高价值核心用户
2502524,1,2,268.46,1947,1,高价值核心用户
25438815,2,40,1373.8,436,2,一般用户
27601431,1,33,1870.89,667,5,一般用户
27736230,1,37,2511.66,678,5,一般用户
28226509,1,9,758.72,665,1,高价值核心用户
28722407,1,5,526.18,760,1,高价值核心用户
30439138,4,1,10.0,126,3,一般用户
30506808,1,2,107.91,147,1,高价值核心用户
34163245,1,494,9910.23,1888,6,一般用户
34166947,2,2,273.54,610,2,一般用户
35534976,2,1,243.67,192,2,一般用户
37844114,1,1,217.25,1201,1,高价值核心用户
37995555,1,37,2349.53,979,5,一般用户
41774315,2,2,107.77,241,2,一般用户
4286657,1,7,1080.48,550,1,高价值核心用户
42924297,4,0,0.0,78,3,一般用户
47710892,1,0,0.0,162,1,高价值核心用户
4922072,2,2,170.79,228,2,一般用户
65886056,1,6,250.69,287,1,高价值核心用户
66275550,1,7,462.91,1104,1,高价值核心用户
71238931,1,954,14520.73,5134,6,一般用户
73663591,1,0,0.0,85,1,高价值核心用户
74921795,2,0,0.0,104,2,一般用户
76049101,1,0,0.0,100,1,高价值核心用户
80264762,1,39,1893.11,938,5,一般用户
82169054,5,0,0.0,239,3,一般用户
83584379,1,2,98.67,559,1,高价值核心用户
87634750,2,0,0.0,238,2,一般用户
93232888,1,112,3575.15,1446,5,一般用户
95161544,1,2,160.39,239,1,高价值核心用户
97265174,4,0,0.0,23,3,一般用户
118994463,24,0,0.0,8,3,一般用户
1128799,8,0,0.0,10,3,一般用户
57954612,1,0,0.0,6,1,高价值核心用户
92362479,12,0,0.0,5,3,一般用户
67735668,7,0,0.0,6,3,一般用户
82252219,10,0,0.0,1,3,一般用户
37817890,3,0,0.0,5,2,一般用户
26140958,22,0,0.0,6,3,一般用户
89545247,6,0,0.0,9,3,一般用户
121886720,3,0,0.0,4,2,一般用户
134462614,1,0,0.0,7,1,高价值核心用户
45881494,8,0,0.0,5,3,一般用户
112915307,14,0,0.0,2,3,一般用户
51065301,9,0,0.0,6,3,一般用户
50208513,2,1,52.05,7,2,一般用户
113043990,10,0,0.0,9,3,一般用户
106291812,5,1,10.0,8,3,一般用户
118767149,1,0,0.0,6,1,高价值核心用户
97451733,19,0,0.0,18,3,一般用户
76679100,8,0,0.0,4,3,一般用户
89492416,1,0,0.0,2,1,高价值核心用户
46448251,31,0,0.0,3,3,一般用户
80781148,1,1,188.26,11,1,高价值核心用户
59283998,29,0,0.0,4,3,一般用户
64494141,4,0,0.0,22,3,一般用户
59172718,4,0,0.0,8,3,一般用户
1419642,24,0,0.0,2,3,一般用户
38846318,5,0,0.0,4,3,一般用户
40551843,1,0,0.0,5,1,高价值核心用户
44985159,7,0,0.0,16,3,一般用户
64161722,4,0,0.0,5,3,一般用户
121079854,18,0,0.0,2,3,一般用户
73183735,3,0,0.0,19,2,一般用户
88574383,14,0,0.0,9,3,一般用户
102414182,17,0,0.0,7,3,一般用户
11889914,2,2,189.93,10,2,一般用户
6957110,5,0,0.0,4,3,一般用户
35168420,9,0,0.0,2,3,一般用户
102036949,24,0,0.0,5,3,一般用户
75184801,25,1,271.61,7,3,一般用户
41731853,8,0,0.0,6,3,一般用户
68071856,22,2,76.08,6,3,一般用户
66878548,12,0,0.0,4,3,一般用户
85652357,7,0,0.0,2,3,一般用户
36394520,4,0,0.0,7,3,一般用户
96293030,14,0,0.0,6,3,一般用户
41219954,20,0,0.0,2,3,一般用户
86458054,28,0,0.0,3,3,一般用户
47321502,1,0,0.0,5,1,高价值核心用户
35935190,8,0,0.0,1,3,一般用户
25034174,30,0,0.0,1,3,一般用户
5719706,3,0,0.0,3,2,一般用户
126412579,19,0,0.0,3,3,一般用户
19818801,27,0,0.0,1,3,一般用户
12947756,22,0,0.0,1,3,一般用户
